ROW_ID,reconstruction_error,is_high_error,relative_error_pct
1,0.525834,False,19.07
2,0.56134,False,20.36
3,0.518066,False,18.79
4,0.685155,False,24.85
5,0.597716,False,21.68
6,0.595919,False,21.62
7,0.585789,False,21.25
8,0.603541,False,21.89
9,0.536632,False,19.47
10,0.561978,False,20.38
11,0.509677,False,18.49
12,0.498205,False,18.07
13,0.503514,False,18.26
14,0.531383,False,19.27
15,0.471458,False,17.1
16,0.511281,False,18.55
17,0.495523,False,17.97
18,0.478233,False,17.35
19,0.451197,False,16.37
20,0.42392,False,15.38
21,0.447154,False,16.22
22,0.40964,False,14.86
23,0.420193,False,15.24
24,0.402774,False,14.61
25,0.395976,False,14.36
26,0.437744,False,15.88
27,0.38409,False,13.93
28,0.375183,False,13.61
29,0.448084,False,16.25
30,0.404327,False,14.67
31,0.466157,False,16.91
32,0.37937,False,13.76
33,0.365486,False,13.26
34,0.413695,False,15.01
35,0.404008,False,14.65
36,0.391194,False,14.19
37,0.410917,False,14.91
38,0.380243,False,13.79
39,0.458671,False,16.64
40,0.414748,False,15.04
41,0.374685,False,13.59
42,0.393755,False,14.28
43,0.494739,False,17.95
44,0.505311,False,18.33
45,0.530069,False,19.23
46,0.532422,False,19.31
47,0.431818,False,15.66
48,0.431721,False,15.66
49,0.428685,False,15.55
50,0.421373,False,15.28
51,0.418537,False,15.18
52,0.493327,False,17.89
53,0.461776,False,16.75
54,0.450886,False,16.35
55,0.435662,False,15.8
56,0.403272,False,14.63
57,0.38493,False,13.96
58,0.420641,False,15.26
59,0.410291,False,14.88
60,0.387844,False,14.07
61,0.401305,False,14.56
62,0.359286,False,13.03
63,0.40511,False,14.69
64,0.404093,False,14.66
65,0.366894,False,13.31
66,0.385832,False,14.0
67,0.40816,False,14.81
68,0.38117,False,13.83
69,0.381741,False,13.85
70,0.427599,False,15.51
71,0.391769,False,14.21
72,0.378367,False,13.72
73,0.378787,False,13.74
74,0.386,False,14.0
75,0.378613,False,13.73
76,0.343299,False,12.45
77,0.364342,False,13.22
78,0.348531,False,12.64
79,0.354474,False,12.86
80,0.352435,False,12.78
81,0.370428,False,13.44
82,0.480899,False,17.44
83,0.355921,False,12.91
84,0.502175,False,18.22
85,0.420745,False,15.26
86,0.41767,False,15.15
87,0.399731,False,14.5
88,0.420332,False,15.25
89,0.44794,False,16.25
90,0.441871,False,16.03
91,0.454423,False,16.48
92,0.382471,False,13.87
93,0.464054,False,16.83
94,0.434653,False,15.77
95,0.414908,False,15.05
96,0.446506,False,16.2
97,0.446312,False,16.19
98,0.496949,False,18.03
99,0.497368,False,18.04
100,0.566277,False,20.54
101,0.471524,False,17.1
102,0.426475,False,15.47
103,0.451658,False,16.38
104,0.416983,False,15.13
105,0.454542,False,16.49
106,0.418059,False,15.16
107,0.465901,False,16.9
108,0.407547,False,14.78
109,0.39018,False,14.15
110,0.401867,False,14.58
111,0.381704,False,13.85
112,0.463644,False,16.82
113,0.389253,False,14.12
114,0.3645,False,13.22
115,0.38315,False,13.9
116,0.355643,False,12.9
117,0.524288,False,19.02
118,0.419058,False,15.2
119,0.401185,False,14.55
120,0.380478,False,13.8
121,0.455456,False,16.52
122,0.344279,False,12.49
123,0.333802,False,12.11
124,0.357902,False,12.98
125,0.351428,False,12.75
126,0.325047,False,11.79
127,0.320777,False,11.64
128,0.344936,False,12.51
129,0.327917,False,11.89
130,0.345377,False,12.53
131,0.322592,False,11.7
132,0.350986,False,12.73
133,0.386665,False,14.03
134,0.326647,False,11.85
135,0.330952,False,12.0
136,0.413228,False,14.99
137,0.446275,False,16.19
138,0.43643,False,15.83
139,0.456048,False,16.54
140,0.455399,False,16.52
141,0.545911,False,19.8
142,0.482638,False,17.51
143,0.472355,False,17.13
144,0.473783,False,17.19
145,0.494637,False,17.94
146,0.474462,False,17.21
147,0.461218,False,16.73
148,0.482904,False,17.52
149,0.499226,False,18.11
150,0.458125,False,16.62
151,0.447605,False,16.24
152,0.600915,False,21.8
153,0.697673,False,25.31
154,0.6466,False,23.45
155,0.52266,False,18.96
156,0.451841,False,16.39
157,0.440494,False,15.98
158,0.428297,False,15.54
159,0.462824,False,16.79
160,0.404738,False,14.68
161,0.489267,False,17.75
162,0.414961,False,15.05
163,0.433829,False,15.74
164,0.380824,False,13.81
165,0.37242,False,13.51
166,0.44723,False,16.22
167,0.392889,False,14.25
168,0.406973,False,14.76
169,0.364647,False,13.23
170,0.430432,False,15.61
171,0.3561,False,12.92
172,0.374745,False,13.59
173,0.415612,False,15.08
174,0.382597,False,13.88
175,0.369602,False,13.41
176,0.46689,False,16.94
177,0.391215,False,14.19
178,0.354212,False,12.85
179,0.468129,False,16.98
180,0.370909,False,13.45
181,0.89845,False,32.59
182,0.879645,False,31.91
183,0.920554,False,33.39
184,0.951424,True,34.51
185,0.946412,True,34.33
186,0.909474,False,32.99
187,0.907052,False,32.9
188,0.902697,False,32.74
189,0.92653,False,33.61
190,0.961161,True,34.86
191,1.011259,True,36.68
192,1.416452,True,51.38
193,0.409063,False,14.84
194,0.398493,False,14.45
195,0.377119,False,13.68
196,0.455484,False,16.52
197,0.475567,False,17.25
198,0.366519,False,13.29
199,0.37119,False,13.46
200,0.357174,False,12.96
201,0.377316,False,13.69
202,0.307733,False,11.16
203,0.328891,False,11.93
204,0.323314,False,11.73
205,0.395249,False,14.34
206,0.300767,False,10.91
207,0.245501,False,8.91
208,0.48525,False,17.6
209,0.484716,False,17.58
210,0.485867,False,17.62
211,0.421334,False,15.28
212,0.412385,False,14.96
213,0.429948,False,15.6
214,0.397124,False,14.4
215,0.390693,False,14.17
216,0.389855,False,14.14
217,0.427718,False,15.51
218,0.389664,False,14.13
219,0.371373,False,13.47
220,0.365321,False,13.25
221,0.357486,False,12.97
222,0.344543,False,12.5
223,0.364403,False,13.22
224,0.34429,False,12.49
225,0.338699,False,12.29
226,0.447192,False,16.22
227,0.408348,False,14.81
228,0.349617,False,12.68
229,0.3405,False,12.35
230,0.411612,False,14.93
231,0.350233,False,12.7
232,0.442941,False,16.07
233,0.449374,False,16.3
234,0.40609,False,14.73
235,0.414996,False,15.05
236,0.429451,False,15.58
237,0.428375,False,15.54
238,0.451318,False,16.37
239,0.583201,False,21.15
240,0.554346,False,20.11
241,0.4372,False,15.86
242,0.41666,False,15.11
243,0.535221,False,19.41
244,0.421772,False,15.3
245,0.842174,False,30.55
246,0.836182,False,30.33
247,0.715726,False,25.96
248,0.582012,False,21.11
249,0.588447,False,21.34
250,0.58134,False,21.09
251,1.367791,True,49.61
252,0.587417,False,21.31
253,0.593392,False,21.52
254,0.572857,False,20.78
255,0.601211,False,21.81
256,0.598873,False,21.72
257,0.593436,False,21.53
258,0.518413,False,18.8
259,0.611491,False,22.18
260,0.606348,False,21.99
261,0.468629,False,17.0
262,0.446846,False,16.21
263,0.436565,False,15.84
264,0.475147,False,17.23
265,0.519953,False,18.86
266,0.466351,False,16.92
267,0.455924,False,16.54
268,0.427028,False,15.49
269,0.423172,False,15.35
270,0.421844,False,15.3
271,0.420654,False,15.26
272,0.407421,False,14.78
273,0.436402,False,15.83
274,0.436369,False,15.83
275,0.417253,False,15.13
276,0.45072,False,16.35
277,0.384451,False,13.95
278,0.396478,False,14.38
279,0.383681,False,13.92
280,0.416576,False,15.11
281,0.380582,False,13.8
282,0.406043,False,14.73
283,0.397576,False,14.42
284,0.414817,False,15.05
285,0.410096,False,14.88
286,0.398644,False,14.46
287,0.387769,False,14.07
288,0.472492,False,17.14
289,0.418536,False,15.18
290,0.796159,False,28.88
291,0.795269,False,28.85
292,0.801772,False,29.08
293,0.629976,False,22.85
294,0.637908,False,23.14
295,0.66431,False,24.1
296,0.625054,False,22.67
297,0.665123,False,24.13
298,0.605318,False,21.96
299,0.619462,False,22.47
300,0.606077,False,21.98
301,0.602337,False,21.85
302,0.608588,False,22.08
303,0.595813,False,21.61
304,0.588495,False,21.35
305,0.586405,False,21.27
306,0.591532,False,21.46
307,0.594948,False,21.58
308,0.584878,False,21.22
309,0.597938,False,21.69
310,0.584789,False,21.21
311,0.587146,False,21.3
312,0.598947,False,21.73
313,0.588595,False,21.35
314,0.609772,False,22.12
315,0.640018,False,23.22
316,0.641235,False,23.26
317,0.619052,False,22.45
318,0.613035,False,22.24
319,0.604526,False,21.93
320,0.601633,False,21.82
321,0.603406,False,21.89
322,0.253947,False,9.21
323,0.373352,False,13.54
324,0.245145,False,8.89
325,0.416806,False,15.12
326,0.420122,False,15.24
327,0.325212,False,11.8
328,0.323392,False,11.73
329,0.306289,False,11.11
330,0.310644,False,11.27
331,0.290275,False,10.53
332,0.269854,False,9.79
333,0.282809,False,10.26
334,0.26426,False,9.59
335,0.280158,False,10.16
336,0.289257,False,10.49
337,0.273493,False,9.92
338,0.333628,False,12.1
339,0.226541,False,8.22
340,0.369531,False,13.4
341,0.214217,False,7.77
342,0.223452,False,8.11
343,0.23473,False,8.51
344,0.223713,False,8.11
345,0.249697,False,9.06
346,0.205552,False,7.46
347,0.202851,False,7.36
348,0.305758,False,11.09
349,0.224313,False,8.14
350,0.224581,False,8.15
351,0.210204,False,7.62
352,0.23102,False,8.38
353,0.270596,False,9.82
354,0.227318,False,8.25
355,0.25238,False,9.15
356,0.29171,False,10.58
357,0.355324,False,12.89
358,0.328663,False,11.92
359,0.251564,False,9.12
360,0.337892,False,12.26
361,0.272187,False,9.87
362,0.253628,False,9.2
363,0.255684,False,9.27
364,0.306356,False,11.11
365,0.285638,False,10.36
366,0.425169,False,15.42
367,0.291588,False,10.58
368,0.263655,False,9.56
369,0.27508,False,9.98
370,0.309603,False,11.23
371,0.346727,False,12.58
372,0.318673,False,11.56
373,0.405598,False,14.71
374,0.300104,False,10.89
375,0.291303,False,10.57
376,0.289476,False,10.5
377,0.303101,False,10.99
378,0.371257,False,13.47
379,0.28843,False,10.46
380,0.307422,False,11.15
381,0.301261,False,10.93
382,0.519928,False,18.86
383,0.34811,False,12.63
384,0.452801,False,16.42
385,0.442534,False,16.05
386,0.445408,False,16.16
387,1.123001,True,40.73
388,0.655701,False,23.78
389,0.72003,False,26.12
390,0.682087,False,24.74
391,0.634869,False,23.03
392,0.708061,False,25.68
393,0.691302,False,25.08
394,0.671917,False,24.37
395,0.667408,False,24.21
396,0.643545,False,23.34
397,0.6433,False,23.33
398,0.648044,False,23.51
399,0.523703,False,19.0
400,0.571811,False,20.74
401,0.553595,False,20.08
402,0.699109,False,25.36
403,0.64344,False,23.34
404,0.660596,False,23.96
405,0.654165,False,23.73
406,0.660858,False,23.97
407,0.636833,False,23.1
408,0.63005,False,22.85
409,0.610808,False,22.16
410,0.638142,False,23.15
411,0.634073,False,23.0
412,0.601775,False,21.83
413,0.581307,False,21.09
414,0.594924,False,21.58
415,0.587635,False,21.32
416,0.579344,False,21.01
417,0.58073,False,21.06
418,0.571511,False,20.73
419,0.580382,False,21.05
420,0.571307,False,20.72
421,0.64978,False,23.57
422,0.664108,False,24.09
423,0.558842,False,20.27
424,0.570635,False,20.7
425,0.532888,False,19.33
426,0.587944,False,21.33
427,0.57069,False,20.7
428,0.575617,False,20.88
429,0.519137,False,18.83
430,0.511276,False,18.55
431,0.545958,False,19.8
432,0.5251,False,19.05
433,0.531095,False,19.26
434,0.526692,False,19.1
435,0.462344,False,16.77
436,0.452619,False,16.42
437,0.477579,False,17.32
438,0.44226,False,16.04
439,0.467115,False,16.94
440,0.428957,False,15.56
441,0.404337,False,14.67
442,0.461477,False,16.74
443,0.408648,False,14.82
444,0.393565,False,14.28
445,0.515846,False,18.71
446,0.368976,False,13.38
447,0.36479,False,13.23
448,0.356611,False,12.94
449,0.344682,False,12.5
450,0.345497,False,12.53
451,0.341287,False,12.38
452,0.333591,False,12.1
453,0.321243,False,11.65
454,0.323236,False,11.72
455,0.31806,False,11.54
456,0.305938,False,11.1
457,0.315809,False,11.46
458,0.325858,False,11.82
459,0.28762,False,10.43
460,0.303162,False,11.0
461,0.401123,False,14.55
462,0.319379,False,11.58
463,0.287379,False,10.42
464,0.414492,False,15.03
465,0.33343,False,12.09
466,0.285943,False,10.37
467,0.331854,False,12.04
468,0.300474,False,10.9
469,0.374687,False,13.59
470,0.350068,False,12.7
471,0.358693,False,13.01
472,0.405518,False,14.71
473,0.362111,False,13.13
474,0.363187,False,13.17
475,0.375125,False,13.61
476,0.354975,False,12.88
477,0.341056,False,12.37
478,0.372195,False,13.5
479,0.373659,False,13.55
480,0.379814,False,13.78
481,0.387911,False,14.07
482,0.369255,False,13.39
483,0.405792,False,14.72
484,0.405299,False,14.7
485,0.380434,False,13.8
486,0.502725,False,18.24
487,0.810571,False,29.4
488,0.775877,False,28.14
489,0.854694,False,31.0
490,0.721456,False,26.17
491,0.708464,False,25.7
492,0.712437,False,25.84
493,0.690899,False,25.06
494,0.669559,False,24.29
495,0.730541,False,26.5
496,0.689481,False,25.01
497,0.626834,False,22.74
498,0.62244,False,22.58
499,0.631893,False,22.92
500,0.629923,False,22.85
501,0.612848,False,22.23
502,0.598942,False,21.73
503,0.59596,False,21.62
504,0.603261,False,21.88
505,0.62088,False,22.52
506,0.610284,False,22.14
507,0.611145,False,22.17
508,0.730218,False,26.49
509,0.642219,False,23.3
510,0.642802,False,23.32
511,0.658959,False,23.9
512,0.697469,False,25.3
513,0.649973,False,23.58
514,0.693399,False,25.15
515,0.742914,False,26.95
516,0.686162,False,24.89
517,0.701732,False,25.45
518,0.711752,False,25.82
519,0.76794,False,27.86
520,0.796027,False,28.87
521,1.416184,True,51.37
522,0.859097,False,31.16
523,0.806147,False,29.24
524,0.951696,True,34.52
525,0.847519,False,30.74
526,0.82741,False,30.01
527,0.77441,False,28.09
528,0.775353,False,28.12
529,0.761563,False,27.62
530,0.812404,False,29.47
531,0.751029,False,27.24
532,0.774326,False,28.09
533,0.733444,False,26.6
534,0.75093,False,27.24
535,0.776708,False,28.17
536,0.740385,False,26.86
537,0.738115,False,26.77
538,0.710032,False,25.75
539,0.755802,False,27.42
540,0.703537,False,25.52
541,0.707028,False,25.65
542,0.723343,False,26.24
543,0.756606,False,27.44
544,0.721978,False,26.19
545,0.782879,False,28.4
546,0.688483,False,24.97
547,0.821392,False,29.79
548,0.704553,False,25.56
549,0.715963,False,25.97
550,0.70353,False,25.52
551,0.692838,False,25.13
552,0.790007,False,28.66
553,0.694171,False,25.18
554,0.690647,False,25.05
555,0.695074,False,25.21
556,0.744807,False,27.02
557,0.691365,False,25.08
558,0.708542,False,25.7
559,0.696837,False,25.28
560,0.71444,False,25.91
561,0.712792,False,25.86
562,0.771419,False,27.98
563,0.710098,False,25.76
564,0.736605,False,26.72
565,0.715169,False,25.94
566,0.707275,False,25.65
567,0.724646,False,26.28
568,0.723034,False,26.23
569,0.732048,False,26.55
570,0.725858,False,26.33
571,0.738072,False,26.77
572,0.71975,False,26.11
573,0.81029,False,29.39
574,0.737635,False,26.76
575,0.722313,False,26.2
576,0.79949,False,29.0
577,0.78767,False,28.57
578,0.796301,False,28.88
579,0.822829,False,29.85
580,0.787452,False,28.56
581,1.033038,True,37.47
582,1.027105,True,37.26
583,1.041197,True,37.77
584,1.037617,True,37.64
585,1.02227,True,37.08
586,1.034327,True,37.52
587,1.091094,True,39.58
588,1.490496,True,54.06
589,1.111803,True,40.33
590,1.088179,True,39.47
591,1.113674,True,40.4
592,1.119469,True,40.61
593,1.108843,True,40.22
594,1.633076,True,59.24
595,0.332053,False,12.04
596,0.331963,False,12.04
597,0.374445,False,13.58
598,0.462374,False,16.77
599,0.469393,False,17.03
600,0.415253,False,15.06
601,0.377487,False,13.69
602,0.421145,False,15.28
603,0.332435,False,12.06
604,0.356532,False,12.93
605,0.307047,False,11.14
606,0.319392,False,11.59
607,0.292637,False,10.61
608,0.276467,False,10.03
609,0.259065,False,9.4
610,0.250857,False,9.1
611,0.259121,False,9.4
612,0.223124,False,8.09
613,0.256024,False,9.29
614,0.260478,False,9.45
615,0.206606,False,7.49
616,0.209722,False,7.61
617,0.200144,False,7.26
618,0.195433,False,7.09
619,0.266905,False,9.68
620,0.178744,False,6.48
621,0.175042,False,6.35
622,0.171528,False,6.22
623,0.194283,False,7.05
624,0.223613,False,8.11
625,0.181186,False,6.57
626,0.269945,False,9.79
627,0.175995,False,6.38
628,1.334601,True,48.41
629,0.205976,False,7.47
630,0.181809,False,6.59
631,0.307416,False,11.15
632,0.195505,False,7.09
633,0.233068,False,8.45
634,0.218662,False,7.93
635,0.219029,False,7.94
636,0.246514,False,8.94
637,0.34793,False,12.62
638,0.280792,False,10.19
639,0.296814,False,10.77
640,0.276044,False,10.01
641,0.3033,False,11.0
642,0.281958,False,10.23
643,0.337258,False,12.23
644,0.377559,False,13.7
645,0.355044,False,12.88
646,0.362173,False,13.14
647,0.470773,False,17.08
648,0.430258,False,15.61
649,0.421304,False,15.28
650,0.452045,False,16.4
651,0.48085,False,17.44
652,0.502299,False,18.22
653,0.503555,False,18.27
654,0.317717,False,11.52
655,0.34421,False,12.49
656,0.327827,False,11.89
657,0.403649,False,14.64
658,0.390555,False,14.17
659,0.301772,False,10.95
660,0.274249,False,9.95
661,0.278909,False,10.12
662,0.371935,False,13.49
663,0.319035,False,11.57
664,0.27017,False,9.8
665,0.316626,False,11.48
666,0.236023,False,8.56
667,0.246672,False,8.95
668,0.237239,False,8.61
669,0.235024,False,8.52
670,0.291027,False,10.56
671,0.400381,False,14.52
672,0.370292,False,13.43
673,0.226837,False,8.23
674,0.38828,False,14.08
675,0.255361,False,9.26
676,0.264132,False,9.58
677,0.258796,False,9.39
678,0.27682,False,10.04
679,0.321529,False,11.66
680,0.244436,False,8.87
681,0.329103,False,11.94
682,0.28713,False,10.42
683,0.340663,False,12.36
684,0.287239,False,10.42
685,0.323829,False,11.75
686,0.293109,False,10.63
687,0.30277,False,10.98
688,0.262569,False,9.52
689,0.263127,False,9.54
690,0.299085,False,10.85
691,0.334417,False,12.13
692,0.275646,False,10.0
693,0.254736,False,9.24
694,0.339459,False,12.31
695,0.289267,False,10.49
696,0.267587,False,9.71
697,0.285282,False,10.35
698,0.305041,False,11.06
699,0.313746,False,11.38
700,0.3209,False,11.64
701,0.300328,False,10.89
702,0.350297,False,12.71
703,0.373204,False,13.54
704,0.342812,False,12.43
705,0.433463,False,15.72
706,0.307926,False,11.17
707,0.334983,False,12.15
708,0.333175,False,12.09
709,0.327723,False,11.89
710,0.339755,False,12.32
711,0.391734,False,14.21
712,0.368345,False,13.36
713,0.431532,False,15.65
714,0.387264,False,14.05
715,0.44097,False,16.0
716,0.406188,False,14.73
717,0.390809,False,14.18
718,0.386832,False,14.03
719,0.467585,False,16.96
720,0.442874,False,16.06
721,0.403691,False,14.64
722,0.465264,False,16.88
723,0.433235,False,15.71
724,0.494749,False,17.95
725,0.492876,False,17.88
726,0.591572,False,21.46
727,0.587177,False,21.3
728,0.587438,False,21.31
729,0.648822,False,23.53
730,0.664915,False,24.12
731,0.585582,False,21.24
732,0.598968,False,21.73
733,0.569795,False,20.67
734,0.582545,False,21.13
735,0.575817,False,20.89
736,0.558083,False,20.24
737,0.551839,False,20.02
738,0.591704,False,21.46
739,0.561837,False,20.38
740,0.556489,False,20.19
741,0.536461,False,19.46
742,0.528994,False,19.19
743,0.515269,False,18.69
744,0.510739,False,18.53
745,0.504818,False,18.31
746,0.506549,False,18.37
747,0.50155,False,18.19
748,0.528591,False,19.17
749,0.621932,False,22.56
750,0.496584,False,18.01
751,0.622829,False,22.59
752,0.518384,False,18.8
753,0.513104,False,18.61
754,0.533534,False,19.35
755,0.544689,False,19.76
756,0.534377,False,19.38
757,0.544088,False,19.74
758,0.513299,False,18.62
759,0.561479,False,20.37
760,0.538405,False,19.53
761,0.561928,False,20.38
762,0.559078,False,20.28
763,0.608611,False,22.08
764,0.56938,False,20.65
765,0.582822,False,21.14
766,0.53793,False,19.51
767,0.598235,False,21.7
768,0.63661,False,23.09
769,0.614301,False,22.28
770,0.75776,False,27.49
771,0.570694,False,20.7
772,0.539757,False,19.58
773,0.553449,False,20.08
774,0.512352,False,18.58
775,0.498791,False,18.09
776,0.488756,False,17.73
777,0.483015,False,17.52
778,0.543909,False,19.73
779,0.529479,False,19.21
780,0.46988,False,17.04
781,0.461266,False,16.73
782,0.459664,False,16.67
783,0.468216,False,16.98
784,0.516586,False,18.74
785,0.446457,False,16.19
786,0.431986,False,15.67
787,0.509678,False,18.49
788,0.468765,False,17.0
789,0.524822,False,19.04
790,0.49212,False,17.85
791,0.459361,False,16.66
792,0.566634,False,20.55
793,0.494293,False,17.93
794,0.506647,False,18.38
795,0.410325,False,14.88
796,0.416125,False,15.09
797,0.487808,False,17.69
798,0.42755,False,15.51
799,0.556072,False,20.17
800,0.443816,False,16.1
801,0.472558,False,17.14
802,0.464481,False,16.85
803,0.46489,False,16.86
804,0.510129,False,18.5
805,0.483321,False,17.53
806,0.498847,False,18.09
807,0.504513,False,18.3
808,0.512565,False,18.59
809,0.459431,False,16.66
810,0.471224,False,17.09
811,0.476983,False,17.3
812,0.473851,False,17.19
813,0.520832,False,18.89
814,0.558846,False,20.27
815,0.505671,False,18.34
816,0.485671,False,17.62
817,0.543366,False,19.71
818,0.538846,False,19.55
819,0.611422,False,22.18
820,0.50467,False,18.31
821,0.552783,False,20.05
822,0.513362,False,18.62
823,0.539638,False,19.57
824,0.521629,False,18.92
825,0.592737,False,21.5
826,0.552726,False,20.05
827,0.58956,False,21.39
828,0.550333,False,19.96
829,0.601839,False,21.83
830,0.634276,False,23.01
831,0.729999,False,26.48
832,0.599694,False,21.75
833,0.696315,False,25.26
834,0.638416,False,23.16
835,0.645409,False,23.41
836,0.650515,False,23.6
837,0.614274,False,22.28
838,0.688806,False,24.98
839,0.394042,False,14.29
840,0.376042,False,13.64
841,0.345137,False,12.52
842,0.456721,False,16.57
843,0.444813,False,16.13
844,0.385563,False,13.99
845,0.373232,False,13.54
846,0.468402,False,16.99
847,0.322797,False,11.71
848,0.314584,False,11.41
849,0.302067,False,10.96
850,0.574147,False,20.83
851,0.55178,False,20.01
852,0.585036,False,21.22
853,0.51565,False,18.7
854,0.565874,False,20.53
855,0.518247,False,18.8
856,0.538116,False,19.52
857,0.507272,False,18.4
858,0.496084,False,17.99
859,0.512334,False,18.58
860,0.471993,False,17.12
861,0.458365,False,16.63
862,0.428293,False,15.54
863,0.420848,False,15.27
864,0.431483,False,15.65
865,0.463134,False,16.8
866,0.422182,False,15.31
867,0.418334,False,15.17
868,0.429674,False,15.59
869,0.384283,False,13.94
870,0.44672,False,16.2
871,0.373256,False,13.54
872,0.450764,False,16.35
873,0.365857,False,13.27
874,0.431333,False,15.65
875,0.415022,False,15.05
876,0.413933,False,15.01
877,0.415813,False,15.08
878,0.417724,False,15.15
879,0.429636,False,15.58
880,0.425101,False,15.42
881,0.4181,False,15.17
882,0.404563,False,14.67
883,0.406569,False,14.75
884,0.396556,False,14.38
885,0.418835,False,15.19
886,0.389739,False,14.14
887,0.389899,False,14.14
888,0.445621,False,16.16
889,0.387908,False,14.07
890,0.41579,False,15.08
891,0.466905,False,16.94
892,0.499519,False,18.12
893,0.440355,False,15.97
894,0.399006,False,14.47
895,0.398997,False,14.47
896,0.418291,False,15.17
897,0.410552,False,14.89
898,0.436533,False,15.83
899,0.454802,False,16.5
900,0.444034,False,16.11
901,0.509964,False,18.5
902,0.439141,False,15.93
903,0.431413,False,15.65
904,0.4566,False,16.56
905,0.436769,False,15.84
906,0.457647,False,16.6
907,0.462722,False,16.78
908,0.471802,False,17.11
909,0.467225,False,16.95
910,0.449746,False,16.31
911,0.458664,False,16.64
912,0.463107,False,16.8
913,0.573618,False,20.81
914,0.505123,False,18.32
915,0.471225,False,17.09
916,0.533499,False,19.35
917,0.518731,False,18.82
918,0.510073,False,18.5
919,0.506518,False,18.37
920,0.55385,False,20.09
921,0.512763,False,18.6
922,0.539803,False,19.58
923,0.53418,False,19.38
924,0.532499,False,19.32
925,0.504846,False,18.31
926,1.230447,True,44.63
927,0.533759,False,19.36
928,0.535281,False,19.42
929,0.535503,False,19.42
930,0.523012,False,18.97
931,0.532278,False,19.31
932,0.583077,False,21.15
933,0.586284,False,21.27
934,0.607688,False,22.04
935,0.560958,False,20.35
936,0.540396,False,19.6
937,0.543929,False,19.73
938,0.544105,False,19.74
939,0.538509,False,19.53
940,0.624556,False,22.65
941,0.564584,False,20.48
942,0.584394,False,21.2
943,0.557483,False,20.22
944,0.607584,False,22.04
945,0.575945,False,20.89
946,0.578618,False,20.99
947,0.456546,False,16.56
948,0.477784,False,17.33
949,0.470513,False,17.07
950,0.547608,False,19.86
951,0.543519,False,19.71
952,0.602857,False,21.87
953,0.522404,False,18.95
954,0.536545,False,19.46
955,0.549142,False,19.92
956,0.486853,False,17.66
957,0.573636,False,20.81
958,0.497092,False,18.03
959,0.508254,False,18.44
960,0.469518,False,17.03
961,0.48165,False,17.47
962,0.488463,False,17.72
963,0.542561,False,19.68
964,0.483723,False,17.55
965,0.491645,False,17.83
966,0.625114,False,22.67
967,0.477872,False,17.33
968,0.483235,False,17.53
969,0.496377,False,18.01
970,0.468483,False,16.99
971,0.453904,False,16.46
972,0.454354,False,16.48
973,0.442859,False,16.06
974,0.471296,False,17.1
975,0.468375,False,16.99
976,0.484384,False,17.57
977,0.425559,False,15.44
978,0.432909,False,15.7
979,0.61516,False,22.31
980,0.577175,False,20.94
981,0.415804,False,15.08
982,0.429448,False,15.58
983,0.41914,False,15.2
984,1.369144,True,49.66
985,0.701491,False,25.45
986,0.873211,False,31.67
987,0.697233,False,25.29
988,0.753138,False,27.32
989,0.661958,False,24.01
990,0.784248,False,28.45
991,0.534366,False,19.38
992,0.580508,False,21.06
993,0.574979,False,20.86
994,0.502006,False,18.21
995,0.482674,False,17.51
996,0.45763,False,16.6
997,0.546007,False,19.81
998,0.45123,False,16.37
999,0.44487,False,16.14
1000,0.460494,False,16.7
1001,0.435849,False,15.81
1002,0.50824,False,18.44
1003,0.533622,False,19.36
1004,0.410744,False,14.9
1005,0.432439,False,15.69
1006,0.406171,False,14.73
1007,0.421214,False,15.28
1008,0.405457,False,14.71
1009,0.459029,False,16.65
1010,0.406727,False,14.75
1011,0.402685,False,14.61
1012,0.436819,False,15.84
1013,0.453298,False,16.44
1014,0.428871,False,15.56
1015,0.443999,False,16.11
1016,0.419488,False,15.22
1017,0.42966,False,15.59
1018,0.458554,False,16.63
1019,0.421904,False,15.3
1020,0.450514,False,16.34
1021,0.417417,False,15.14
1022,0.414627,False,15.04
1023,0.581791,False,21.1
1024,0.58201,False,21.11
1025,0.846778,False,30.72
1026,0.678679,False,24.62
1027,0.674151,False,24.45
1028,0.666801,False,24.19
1029,0.669771,False,24.29
1030,0.664237,False,24.09
1031,0.652704,False,23.68
1032,0.661309,False,23.99
1033,0.688932,False,24.99
1034,0.634814,False,23.03
1035,0.666214,False,24.17
1036,0.625284,False,22.68
1037,0.639875,False,23.21
1038,0.720486,False,26.13
1039,0.694669,False,25.2
1040,0.612971,False,22.23
1041,0.623495,False,22.62
1042,0.688598,False,24.98
1043,0.610043,False,22.13
1044,0.645855,False,23.43
1045,0.601654,False,21.82
1046,0.653967,False,23.72
1047,0.60118,False,21.81
1048,0.610036,False,22.13
1049,0.642006,False,23.29
1050,0.608807,False,22.08
1051,0.660403,False,23.95
1052,0.58408,False,21.19
1053,0.577246,False,20.94
1054,0.72413,False,26.27
1055,0.603632,False,21.9
1056,0.585444,False,21.24
1057,0.591625,False,21.46
1058,0.664352,False,24.1
1059,0.623853,False,22.63
1060,0.585629,False,21.24
1061,0.580178,False,21.04
1062,0.619605,False,22.47
1063,0.645391,False,23.41
1064,0.636125,False,23.07
1065,0.612839,False,22.23
1066,0.698524,False,25.34
1067,0.6103,False,22.14
1068,0.595401,False,21.6
1069,0.622837,False,22.59
1070,0.63697,False,23.1
1071,0.594033,False,21.55
1072,0.580168,False,21.04
1073,0.588308,False,21.34
1074,0.599872,False,21.76
1075,0.683805,False,24.8
1076,0.587597,False,21.31
1077,0.634628,False,23.02
1078,0.429494,False,15.58
1079,0.456832,False,16.57
1080,0.558612,False,20.26
1081,0.617874,False,22.41
1082,0.570933,False,20.71
1083,0.538106,False,19.52
1084,0.57068,False,20.7
1085,0.516026,False,18.72
1086,0.544306,False,19.74
1087,0.504509,False,18.3
1088,0.508204,False,18.43
1089,0.542281,False,19.67
1090,0.524126,False,19.01
1091,0.495363,False,17.97
1092,0.524443,False,19.02
1093,0.501356,False,18.19
1094,0.505985,False,18.35
1095,0.505729,False,18.34
1096,0.488523,False,17.72
1097,0.494643,False,17.94
1098,0.502434,False,18.22
1099,0.534231,False,19.38
1100,0.580746,False,21.07
1101,0.485959,False,17.63
1102,0.500224,False,18.14
1103,0.489401,False,17.75
1104,0.496976,False,18.03
1105,0.477861,False,17.33
1106,0.488537,False,17.72
1107,0.487857,False,17.7
1108,0.520597,False,18.88
1109,0.560372,False,20.33
1110,0.501012,False,18.17
1111,0.505034,False,18.32
1112,0.506746,False,18.38
1113,0.502945,False,18.24
1114,0.519266,False,18.84
1115,0.507532,False,18.41
1116,0.53101,False,19.26
1117,0.516883,False,18.75
1118,0.54225,False,19.67
1119,0.502085,False,18.21
1120,0.50618,False,18.36
1121,0.531483,False,19.28
1122,0.528918,False,19.19
1123,0.333367,False,12.09
1124,0.337832,False,12.25
1125,0.329635,False,11.96
1126,0.442083,False,16.04
1127,0.471568,False,17.11
1128,0.358443,False,13.0
1129,0.366872,False,13.31
1130,0.3307,False,12.0
1131,0.334299,False,12.13
1132,0.312819,False,11.35
1133,0.292305,False,10.6
1134,0.385239,False,13.97
1135,0.274061,False,9.94
1136,0.308534,False,11.19
1137,0.420447,False,15.25
1138,0.258246,False,9.37
1139,0.250463,False,9.09
1140,0.266029,False,9.65
1141,0.253923,False,9.21
1142,0.347031,False,12.59
1143,0.243208,False,8.82
1144,0.271223,False,9.84
1145,0.337229,False,12.23
1146,0.309471,False,11.23
1147,0.236044,False,8.56
1148,0.267571,False,9.71
1149,0.239349,False,8.68
1150,0.244137,False,8.86
1151,0.217599,False,7.89
1152,0.245885,False,8.92
1153,0.293737,False,10.65
1154,0.293462,False,10.64
1155,0.26595,False,9.65
1156,0.235599,False,8.55
1157,0.306419,False,11.11
1158,0.293895,False,10.66
1159,0.273931,False,9.94
1160,0.257228,False,9.33
1161,0.219963,False,7.98
1162,0.428381,False,15.54
1163,0.230882,False,8.37
1164,0.435771,False,15.81
1165,0.225317,False,8.17
1166,0.337931,False,12.26
1167,0.283058,False,10.27
1168,0.279931,False,10.15
1169,0.314354,False,11.4
1170,0.287442,False,10.43
1171,0.30118,False,10.92
1172,0.354843,False,12.87
1173,0.403866,False,14.65
1174,0.34277,False,12.43
1175,0.416667,False,15.11
1176,0.472351,False,17.13
1177,0.350727,False,12.72
1178,0.286632,False,10.4
1179,0.288207,False,10.45
1180,0.321329,False,11.66
1181,0.346161,False,12.56
1182,0.312419,False,11.33
1183,0.379193,False,13.75
1184,0.359377,False,13.04
1185,0.348199,False,12.63
1186,0.396299,False,14.37
1187,0.37342,False,13.55
1188,0.388956,False,14.11
1189,1.037883,True,37.65
1190,1.040758,True,37.75
1191,1.232055,True,44.69
1192,1.154444,True,41.87
1193,1.092623,True,39.63
1194,1.306861,True,47.4
1195,1.734554,True,62.92
1196,1.038553,True,37.67
1197,1.057866,True,38.37
1198,1.057228,True,38.35
1199,1.031732,True,37.42
1200,1.044376,True,37.88
1201,1.071438,True,38.86
1202,1.153318,True,41.83
1203,1.620553,True,58.78
1204,0.358826,False,13.02
1205,0.381797,False,13.85
1206,0.37152,False,13.48
1207,0.505271,False,18.33
1208,0.502332,False,18.22
1209,0.33798,False,12.26
1210,0.39508,False,14.33
1211,0.27659,False,10.03
1212,0.25477,False,9.24
1213,0.337614,False,12.25
1214,0.240776,False,8.73
1215,0.262997,False,9.54
1216,0.287714,False,10.44
1217,0.245291,False,8.9
1218,0.349682,False,12.68
1219,0.205309,False,7.45
1220,0.253193,False,9.18
1221,0.190392,False,6.91
1222,0.197265,False,7.16
1223,0.218295,False,7.92
1224,0.28283,False,10.26
1225,0.228348,False,8.28
1226,0.195224,False,7.08
1227,0.196578,False,7.13
1228,0.199456,False,7.23
1229,0.242357,False,8.79
1230,0.164583,False,5.97
1231,0.193685,False,7.03
1232,0.369226,False,13.39
1233,0.218332,False,7.92
1234,0.358374,False,13.0
1235,0.222355,False,8.07
1236,0.225212,False,8.17
1237,0.275325,False,9.99
1238,0.272741,False,9.89
1239,0.213475,False,7.74
1240,0.240766,False,8.73
1241,0.208613,False,7.57
1242,0.214521,False,7.78
1243,0.310165,False,11.25
1244,0.32187,False,11.68
1245,0.224155,False,8.13
1246,0.27193,False,9.86
1247,0.293509,False,10.65
1248,0.303855,False,11.02
1249,0.337814,False,12.25
1250,0.233605,False,8.47
1251,0.415857,False,15.08
1252,0.250067,False,9.07
1253,0.335671,False,12.18
1254,0.378188,False,13.72
1255,0.28363,False,10.29
1256,0.323054,False,11.72
1257,0.373706,False,13.56
1258,0.270364,False,9.81
1259,0.327999,False,11.9
1260,0.300295,False,10.89
1261,0.283065,False,10.27
1262,0.345212,False,12.52
1263,0.296571,False,10.76
1264,0.326649,False,11.85
1265,0.380515,False,13.8
1266,0.366681,False,13.3
1267,0.333564,False,12.1
1268,0.496895,False,18.02
1269,0.332117,False,12.05
1270,0.367091,False,13.32
1271,0.36413,False,13.21
1272,0.387014,False,14.04
1273,0.379956,False,13.78
1274,0.375292,False,13.61
1275,0.388195,False,14.08
1276,0.428339,False,15.54
1277,0.397627,False,14.42
1278,0.448401,False,16.26
1279,0.509951,False,18.5
1280,0.41642,False,15.1
1281,0.43177,False,15.66
1282,0.458362,False,16.63
1283,0.943729,True,34.23
1284,0.931701,False,33.8
1285,1.058454,True,38.39
1286,1.030765,True,37.39
1287,1.048801,True,38.04
1288,1.024491,True,37.16
1289,1.011524,True,36.69
1290,1.080785,True,39.2
1291,1.013164,True,36.75
1292,1.130829,True,41.02
1293,0.989698,True,35.9
1294,1.026797,True,37.24
1295,1.026859,True,37.25
1296,0.977947,True,35.47
1297,0.954079,True,34.61
1298,0.966019,True,35.04
1299,0.971236,True,35.23
1300,1.004149,True,36.42
1301,0.95462,True,34.63
1302,0.986282,True,35.78
1303,1.042683,True,37.82
1304,0.936176,False,33.96
1305,0.958185,True,34.76
1306,0.933549,False,33.86
1307,0.93595,False,33.95
1308,0.944241,True,34.25
1309,0.982753,True,35.65
1310,0.986621,True,35.79
1311,1.091215,True,39.58
1312,0.980034,True,35.55
1313,1.028259,True,37.3
1314,1.07661,True,39.05
1315,0.983191,True,35.66
1316,0.991247,True,35.96
1317,1.051948,True,38.16
1318,1.062454,True,38.54
1319,1.022541,True,37.09
1320,1.021798,True,37.06
1321,0.981378,True,35.6
1322,1.083609,True,39.31
1323,1.027916,True,37.29
1324,1.095129,True,39.72
1325,0.986206,True,35.77
1326,0.990638,True,35.93
1327,0.981107,True,35.59
1328,1.01134,True,36.68
1329,1.016261,True,36.86
1330,0.981687,True,35.61
1331,0.973651,True,35.32
1332,1.024502,True,37.16
1333,1.076879,True,39.06
1334,0.978647,True,35.5
1335,1.001512,True,36.33
1336,1.00446,True,36.43
1337,1.013607,True,36.77
1338,0.968662,True,35.14
1339,0.959894,True,34.82
1340,0.986119,True,35.77
1341,0.971819,True,35.25
1342,0.992787,True,36.01
1343,1.005938,True,36.49
1344,1.006599,True,36.51
1345,0.994901,True,36.09
1346,0.981362,True,35.6
1347,0.649698,False,23.57
1348,0.633071,False,22.96
1349,0.660912,False,23.97
1350,0.496308,False,18.0
1351,0.520687,False,18.89
1352,0.5176,False,18.77
1353,0.496014,False,17.99
1354,0.489082,False,17.74
1355,0.535276,False,19.42
1356,0.495791,False,17.98
1357,0.516382,False,18.73
1358,0.476522,False,17.28
1359,0.520113,False,18.87
1360,0.484054,False,17.56
1361,0.479898,False,17.41
1362,0.475129,False,17.23
1363,0.475381,False,17.24
1364,0.471502,False,17.1
1365,0.472196,False,17.13
1366,0.488793,False,17.73
1367,0.477669,False,17.33
1368,0.510165,False,18.51
1369,0.507335,False,18.4
1370,0.480359,False,17.42
1371,0.492943,False,17.88
1372,0.619138,False,22.46
1373,0.492519,False,17.87
1374,0.499834,False,18.13
1375,0.537547,False,19.5
1376,0.528175,False,19.16
1377,0.513265,False,18.62
1378,0.541916,False,19.66
1379,0.54922,False,19.92
1380,0.534987,False,19.41
1381,0.544215,False,19.74
1382,0.55091,False,19.98
1383,0.582427,False,21.13
1384,0.576028,False,20.89
1385,0.37256,False,13.51
1386,0.358517,False,13.0
1387,0.342502,False,12.42
1388,0.515147,False,18.69
1389,0.473604,False,17.18
1390,0.460959,False,16.72
1391,0.45719,False,16.58
1392,0.439282,False,15.93
1393,0.442134,False,16.04
1394,0.537209,False,19.49
1395,0.409561,False,14.86
1396,0.400426,False,14.52
1397,0.400258,False,14.52
1398,0.392115,False,14.22
1399,0.411927,False,14.94
1400,0.370985,False,13.46
1401,0.36976,False,13.41
1402,0.365002,False,13.24
1403,0.368784,False,13.38
1404,0.351554,False,12.75
1405,0.338625,False,12.28
1406,0.330395,False,11.98
1407,0.358486,False,13.0
1408,0.377035,False,13.68
1409,0.327559,False,11.88
1410,0.397701,False,14.43
1411,0.31867,False,11.56
1412,0.485172,False,17.6
1413,0.366743,False,13.3
1414,0.325952,False,11.82
1415,0.342197,False,12.41
1416,0.378245,False,13.72
1417,0.377324,False,13.69
1418,0.395222,False,14.34
1419,0.35577,False,12.9
1420,0.358859,False,13.02
1421,0.38288,False,13.89
1422,0.434033,False,15.74
1423,0.392511,False,14.24
1424,0.394069,False,14.29
1425,0.412852,False,14.98
1426,0.407454,False,14.78
1427,0.427983,False,15.52
1428,0.434947,False,15.78
1429,0.497605,False,18.05
1430,0.509478,False,18.48
1431,0.459553,False,16.67
1432,0.483671,False,17.54
1433,0.463222,False,16.8
1434,0.314364,False,11.4
1435,0.20321,False,7.37
1436,0.210326,False,7.63
1437,0.387483,False,14.06
1438,0.360775,False,13.09
1439,0.349818,False,12.69
1440,0.330863,False,12.0
1441,0.351104,False,12.74
1442,0.369565,False,13.41
1443,0.282154,False,10.23
1444,0.313755,False,11.38
1445,0.267035,False,9.69
1446,0.28356,False,10.29
1447,0.361469,False,13.11
1448,0.246179,False,8.93
1449,0.266218,False,9.66
1450,0.303508,False,11.01
1451,0.297905,False,10.81
1452,0.36662,False,13.3
1453,0.231174,False,8.39
1454,0.222964,False,8.09
1455,0.419053,False,15.2
1456,0.284707,False,10.33
1457,0.298668,False,10.83
1458,0.246071,False,8.93
1459,0.377203,False,13.68
1460,0.23948,False,8.69
1461,0.330395,False,11.98
1462,0.198302,False,7.19
1463,0.270536,False,9.81
1464,0.351799,False,12.76
1465,0.213437,False,7.74
1466,0.198001,False,7.18
1467,0.242899,False,8.81
1468,0.28734,False,10.42
1469,0.246678,False,8.95
1470,0.223433,False,8.1
1471,0.255564,False,9.27
1472,0.264729,False,9.6
1473,0.227566,False,8.25
1474,0.251726,False,9.13
1475,0.29974,False,10.87
1476,0.274219,False,9.95
1477,0.233113,False,8.46
1478,0.217622,False,7.89
1479,0.296114,False,10.74
1480,0.270068,False,9.8
1481,0.232785,False,8.44
1482,0.241141,False,8.75
1483,0.293548,False,10.65
1484,0.261894,False,9.5
1485,0.272117,False,9.87
1486,0.282532,False,10.25
1487,0.235373,False,8.54
1488,0.265986,False,9.65
1489,0.253028,False,9.18
1490,0.309252,False,11.22
1491,0.358735,False,13.01
1492,0.458528,False,16.63
1493,0.291121,False,10.56
1494,0.39304,False,14.26
1495,0.320761,False,11.63
1496,0.373847,False,13.56
1497,0.296202,False,10.74
1498,0.4449,False,16.14
1499,0.318303,False,11.55
1500,0.315344,False,11.44
1501,0.436455,False,15.83
1502,0.324149,False,11.76
1503,0.348047,False,12.62
1504,0.39157,False,14.2
1505,0.354932,False,12.87
1506,0.620115,False,22.49
1507,0.735679,False,26.69
1508,0.744728,False,27.01
1509,0.610074,False,22.13
1510,0.616567,False,22.36
1511,0.64966,False,23.57
1512,0.606788,False,22.01
1513,0.625063,False,22.67
1514,0.658549,False,23.89
1515,0.615481,False,22.33
1516,0.589469,False,21.38
1517,0.573696,False,20.81
1518,0.578747,False,20.99
1519,0.580196,False,21.05
1520,0.564277,False,20.47
1521,0.613302,False,22.25
1522,1.085315,True,39.37
1523,0.566521,False,20.55
1524,0.562881,False,20.42
1525,0.562425,False,20.4
1526,0.574566,False,20.84
1527,0.613323,False,22.25
1528,0.595258,False,21.59
1529,0.59766,False,21.68
1530,0.610631,False,22.15
1531,0.568517,False,20.62
1532,0.574935,False,20.85
1533,0.598152,False,21.7
1534,0.635227,False,23.04
1535,0.58596,False,21.25
1536,0.63976,False,23.21
1537,0.607977,False,22.05
1538,0.690498,False,25.05
1539,0.604479,False,21.93
1540,0.598581,False,21.71
1541,0.702784,False,25.49
1542,0.603946,False,21.91
1543,0.634753,False,23.02
1544,0.617802,False,22.41
1545,0.606352,False,21.99
1546,0.639494,False,23.2
1547,0.642302,False,23.3
1548,0.673983,False,24.45
1549,0.443982,False,16.1
1550,0.508776,False,18.45
1551,0.458413,False,16.63
1552,0.494757,False,17.95
1553,0.556729,False,20.19
1554,0.56126,False,20.36
1555,0.531023,False,19.26
1556,0.582446,False,21.13
1557,0.531008,False,19.26
1558,0.541198,False,19.63
1559,0.499765,False,18.13
1560,0.578728,False,20.99
1561,0.484883,False,17.59
1562,0.491565,False,17.83
1563,0.482356,False,17.5
1564,0.52938,False,19.2
1565,0.46443,False,16.85
1566,0.47213,False,17.13
1567,0.485321,False,17.6
1568,0.452393,False,16.41
1569,0.500064,False,18.14
1570,0.448705,False,16.28
1571,0.449344,False,16.3
1572,0.425988,False,15.45
1573,0.423856,False,15.37
1574,0.439428,False,15.94
1575,0.517486,False,18.77
1576,0.454448,False,16.48
1577,0.434627,False,15.77
1578,0.437429,False,15.87
1579,0.511286,False,18.55
1580,0.411347,False,14.92
1581,0.414489,False,15.03
1582,0.452918,False,16.43
1583,0.451681,False,16.38
1584,0.501726,False,18.2
1585,0.43929,False,15.93
1586,0.48951,False,17.76
1587,0.543,False,19.7
1588,0.462613,False,16.78
1589,0.45187,False,16.39
1590,0.48592,False,17.63
1591,0.432386,False,15.68
1592,0.438167,False,15.89
1593,0.411453,False,14.92
1594,0.475941,False,17.26
1595,0.438792,False,15.92
1596,0.47452,False,17.21
1597,0.493128,False,17.89
1598,0.495252,False,17.96
1599,0.551514,False,20.0
1600,0.448445,False,16.27
1601,0.529056,False,19.19
1602,0.467692,False,16.96
1603,0.473067,False,17.16
1604,0.424007,False,15.38
1605,0.506843,False,18.38
1606,0.385993,False,14.0
1607,0.336689,False,12.21
1608,0.376671,False,13.66
1609,0.426975,False,15.49
1610,0.453446,False,16.45
1611,0.353904,False,12.84
1612,0.414399,False,15.03
1613,0.33683,False,12.22
1614,0.370768,False,13.45
1615,0.331449,False,12.02
1616,0.314847,False,11.42
1617,0.281437,False,10.21
1618,0.269989,False,9.79
1619,0.336724,False,12.21
1620,0.271562,False,9.85
1621,0.241958,False,8.78
1622,0.292779,False,10.62
1623,0.390413,False,14.16
1624,0.222168,False,8.06
1625,0.283833,False,10.3
1626,0.225535,False,8.18
1627,0.196722,False,7.14
1628,0.206216,False,7.48
1629,0.394038,False,14.29
1630,0.24105,False,8.74
1631,0.244185,False,8.86
1632,0.170992,False,6.2
1633,0.172775,False,6.27
1634,0.192435,False,6.98
1635,0.282757,False,10.26
1636,0.28236,False,10.24
1637,0.168848,False,6.12
1638,0.216588,False,7.86
1639,0.324625,False,11.78
1640,0.215016,False,7.8
1641,0.216574,False,7.86
1642,0.202682,False,7.35
1643,0.164372,False,5.96
1644,0.26291,False,9.54
1645,0.175723,False,6.37
1646,0.397094,False,14.4
1647,0.193882,False,7.03
1648,0.184528,False,6.69
1649,0.233221,False,8.46
1650,0.242217,False,8.79
1651,0.216009,False,7.84
1652,0.251133,False,9.11
1653,0.381216,False,13.83
1654,0.283572,False,10.29
1655,0.255994,False,9.29
1656,0.223907,False,8.12
1657,0.28667,False,10.4
1658,0.258877,False,9.39
1659,0.283158,False,10.27
1660,0.292494,False,10.61
1661,0.233893,False,8.48
1662,0.362391,False,13.14
1663,0.331775,False,12.03
1664,0.257982,False,9.36
1665,0.287784,False,10.44
1666,0.269286,False,9.77
1667,0.315489,False,11.44
1668,0.55705,False,20.21
1669,0.378456,False,13.73
1670,0.31126,False,11.29
1671,0.379247,False,13.76
1672,0.416739,False,15.12
1673,0.431074,False,15.64
1674,0.37037,False,13.43
1675,0.415561,False,15.07
1676,1.281184,True,46.47
1677,1.15064,True,41.74
1678,1.183219,True,42.92
1679,1.21296,True,44.0
1680,1.289849,True,46.79
1681,1.812486,True,65.74
1682,0.614848,False,22.3
1683,0.520513,False,18.88
1684,0.531087,False,19.26
1685,0.415415,False,15.07
1686,0.366811,False,13.31
1687,0.36792,False,13.35
1688,0.335928,False,12.19
1689,0.364724,False,13.23
1690,0.486595,False,17.65
1691,0.348341,False,12.64
1692,0.424946,False,15.41
1693,0.315395,False,11.44
1694,0.315926,False,11.46
1695,0.421759,False,15.3
1696,0.337324,False,12.24
1697,0.322897,False,11.71
1698,0.329372,False,11.95
1699,0.331396,False,12.02
1700,0.361437,False,13.11
1701,0.347607,False,12.61
1702,0.412499,False,14.96
1703,0.363749,False,13.19
1704,0.375744,False,13.63
1705,0.374037,False,13.57
1706,0.372883,False,13.53
1707,0.391608,False,14.2
1708,0.435717,False,15.8
1709,0.410309,False,14.88
1710,0.446696,False,16.2
1711,0.433223,False,15.71
1712,0.448477,False,16.27
1713,0.553961,False,20.09
1714,0.519345,False,18.84
1715,0.475776,False,17.26
1716,0.494149,False,17.92
1717,0.498072,False,18.07
1718,0.509093,False,18.47
1719,0.51889,False,18.82
1720,0.568821,False,20.63
1721,0.521324,False,18.91
1722,0.564593,False,20.48
1723,0.546841,False,19.84
1724,0.580088,False,21.04
1725,0.561636,False,20.37
1726,0.543658,False,19.72
1727,0.90254,False,32.74
1728,0.912815,False,33.11
1729,0.907035,False,32.9
1730,1.036631,True,37.6
1731,1.055562,True,38.29
1732,1.055158,True,38.27
1733,1.065113,True,38.63
1734,1.46466,True,53.13
1735,0.319237,False,11.58
1736,0.321431,False,11.66
1737,0.401495,False,14.56
1738,0.466198,False,16.91
1739,0.556639,False,20.19
1740,0.460408,False,16.7
1741,0.457514,False,16.6
1742,0.438576,False,15.91
1743,0.425805,False,15.45
1744,0.428581,False,15.55
1745,0.413922,False,15.01
1746,0.447055,False,16.22
1747,0.395119,False,14.33
1748,0.389625,False,14.13
1749,0.388404,False,14.09
1750,0.373598,False,13.55
1751,0.384249,False,13.94
1752,0.420077,False,15.24
1753,0.355517,False,12.9
1754,0.385866,False,14.0
1755,0.362466,False,13.15
1756,0.341942,False,12.4
1757,0.33201,False,12.04
1758,0.456926,False,16.57
1759,0.409118,False,14.84
1760,0.326917,False,11.86
1761,0.334129,False,12.12
1762,0.380296,False,13.79
1763,0.338709,False,12.29
1764,0.367247,False,13.32
1765,0.333469,False,12.1
1766,0.343074,False,12.44
1767,0.338407,False,12.27
1768,0.325651,False,11.81
1769,0.369584,False,13.41
1770,0.351236,False,12.74
1771,0.344295,False,12.49
1772,0.481464,False,17.46
1773,0.362149,False,13.14
1774,0.425973,False,15.45
1775,0.395433,False,14.34
1776,0.452271,False,16.41
1777,0.412306,False,14.96
1778,0.395631,False,14.35
1779,0.435444,False,15.79
1780,0.479558,False,17.39
1781,0.485119,False,17.6
1782,0.509379,False,18.48
1783,0.482051,False,17.49
1784,0.468604,False,17.0
1785,0.487409,False,17.68
1786,0.470736,False,17.07
1787,0.515517,False,18.7
1788,0.262779,False,9.53
1789,0.262147,False,9.51
1790,0.305658,False,11.09
1791,0.398993,False,14.47
1792,0.431401,False,15.65
1793,0.414975,False,15.05
1794,0.38464,False,13.95
1795,0.402361,False,14.59
1796,0.333356,False,12.09
1797,0.350318,False,12.71
1798,0.367664,False,13.34
1799,0.30868,False,11.2
1800,0.315382,False,11.44
1801,0.311128,False,11.29
1802,0.407295,False,14.77
1803,0.278549,False,10.1
1804,0.266783,False,9.68
1805,0.285562,False,10.36
1806,0.339893,False,12.33
1807,0.253461,False,9.19
1808,0.258846,False,9.39
1809,0.295917,False,10.73
1810,0.337649,False,12.25
1811,0.30448,False,11.04
1812,0.299235,False,10.85
1813,0.312533,False,11.34
1814,0.369025,False,13.39
1815,0.355612,False,12.9
1816,0.26463,False,9.6
1817,0.26676,False,9.68
1818,0.233827,False,8.48
1819,0.244481,False,8.87
1820,0.238839,False,8.66
1821,0.243945,False,8.85
1822,0.271979,False,9.87
1823,0.25295,False,9.18
1824,0.317012,False,11.5
1825,0.231329,False,8.39
1826,0.321837,False,11.67
1827,0.242989,False,8.81
1828,0.271729,False,9.86
1829,0.388421,False,14.09
1830,0.225095,False,8.16
1831,0.255333,False,9.26
1832,0.29392,False,10.66
1833,0.284586,False,10.32
1834,0.260691,False,9.46
1835,0.253028,False,9.18
1836,0.247579,False,8.98
1837,0.385393,False,13.98
1838,0.291225,False,10.56
1839,0.278501,False,10.1
1840,0.265767,False,9.64
1841,0.274815,False,9.97
1842,0.236611,False,8.58
1843,0.270313,False,9.81
1844,0.336631,False,12.21
1845,0.263324,False,9.55
1846,0.2712,False,9.84
1847,0.39108,False,14.19
1848,0.294878,False,10.7
1849,0.316819,False,11.49
1850,0.332734,False,12.07
1851,0.454699,False,16.49
1852,0.403184,False,14.62
1853,0.329715,False,11.96
1854,0.333409,False,12.09
1855,0.377708,False,13.7
1856,0.393464,False,14.27
1857,0.377008,False,13.68
1858,0.380895,False,13.82
1859,0.407106,False,14.77
1860,0.464926,False,16.86
1861,0.394125,False,14.3
1862,0.396409,False,14.38
1863,0.406131,False,14.73
1864,0.38,False,13.78
1865,0.402851,False,14.61
1866,0.412918,False,14.98
1867,0.455681,False,16.53
1868,0.357919,False,12.98
1869,0.368112,False,13.35
1870,0.435761,False,15.81
1871,0.381871,False,13.85
1872,0.383371,False,13.91
1873,0.416168,False,15.1
1874,0.399003,False,14.47
1875,0.378802,False,13.74
1876,0.423594,False,15.36
1877,0.386226,False,14.01
1878,0.369925,False,13.42
1879,0.385173,False,13.97
1880,0.40696,False,14.76
1881,0.403538,False,14.64
1882,0.334296,False,12.13
1883,0.328575,False,11.92
1884,0.35874,False,13.01
1885,0.31988,False,11.6
1886,0.308033,False,11.17
1887,0.302749,False,10.98
1888,0.296076,False,10.74
1889,0.312707,False,11.34
1890,0.311632,False,11.3
1891,0.363839,False,13.2
1892,0.26356,False,9.56
1893,0.273483,False,9.92
1894,0.303721,False,11.02
1895,0.28296,False,10.26
1896,0.279022,False,10.12
1897,0.27527,False,9.98
1898,0.286997,False,10.41
1899,0.247896,False,8.99
1900,0.269965,False,9.79
1901,0.286716,False,10.4
1902,0.25546,False,9.27
1903,0.365322,False,13.25
1904,0.287725,False,10.44
1905,0.273315,False,9.91
1906,0.255403,False,9.26
1907,0.372393,False,13.51
1908,0.272492,False,9.88
1909,0.248808,False,9.02
1910,0.27297,False,9.9
1911,0.303822,False,11.02
1912,0.324934,False,11.79
1913,0.350521,False,12.71
1914,0.297053,False,10.77
1915,0.314286,False,11.4
1916,0.303966,False,11.03
1917,0.312972,False,11.35
1918,0.332466,False,12.06
1919,0.564957,False,20.49
1920,0.597276,False,21.66
1921,0.74323,False,26.96
1922,0.570158,False,20.68
1923,0.589813,False,21.39
1924,0.56583,False,20.52
1925,0.571587,False,20.73
1926,0.556841,False,20.2
1927,0.617816,False,22.41
1928,0.558388,False,20.25
1929,0.536193,False,19.45
1930,0.538427,False,19.53
1931,0.55152,False,20.01
1932,0.61616,False,22.35
1933,0.542932,False,19.69
1934,0.548063,False,19.88
1935,0.545665,False,19.79
1936,0.549167,False,19.92
1937,0.544409,False,19.75
1938,0.527438,False,19.13
1939,0.634446,False,23.01
1940,0.543663,False,19.72
1941,0.530108,False,19.23
1942,0.547763,False,19.87
1943,0.490559,False,17.79
1944,0.501929,False,18.21
1945,0.471044,False,17.09
1946,0.520218,False,18.87
1947,0.492084,False,17.85
1948,0.453936,False,16.47
1949,0.484368,False,17.57
1950,0.490955,False,17.81
1951,0.45689,False,16.57
1952,0.430644,False,15.62
1953,0.484987,False,17.59
1954,0.455533,False,16.52
1955,0.492784,False,17.87
1956,0.434825,False,15.77
1957,0.454451,False,16.48
1958,0.495093,False,17.96
1959,0.452865,False,16.43
1960,0.480559,False,17.43
1961,0.469048,False,17.01
1962,0.484847,False,17.59
1963,0.484231,False,17.56
1964,0.493175,False,17.89
1965,0.457371,False,16.59
1966,0.483569,False,17.54
1967,0.499381,False,18.11
1968,0.515862,False,18.71
1969,0.525699,False,19.07
1970,0.530076,False,19.23
1971,0.528771,False,19.18
1972,0.585205,False,21.23
1973,0.608007,False,22.05
1974,0.62501,False,22.67
1975,0.632731,False,22.95
1976,0.596981,False,21.65
1977,0.599934,False,21.76
1978,0.701477,False,25.44
1979,0.717823,False,26.04
1980,0.73814,False,26.77
1981,0.843546,False,30.6
1982,0.829159,False,30.08
1983,0.732879,False,26.58
1984,0.761756,False,27.63
1985,0.900865,False,32.68
1986,0.771816,False,28.0
1987,0.769029,False,27.89
1988,0.766817,False,27.81
1989,0.811897,False,29.45
1990,0.768822,False,27.89
1991,0.714291,False,25.91
1992,0.685642,False,24.87
1993,0.729939,False,26.48
1994,0.553406,False,20.07
1995,0.657201,False,23.84
1996,0.562239,False,20.39
1997,0.535762,False,19.43
1998,0.563041,False,20.42
1999,0.606124,False,21.99
2000,0.560724,False,20.34
2001,0.63698,False,23.11
2002,0.54523,False,19.78
2003,0.561707,False,20.37
2004,0.515468,False,18.7
2005,0.569169,False,20.65
2006,0.657342,False,23.84
2007,0.551838,False,20.02
2008,1.458498,True,52.9
2009,0.680873,False,24.7
2010,0.657748,False,23.86
2011,0.662465,False,24.03
2012,0.662561,False,24.03
2013,0.693626,False,25.16
2014,0.717312,False,26.02
2015,0.645906,False,23.43
2016,0.643882,False,23.36
2017,0.67958,False,24.65
2018,0.620994,False,22.53
2019,0.605347,False,21.96
2020,0.647174,False,23.47
2021,0.702791,False,25.49
2022,0.691669,False,25.09
2023,0.745094,False,27.03
2024,0.684811,False,24.84
2025,0.698016,False,25.32
2026,0.702399,False,25.48
2027,0.671815,False,24.37
2028,0.661563,False,24.0
2029,0.669981,False,24.3
2030,0.73729,False,26.74
2031,0.716572,False,25.99
2032,0.690102,False,25.03
2033,0.714677,False,25.92
2034,0.664609,False,24.11
2035,0.73361,False,26.61
2036,0.708893,False,25.71
2037,0.787779,False,28.58
2038,0.723333,False,26.24
2039,0.66692,False,24.19
2040,0.700378,False,25.4
2041,0.668315,False,24.24
2042,0.720196,False,26.12
2043,0.717446,False,26.02
2044,0.718132,False,26.05
2045,0.794342,False,28.81
2046,0.824065,False,29.89
2047,0.851723,False,30.89
2048,0.77887,False,28.25
2049,0.774618,False,28.1
2050,0.808797,False,29.34
2051,0.549247,False,19.92
2052,0.513572,False,18.63
2053,0.559229,False,20.28
2054,0.476691,False,17.29
2055,0.563096,False,20.43
2056,0.498661,False,18.09
2057,0.436536,False,15.83
2058,0.487934,False,17.7
2059,0.562991,False,20.42
2060,0.574799,False,20.85
2061,0.551632,False,20.01
2062,0.599262,False,21.74
2063,0.541783,False,19.65
2064,0.553284,False,20.07
2065,0.52524,False,19.05
2066,0.631464,False,22.91
2067,0.511353,False,18.55
2068,0.510173,False,18.51
2069,0.508543,False,18.45
2070,0.503608,False,18.27
2071,0.546848,False,19.84
2072,0.491974,False,17.85
2073,0.48792,False,17.7
2074,0.485095,False,17.6
2075,0.497649,False,18.05
2076,0.486044,False,17.63
2077,0.524562,False,19.03
2078,0.529661,False,19.21
2079,0.525947,False,19.08
2080,0.503749,False,18.27
2081,0.527439,False,19.13
2082,0.576638,False,20.92
2083,0.636308,False,23.08
2084,0.516417,False,18.73
2085,0.548457,False,19.89
2086,0.522236,False,18.94
2087,0.557323,False,20.22
2088,0.567172,False,20.57
2089,0.527246,False,19.12
2090,0.559752,False,20.3
2091,0.626026,False,22.71
2092,0.529444,False,19.2
2093,0.564649,False,20.48
2094,0.559105,False,20.28
2095,0.83414,False,30.26
2096,0.660563,False,23.96
2097,0.610545,False,22.15
2098,0.572856,False,20.78
2099,0.568806,False,20.63
2100,0.613159,False,22.24
2101,0.642066,False,23.29
2102,0.578174,False,20.97
2103,0.592349,False,21.49
2104,0.594886,False,21.58
2105,0.576287,False,20.9
2106,0.579446,False,21.02
2107,0.586711,False,21.28
2108,0.589591,False,21.39
2109,0.611262,False,22.17
2110,0.626849,False,22.74
2111,0.590554,False,21.42
2112,0.602025,False,21.84
2113,0.60123,False,21.81
2114,0.60812,False,22.06
2115,0.616199,False,22.35
2116,0.619819,False,22.48
2117,0.606769,False,22.01
2118,0.616197,False,22.35
2119,0.640282,False,23.22
2120,0.62464,False,22.66
2121,0.659168,False,23.91
2122,0.65774,False,23.86
2123,0.698338,False,25.33
2124,0.656616,False,23.82
2125,0.663434,False,24.06
2126,0.535462,False,19.42
2127,0.523333,False,18.98
2128,0.51721,False,18.76
2129,0.532884,False,19.33
2130,0.513673,False,18.63
2131,0.514492,False,18.66
2132,0.523748,False,19.0
2133,0.569697,False,20.66
2134,0.46921,False,17.02
2135,0.466516,False,16.92
2136,0.597136,False,21.66
2137,0.584979,False,21.22
2138,0.567786,False,20.6
2139,0.571917,False,20.75
2140,0.572318,False,20.76
2141,0.526151,False,19.09
2142,0.539949,False,19.59
2143,0.511436,False,18.55
2144,0.495826,False,17.99
2145,0.491594,False,17.83
2146,0.481315,False,17.46
2147,0.474539,False,17.21
2148,0.477573,False,17.32
2149,0.462049,False,16.76
2150,0.448319,False,16.26
2151,0.463052,False,16.8
2152,0.4362,False,15.82
2153,0.441483,False,16.01
2154,0.490587,False,17.79
2155,0.438669,False,15.91
2156,0.412356,False,14.96
2157,0.473689,False,17.18
2158,0.415255,False,15.06
2159,0.428483,False,15.54
2160,0.458768,False,16.64
2161,0.485833,False,17.62
2162,0.461776,False,16.75
2163,0.45678,False,16.57
2164,0.486496,False,17.65
2165,0.465719,False,16.89
2166,0.460587,False,16.71
2167,0.458724,False,16.64
2168,0.554758,False,20.12
2169,0.489427,False,17.75
2170,0.510978,False,18.53
2171,0.489125,False,17.74
2172,0.502869,False,18.24
2173,0.560127,False,20.32
2174,0.543288,False,19.71
2175,0.468062,False,16.98
2176,0.472825,False,17.15
2177,0.550497,False,19.97
2178,0.478012,False,17.34
2179,0.575366,False,20.87
2180,0.517496,False,18.77
2181,0.550516,False,19.97
2182,0.518917,False,18.82
2183,0.558138,False,20.25
2184,0.504604,False,18.3
2185,0.549497,False,19.93
2186,0.667635,False,24.22
2187,0.617305,False,22.39
2188,0.62201,False,22.56
2189,0.520463,False,18.88
2190,0.51246,False,18.59
2191,0.497709,False,18.05
2192,0.51502,False,18.68
2193,0.511412,False,18.55
2194,0.491905,False,17.84
2195,0.468933,False,17.01
2196,0.46946,False,17.03
2197,0.489937,False,17.77
2198,0.475963,False,17.26
2199,0.480175,False,17.42
2200,0.460641,False,16.71
2201,0.576812,False,20.92
2202,0.490095,False,17.78
2203,0.50394,False,18.28
2204,0.470716,False,17.07
2205,0.493305,False,17.89
2206,0.508206,False,18.43
2207,0.477119,False,17.31
2208,0.491193,False,17.82
2209,0.504484,False,18.3
2210,0.513819,False,18.64
2211,0.53568,False,19.43
2212,0.548339,False,19.89
2213,0.50431,False,18.29
2214,0.570946,False,20.71
2215,0.543685,False,19.72
2216,0.595353,False,21.6
2217,0.540037,False,19.59
2218,0.587714,False,21.32
2219,0.555375,False,20.15
2220,0.57385,False,20.82
2221,0.57002,False,20.68
2222,0.589472,False,21.38
2223,0.550039,False,19.95
2224,0.676504,False,24.54
2225,0.586945,False,21.29
2226,0.588221,False,21.34
2227,0.571051,False,20.71
2228,0.597224,False,21.66
2229,0.602456,False,21.85
2230,0.639985,False,23.21
2231,0.634204,False,23.0
2232,0.678154,False,24.6
2233,0.635744,False,23.06
2234,0.626919,False,22.74
2235,0.682068,False,24.74
2236,0.658213,False,23.88
2237,0.62589,False,22.7
2238,0.660108,False,23.94
2239,0.676624,False,24.54
2240,0.805219,False,29.21
2241,0.653661,False,23.71
2242,0.648435,False,23.52
2243,0.548928,False,19.91
2244,0.503675,False,18.27
2245,0.551653,False,20.01
2246,0.57594,False,20.89
2247,0.497007,False,18.03
2248,0.531212,False,19.27
2249,0.496264,False,18.0
2250,0.490143,False,17.78
2251,0.557464,False,20.22
2252,0.523742,False,19.0
2253,0.531776,False,19.29
2254,0.527622,False,19.14
2255,0.549896,False,19.95
2256,0.517307,False,18.76
2257,0.539244,False,19.56
2258,0.521261,False,18.91
2259,0.532169,False,19.3
2260,0.565179,False,20.5
2261,0.528209,False,19.16
2262,0.547139,False,19.85
2263,0.579516,False,21.02
2264,0.593145,False,21.52
2265,0.596149,False,21.62
2266,0.569202,False,20.65
2267,0.560069,False,20.32
2268,0.634568,False,23.02
2269,0.588414,False,21.34
2270,0.597883,False,21.69
2271,0.637862,False,23.14
2272,0.66859,False,24.25
2273,0.603654,False,21.9
2274,0.607764,False,22.05
2275,0.60769,False,22.04
2276,0.657048,False,23.83
2277,0.62076,False,22.52
2278,0.627656,False,22.77
2279,0.277406,False,10.06
2280,0.343736,False,12.47
2281,0.302638,False,10.98
2282,0.437842,False,15.88
2283,0.393692,False,14.28
2284,0.431427,False,15.65
2285,0.428994,False,15.56
2286,0.45966,False,16.67
2287,0.512455,False,18.59
2288,0.389176,False,14.12
2289,0.493068,False,17.88
2290,0.379193,False,13.75
2291,0.383462,False,13.91
2292,0.439323,False,15.94
2293,0.347087,False,12.59
2294,1.231293,True,44.66
2295,0.611371,False,22.18
2296,0.551248,False,20.0
2297,0.548144,False,19.88
2298,0.564131,False,20.46
2299,0.559669,False,20.3
2300,0.555905,False,20.16
2301,0.556213,False,20.18
2302,0.581643,False,21.1
2303,0.555938,False,20.17
2304,0.592406,False,21.49
2305,0.532667,False,19.32
2306,0.545053,False,19.77
2307,0.542411,False,19.67
2308,0.548386,False,19.89
2309,0.576231,False,20.9
2310,0.558015,False,20.24
2311,0.537198,False,19.49
2312,0.629053,False,22.82
2313,0.557793,False,20.23
2314,0.576789,False,20.92
2315,0.577542,False,20.95
2316,0.528852,False,19.18
2317,0.533818,False,19.36
2318,0.546104,False,19.81
2319,0.524148,False,19.01
2320,0.528559,False,19.17
2321,0.600774,False,21.79
2322,1.226434,True,44.49
2323,0.787995,False,28.58
2324,0.585592,False,21.24
2325,0.628264,False,22.79
2326,0.515533,False,18.7
2327,0.464999,False,16.87
2328,0.472804,False,17.15
2329,0.476704,False,17.29
2330,0.465206,False,16.87
2331,0.471971,False,17.12
2332,0.512005,False,18.57
2333,0.488825,False,17.73
2334,0.495022,False,17.96
2335,0.505204,False,18.33
2336,0.510272,False,18.51
2337,0.512116,False,18.58
2338,0.510053,False,18.5
2339,0.530372,False,19.24
2340,0.568214,False,20.61
2341,0.540156,False,19.59
2342,0.541824,False,19.65
2343,0.574018,False,20.82
2344,0.60028,False,21.77
2345,0.562938,False,20.42
2346,0.600184,False,21.77
2347,0.588392,False,21.34
2348,0.57363,False,20.81
2349,0.63721,False,23.11
2350,0.639209,False,23.19
2351,0.594548,False,21.57
2352,0.665136,False,24.13
2353,0.551372,False,20.0
2354,0.530695,False,19.25
2355,0.568433,False,20.62
2356,0.561566,False,20.37
2357,0.604996,False,21.94
2358,0.563426,False,20.44
2359,0.6378,False,23.13
2360,0.547572,False,19.86
2361,0.550796,False,19.98
2362,0.56191,False,20.38
2363,0.535277,False,19.42
2364,0.549093,False,19.92
2365,0.515702,False,18.71
2366,0.525937,False,19.08
2367,0.502255,False,18.22
2368,0.499204,False,18.11
2369,0.501018,False,18.17
2370,0.485281,False,17.6
2371,0.482724,False,17.51
2372,0.501198,False,18.18
2373,0.553099,False,20.06
2374,0.47378,False,17.19
2375,0.472548,False,17.14
2376,0.479662,False,17.4
2377,0.471508,False,17.1
2378,0.491627,False,17.83
2379,0.47723,False,17.31
2380,0.509967,False,18.5
2381,0.532677,False,19.32
2382,0.454314,False,16.48
2383,0.462569,False,16.78
2384,0.514504,False,18.66
2385,0.444006,False,16.11
2386,0.435458,False,15.8
2387,0.441889,False,16.03
2388,0.454767,False,16.5
2389,0.560828,False,20.34
2390,0.458403,False,16.63
2391,0.440964,False,16.0
2392,0.406578,False,14.75
2393,0.469149,False,17.02
2394,0.44067,False,15.98
2395,0.424083,False,15.38
2396,0.441821,False,16.03
2397,0.484358,False,17.57
2398,0.441074,False,16.0
2399,0.451438,False,16.37
2400,0.370183,False,13.43
2401,0.360878,False,13.09
2402,0.346614,False,12.57
2403,0.381909,False,13.85
2404,0.374137,False,13.57
2405,0.333823,False,12.11
2406,0.372325,False,13.51
2407,0.341226,False,12.38
2408,0.339002,False,12.3
2409,0.353633,False,12.83
2410,0.351958,False,12.77
2411,0.320912,False,11.64
2412,0.369063,False,13.39
2413,0.365512,False,13.26
2414,0.4166,False,15.11
2415,0.757362,False,27.47
2416,0.744218,False,26.99
2417,0.765304,False,27.76
2418,0.701054,False,25.43
2419,0.686701,False,24.91
2420,0.705631,False,25.6
2421,0.710826,False,25.78
2422,0.666896,False,24.19
2423,0.651016,False,23.61
2424,0.651232,False,23.62
2425,0.658653,False,23.89
2426,0.647392,False,23.48
2427,0.627387,False,22.76
2428,0.627112,False,22.75
2429,0.659329,False,23.92
2430,0.602065,False,21.84
2431,0.604835,False,21.94
2432,0.598215,False,21.7
2433,0.588431,False,21.34
2434,0.588959,False,21.36
2435,0.619629,False,22.48
2436,0.561073,False,20.35
2437,0.557046,False,20.21
2438,0.560794,False,20.34
2439,0.548916,False,19.91
2440,0.547408,False,19.86
2441,0.585713,False,21.25
2442,0.547434,False,19.86
2443,0.564177,False,20.46
2444,0.551157,False,19.99
2445,0.510849,False,18.53
2446,0.539088,False,19.55
2447,0.492632,False,17.87
2448,0.465812,False,16.9
2449,0.564227,False,20.47
2450,0.584687,False,21.21
2451,0.552144,False,20.03
2452,0.514697,False,18.67
2453,0.586895,False,21.29
2454,0.482111,False,17.49
2455,0.611331,False,22.17
2456,0.533012,False,19.33
2457,0.464267,False,16.84
2458,0.488386,False,17.72
2459,0.459909,False,16.68
2460,0.464346,False,16.84
2461,0.515143,False,18.69
2462,0.445194,False,16.15
2463,0.471483,False,17.1
2464,0.585464,False,21.24
2465,0.45783,False,16.61
2466,0.469995,False,17.05
2467,0.474486,False,17.21
2468,0.527278,False,19.13
2469,0.468812,False,17.01
2470,0.470824,False,17.08
2471,0.469883,False,17.04
2472,0.460283,False,16.7
2473,0.491348,False,17.82
2474,0.494194,False,17.93
2475,0.48192,False,17.48
2476,0.514729,False,18.67
2477,0.493741,False,17.91
2478,0.499428,False,18.12
2479,0.514491,False,18.66
2480,0.527563,False,19.14
2481,0.524671,False,19.03
2482,0.524496,False,19.02
2483,0.540684,False,19.61
2484,0.543879,False,19.73
2485,0.554435,False,20.11
2486,0.578767,False,20.99
2487,0.541598,False,19.65
2488,0.526956,False,19.11
2489,0.576108,False,20.9
2490,0.523327,False,18.98
2491,0.510791,False,18.53
2492,0.497819,False,18.06
2493,0.462025,False,16.76
2494,0.493758,False,17.91
2495,0.543797,False,19.73
2496,0.481461,False,17.46
2497,0.488095,False,17.7
2498,0.494215,False,17.93
2499,0.506872,False,18.39
2500,0.45863,False,16.64
2501,0.514557,False,18.66
2502,0.494239,False,17.93
2503,0.49609,False,17.99
2504,0.494357,False,17.93
2505,0.513988,False,18.64
2506,0.500234,False,18.14
2507,0.529539,False,19.21
2508,0.52549,False,19.06
2509,0.568431,False,20.62
2510,0.559966,False,20.31
2511,0.59374,False,21.54
2512,0.594854,False,21.58
2513,0.594564,False,21.57
2514,0.598561,False,21.71
2515,0.725318,False,26.31
2516,0.63823,False,23.15
2517,0.692917,False,25.13
2518,0.638478,False,23.16
2519,0.9658,True,35.03
2520,0.989399,True,35.89
2521,0.950877,True,34.49
2522,0.985974,True,35.76
2523,0.979689,True,35.54
2524,0.981028,True,35.58
2525,1.387692,True,50.34
2526,0.5149,False,18.68
2527,0.531573,False,19.28
2528,0.561192,False,20.36
2529,0.652977,False,23.69
2530,0.616228,False,22.35
2531,0.607739,False,22.04
2532,0.64203,False,23.29
2533,0.578695,False,20.99
2534,0.568386,False,20.62
2535,0.577067,False,20.93
2536,0.573497,False,20.8
2537,0.565064,False,20.5
2538,0.575107,False,20.86
2539,0.60475,False,21.94
2540,0.579579,False,21.02
2541,0.550596,False,19.97
2542,0.550113,False,19.95
2543,0.569405,False,20.65
2544,0.569527,False,20.66
2545,0.524732,False,19.03
2546,0.59781,False,21.68
2547,0.522796,False,18.96
2548,0.553935,False,20.09
2549,0.545455,False,19.79
2550,0.538158,False,19.52
2551,0.527794,False,19.14
2552,0.516781,False,18.75
2553,0.527604,False,19.14
2554,0.538067,False,19.52
2555,0.505993,False,18.35
2556,0.461355,False,16.73
2557,0.473084,False,17.16
2558,0.554317,False,20.11
2559,0.578196,False,20.97
2560,0.513616,False,18.63
2561,0.544852,False,19.76
2562,0.615317,False,22.32
2563,0.543073,False,19.7
2564,0.648177,False,23.51
2565,0.625105,False,22.67
2566,0.532259,False,19.31
2567,0.479315,False,17.39
2568,0.509586,False,18.48
2569,0.485783,False,17.62
2570,0.487712,False,17.69
2571,0.494211,False,17.93
2572,0.486529,False,17.65
2573,0.470105,False,17.05
2574,0.535927,False,19.44
2575,0.602851,False,21.87
2576,0.487263,False,17.67
2577,0.514179,False,18.65
2578,0.49222,False,17.85
2579,0.480515,False,17.43
2580,0.48824,False,17.71
2581,0.512483,False,18.59
2582,0.496288,False,18.0
2583,0.497523,False,18.05
2584,0.504834,False,18.31
2585,0.516998,False,18.75
2586,0.51667,False,18.74
2587,0.544617,False,19.75
2588,0.531861,False,19.29
2589,0.558815,False,20.27
2590,0.535693,False,19.43
2591,0.568225,False,20.61
2592,0.548517,False,19.9
2593,0.593505,False,21.53
2594,0.588663,False,21.35
2595,0.535731,False,19.43
2596,0.576488,False,20.91
2597,1.353149,True,49.08
2598,0.601285,False,21.81
2599,0.586483,False,21.27
2600,0.667136,False,24.2
2601,0.540235,False,19.6
2602,0.549317,False,19.93
2603,0.60309,False,21.88
2604,0.568992,False,20.64
2605,0.558641,False,20.26
2606,0.555773,False,20.16
2607,0.686936,False,24.92
2608,0.732717,False,26.58
2609,0.763397,False,27.69
2610,0.614652,False,22.3
2611,0.621288,False,22.54
2612,1.68141,True,60.99
2613,0.635387,False,23.05
2614,0.643946,False,23.36
2615,0.683849,False,24.81
2616,0.726241,False,26.34
2617,0.689646,False,25.02
2618,0.686283,False,24.89
2619,0.680637,False,24.69
2620,0.745791,False,27.05
2621,0.693573,False,25.16
2622,0.702519,False,25.48
2623,0.703832,False,25.53
2624,0.774486,False,28.09
2625,0.696245,False,25.25
2626,0.696714,False,25.27
2627,0.705782,False,25.6
2628,0.698106,False,25.32
2629,0.696256,False,25.26
2630,0.774182,False,28.08
2631,0.727343,False,26.38
2632,0.87375,False,31.69
2633,0.865681,False,31.4
2634,0.855886,False,31.05
2635,0.828622,False,30.06
2636,0.866548,False,31.43
2637,0.862215,False,31.28
2638,0.863709,False,31.33
2639,0.859307,False,31.17
2640,0.881615,False,31.98
2641,0.884122,False,32.07
2642,0.862742,False,31.29
2643,0.916645,False,33.25
2644,0.884,False,32.07
2645,0.910297,False,33.02
2646,0.905526,False,32.85
2647,0.913766,False,33.14
2648,0.884968,False,32.1
2649,0.889519,False,32.27
2650,0.887121,False,32.18
2651,0.890063,False,32.29
2652,0.889879,False,32.28
2653,0.945685,True,34.3
2654,0.912447,False,33.1
2655,0.969913,True,35.18
2656,0.905443,False,32.84
2657,0.939596,True,34.08
2658,0.910055,False,33.01
2659,0.910725,False,33.03
2660,0.959662,True,34.81
2661,0.947233,True,34.36
2662,0.96959,True,35.17
2663,1.036609,True,37.6
2664,1.013337,True,36.76
2665,0.959089,True,34.79
2666,0.958744,True,34.78
2667,0.980433,True,35.56
2668,0.98024,True,35.56
2669,1.129383,True,40.97
2670,1.097703,True,39.82
2671,1.204381,True,43.69
2672,1.241988,True,45.05
2673,1.765224,True,64.03
2674,0.756997,False,27.46
2675,0.553412,False,20.07
2676,0.545302,False,19.78
2677,0.435737,False,15.81
2678,0.440525,False,15.98
2679,0.464513,False,16.85
2680,0.453329,False,16.44
2681,0.444744,False,16.13
2682,0.455497,False,16.52
2683,0.469355,False,17.02
2684,0.460806,False,16.71
2685,0.459079,False,16.65
2686,0.461594,False,16.74
2687,0.46456,False,16.85
2688,0.468408,False,16.99
2689,0.492087,False,17.85
2690,0.495763,False,17.98
2691,0.495207,False,17.96
2692,0.511813,False,18.56
2693,0.515777,False,18.71
2694,0.511621,False,18.56
2695,0.512567,False,18.59
2696,0.539693,False,19.58
2697,0.567327,False,20.58
2698,0.529607,False,19.21
2699,0.579257,False,21.01
2700,0.540717,False,19.61
2701,0.545652,False,19.79
2702,0.568057,False,20.61
2703,0.634044,False,23.0
2704,0.567119,False,20.57
2705,0.583816,False,21.18
2706,0.573941,False,20.82
2707,0.576606,False,20.92
2708,0.578208,False,20.97
2709,0.654171,False,23.73
2710,0.600744,False,21.79
2711,0.606295,False,21.99
2712,0.607432,False,22.03
2713,0.622762,False,22.59
2714,0.645761,False,23.42
2715,0.645919,False,23.43
2716,0.633213,False,22.97
2717,1.221572,True,44.31
2718,1.256282,True,45.57
2719,1.415856,True,51.36
2720,1.352563,True,49.06
2721,1.693253,True,61.42
2722,1.543675,True,55.99
2723,2.018978,True,73.23
2724,0.600214,False,21.77
2725,0.594485,False,21.56
2726,0.588211,False,21.34
2727,0.573753,False,20.81
2728,0.544986,False,19.77
2729,0.530971,False,19.26
2730,0.517812,False,18.78
2731,0.569617,False,20.66
2732,0.495736,False,17.98
2733,0.490341,False,17.79
2734,0.495605,False,17.98
2735,0.469473,False,17.03
2736,0.451283,False,16.37
2737,0.432304,False,15.68
2738,0.421634,False,15.29
2739,0.411749,False,14.94
2740,0.406389,False,14.74
2741,0.476506,False,17.28
2742,0.390547,False,14.17
2743,0.377857,False,13.71
2744,0.391263,False,14.19
2745,0.436747,False,15.84
2746,0.361807,False,13.12
2747,0.439974,False,15.96
2748,0.350409,False,12.71
2749,0.362026,False,13.13
2750,0.335526,False,12.17
2751,0.355565,False,12.9
2752,0.360912,False,13.09
2753,0.346054,False,12.55
2754,0.332248,False,12.05
2755,0.331217,False,12.01
2756,0.414088,False,15.02
2757,0.365597,False,13.26
2758,0.419611,False,15.22
2759,0.362931,False,13.16
2760,0.542351,False,19.67
2761,0.394286,False,14.3
2762,0.382737,False,13.88
2763,0.424338,False,15.39
2764,0.525995,False,19.08
2765,0.614791,False,22.3
2766,0.365544,False,13.26
2767,0.950863,True,34.49
2768,1.019876,True,36.99
2769,0.987699,True,35.83
2770,0.941358,True,34.15
2771,0.928611,False,33.68
2772,0.982957,True,35.65
2773,0.218182,False,7.91
2774,0.205169,False,7.44
2775,0.225296,False,8.17
2776,0.385271,False,13.97
2777,0.39912,False,14.48
2778,0.388409,False,14.09
2779,0.377116,False,13.68
2780,0.358997,False,13.02
2781,0.363983,False,13.2
2782,0.409068,False,14.84
2783,0.336859,False,12.22
2784,0.407483,False,14.78
2785,0.311679,False,11.31
2786,0.30117,False,10.92
2787,0.290903,False,10.55
2788,0.298756,False,10.84
2789,0.287047,False,10.41
2790,0.290083,False,10.52
2791,0.30871,False,11.2
2792,0.299366,False,10.86
2793,0.341429,False,12.38
2794,0.409206,False,14.84
2795,0.340195,False,12.34
2796,0.287185,False,10.42
2797,0.275505,False,9.99
2798,0.268661,False,9.75
2799,0.276885,False,10.04
2800,0.316063,False,11.46
2801,0.304347,False,11.04
2802,0.324386,False,11.77
2803,0.27681,False,10.04
2804,0.302124,False,10.96
2805,0.323829,False,11.75
2806,0.354229,False,12.85
2807,0.315115,False,11.43
2808,0.308531,False,11.19
2809,0.321439,False,11.66
2810,0.325578,False,11.81
2811,0.419193,False,15.21
2812,0.402591,False,14.6
2813,0.478857,False,17.37
2814,0.323308,False,11.73
2815,0.305038,False,11.06
2816,0.294725,False,10.69
2817,0.329827,False,11.96
2818,0.319001,False,11.57
2819,0.303154,False,11.0
2820,0.314617,False,11.41
2821,0.357206,False,12.96
2822,0.319296,False,11.58
2823,0.384862,False,13.96
2824,0.345541,False,12.53
2825,0.368477,False,13.37
2826,0.442477,False,16.05
2827,1.272418,True,46.15
2828,0.368345,False,13.36
2829,0.37571,False,13.63
2830,0.338527,False,12.28
2831,0.368328,False,13.36
2832,0.387768,False,14.07
2833,0.363013,False,13.17
2834,0.466747,False,16.93
2835,0.535538,False,19.43
2836,0.542838,False,19.69
2837,0.602441,False,21.85
2838,0.604994,False,21.94
2839,0.437888,False,15.88
2840,0.46628,False,16.91
2841,0.529312,False,19.2
2842,0.505716,False,18.34
2843,0.508859,False,18.46
2844,0.696847,False,25.28
2845,0.682715,False,24.76
2846,0.694261,False,25.18
2847,0.724258,False,26.27
2848,0.646213,False,23.44
2849,0.631822,False,22.92
2850,0.623232,False,22.61
2851,0.612574,False,22.22
2852,0.576394,False,20.91
2853,0.603263,False,21.88
2854,0.563177,False,20.43
2855,0.609574,False,22.11
2856,0.555895,False,20.16
2857,0.563496,False,20.44
2858,0.549407,False,19.93
2859,0.548447,False,19.89
2860,0.533371,False,19.35
2861,0.516326,False,18.73
2862,0.507014,False,18.39
2863,0.509394,False,18.48
2864,0.496558,False,18.01
2865,0.480353,False,17.42
2866,0.45958,False,16.67
2867,0.483781,False,17.55
2868,0.485461,False,17.61
2869,0.462718,False,16.78
2870,0.472938,False,17.15
2871,0.478579,False,17.36
2872,0.446366,False,16.19
2873,0.52029,False,18.87
2874,0.458541,False,16.63
2875,0.461824,False,16.75
2876,0.524456,False,19.02
2877,0.529162,False,19.19
2878,0.513694,False,18.63
2879,0.527366,False,19.13
2880,0.435743,False,15.81
2881,0.425292,False,15.43
2882,0.436033,False,15.82
2883,0.423683,False,15.37
2884,0.422058,False,15.31
2885,0.468915,False,17.01
2886,0.434299,False,15.75
2887,0.461583,False,16.74
2888,0.419685,False,15.22
2889,0.43613,False,15.82
2890,0.438375,False,15.9
2891,0.75709,False,27.46
2892,0.753901,False,27.35
2893,0.927621,False,33.65
2894,0.679237,False,24.64
2895,0.651683,False,23.64
2896,0.728962,False,26.44
2897,0.645986,False,23.43
2898,0.717252,False,26.02
2899,0.632085,False,22.93
2900,0.622413,False,22.58
2901,0.61965,False,22.48
2902,0.621062,False,22.53
2903,0.636856,False,23.1
2904,0.60744,False,22.03
2905,0.577534,False,20.95
2906,0.577221,False,20.94
2907,0.59108,False,21.44
2908,0.618969,False,22.45
2909,0.565631,False,20.52
2910,0.575477,False,20.87
2911,0.557551,False,20.22
2912,0.558511,False,20.26
2913,0.528059,False,19.15
2914,0.62043,False,22.5
2915,0.618271,False,22.43
2916,0.548805,False,19.91
2917,0.625972,False,22.71
2918,0.659022,False,23.9
2919,0.5297,False,19.21
2920,0.527933,False,19.15
2921,0.512969,False,18.61
2922,0.507928,False,18.42
2923,0.498098,False,18.07
2924,0.556803,False,20.2
2925,0.530223,False,19.23
2926,0.53899,False,19.55
2927,0.525272,False,19.05
2928,0.502633,False,18.23
2929,0.504922,False,18.31
2930,0.488107,False,17.71
2931,0.489175,False,17.74
2932,0.504992,False,18.32
2933,0.48565,False,17.62
2934,0.490037,False,17.78
2935,0.550475,False,19.97
2936,0.515655,False,18.7
2937,0.592041,False,21.48
2938,0.510481,False,18.52
2939,0.469749,False,17.04
2940,0.487572,False,17.69
2941,0.520901,False,18.89
2942,0.477641,False,17.33
2943,0.476306,False,17.28
2944,0.489157,False,17.74
2945,0.497846,False,18.06
2946,0.553125,False,20.06
2947,0.506983,False,18.39
2948,0.498114,False,18.07
2949,0.506239,False,18.36
2950,0.553862,False,20.09
2951,0.254925,False,9.25
2952,0.373133,False,13.53
2953,0.251976,False,9.14
2954,0.373334,False,13.54
2955,0.489083,False,17.74
2956,0.455316,False,16.52
2957,0.538523,False,19.53
2958,0.47469,False,17.22
2959,0.56827,False,20.61
2960,0.497538,False,18.05
2961,0.507729,False,18.42
2962,0.472843,False,17.15
2963,0.530422,False,19.24
2964,0.460514,False,16.7
2965,0.403748,False,14.65
2966,0.382629,False,13.88
2967,0.437214,False,15.86
2968,0.482337,False,17.5
2969,0.360305,False,13.07
2970,0.428734,False,15.55
2971,0.355317,False,12.89
2972,0.39504,False,14.33
2973,0.335239,False,12.16
2974,0.391598,False,14.2
2975,0.330872,False,12.0
2976,0.331815,False,12.04
2977,0.31811,False,11.54
2978,0.304946,False,11.06
2979,0.395485,False,14.35
2980,0.324568,False,11.77
2981,0.33403,False,12.12
2982,0.336798,False,12.22
2983,0.401369,False,14.56
2984,0.291671,False,10.58
2985,0.308713,False,11.2
2986,0.423711,False,15.37
2987,0.304045,False,11.03
2988,0.28392,False,10.3
2989,0.464756,False,16.86
2990,0.365939,False,13.27
2991,0.284788,False,10.33
2992,0.29695,False,10.77
2993,0.278824,False,10.11
2994,0.395103,False,14.33
2995,0.300811,False,10.91
2996,0.340853,False,12.36
2997,0.283626,False,10.29
2998,0.387364,False,14.05
2999,0.313881,False,11.39
3000,0.305625,False,11.09
3001,0.470389,False,17.06
3002,0.687816,False,24.95
3003,0.594987,False,21.58
3004,0.499282,False,18.11
3005,0.416566,False,15.11
3006,0.404145,False,14.66
3007,0.412837,False,14.97
3008,0.39918,False,14.48
3009,0.414597,False,15.04
3010,0.392163,False,14.22
3011,0.384859,False,13.96
3012,0.434107,False,15.75
3013,0.395866,False,14.36
3014,0.408058,False,14.8
3015,0.418253,False,15.17
3016,0.489184,False,17.74
3017,0.43469,False,15.77
3018,0.424259,False,15.39
3019,0.45145,False,16.38
3020,0.433233,False,15.71
3021,0.42435,False,15.39
3022,0.437149,False,15.86
3023,0.436943,False,15.85
3024,0.457957,False,16.61
3025,0.549773,False,19.94
3026,0.499414,False,18.12
3027,0.554879,False,20.13
3028,0.478798,False,17.37
3029,0.466408,False,16.92
3030,0.471661,False,17.11
3031,0.486032,False,17.63
3032,0.508032,False,18.43
3033,0.486456,False,17.65
3034,0.497449,False,18.04
3035,0.519116,False,18.83
3036,0.533884,False,19.37
3037,0.591686,False,21.46
3038,0.528506,False,19.17
3039,0.540794,False,19.62
3040,0.530725,False,19.25
3041,0.592851,False,21.5
3042,0.575865,False,20.89
3043,0.57027,False,20.69
3044,0.572643,False,20.77
3045,0.59588,False,21.61
3046,0.593477,False,21.53
3047,1.246205,True,45.2
3048,1.275792,True,46.28
3049,1.416431,True,51.38
3050,1.391275,True,50.47
3051,1.298809,True,47.11
3052,1.456665,True,52.84
3053,1.841316,True,66.79
3054,1.7401,True,63.12
3055,1.966005,True,71.31
3056,0.748841,False,27.16
3057,0.750456,False,27.22
3058,0.738577,False,26.79
3059,0.662708,False,24.04
3060,0.654734,False,23.75
3061,0.712946,False,25.86
3062,0.634578,False,23.02
3063,0.658511,False,23.89
3064,0.625888,False,22.7
3065,0.612718,False,22.23
3066,0.600941,False,21.8
3067,0.594495,False,21.56
3068,0.656921,False,23.83
3069,0.593092,False,21.51
3070,0.569311,False,20.65
3071,0.624913,False,22.67
3072,0.553868,False,20.09
3073,0.572014,False,20.75
3074,0.543043,False,19.7
3075,0.542215,False,19.67
3076,0.53949,False,19.57
3077,0.540988,False,19.62
3078,0.525243,False,19.05
3079,0.582852,False,21.14
3080,0.573944,False,20.82
3081,0.526031,False,19.08
3082,0.52862,False,19.17
3083,0.524168,False,19.01
3084,0.5226,False,18.96
3085,0.527779,False,19.14
3086,0.579065,False,21.0
3087,0.51621,False,18.72
3088,0.517674,False,18.78
3089,0.539511,False,19.57
3090,0.525982,False,19.08
3091,0.506289,False,18.36
3092,0.526611,False,19.1
3093,0.516846,False,18.75
3094,0.523389,False,18.98
3095,0.562121,False,20.39
3096,0.519035,False,18.83
3097,0.523375,False,18.98
3098,0.52195,False,18.93
3099,0.539713,False,19.58
3100,0.508584,False,18.45
3101,0.899978,False,32.64
3102,0.767963,False,27.86
3103,0.842561,False,30.56
3104,0.693767,False,25.16
3105,0.830774,False,30.13
3106,0.759348,False,27.54
3107,0.689377,False,25.01
3108,0.703748,False,25.53
3109,0.710818,False,25.78
3110,0.708962,False,25.72
3111,0.683258,False,24.78
3112,0.682631,False,24.76
3113,0.710811,False,25.78
3114,0.685093,False,24.85
3115,0.688397,False,24.97
3116,0.689005,False,24.99
3117,0.717456,False,26.02
3118,0.690013,False,25.03
3119,0.717611,False,26.03
3120,0.690513,False,25.05
3121,0.69925,False,25.36
3122,0.705804,False,25.6
3123,0.699444,False,25.37
3124,0.695985,False,25.25
3125,0.723969,False,26.26
3126,0.760884,False,27.6
3127,0.719275,False,26.09
3128,0.719466,False,26.1
3129,0.761469,False,27.62
3130,0.731771,False,26.54
3131,0.749435,False,27.18
3132,0.735137,False,26.67
3133,0.748361,False,27.15
3134,0.744856,False,27.02
3135,0.769047,False,27.9
3136,0.777767,False,28.21
3137,0.751936,False,27.27
3138,0.762287,False,27.65
3139,0.752464,False,27.29
3140,0.763431,False,27.69
3141,0.794614,False,28.82
3142,0.757172,False,27.46
3143,0.784986,False,28.47
3144,0.820715,False,29.77
3145,0.923351,False,33.49
3146,0.911666,False,33.07
3147,0.792523,False,28.75
3148,0.794203,False,28.81
3149,0.859037,False,31.16
3150,0.773895,False,28.07
3151,0.78955,False,28.64
3152,0.805757,False,29.23
3153,0.796245,False,28.88
3154,0.769136,False,27.9
3155,0.754417,False,27.36
3156,0.756844,False,27.45
3157,0.744428,False,27.0
3158,0.743824,False,26.98
3159,0.739598,False,26.83
3160,0.809467,False,29.36
3161,0.743765,False,26.98
3162,0.746269,False,27.07
3163,0.737246,False,26.74
3164,0.727681,False,26.4
3165,0.738688,False,26.79
3166,0.728164,False,26.41
3167,0.761551,False,27.62
3168,0.734489,False,26.64
3169,0.72405,False,26.26
3170,0.836879,False,30.36
3171,0.782452,False,28.38
3172,0.744271,False,27.0
3173,0.728545,False,26.43
3174,0.72488,False,26.29
3175,0.716749,False,26.0
3176,0.737151,False,26.74
3177,0.71666,False,26.0
3178,0.789873,False,28.65
3179,0.71955,False,26.1
3180,0.716869,False,26.0
3181,0.736629,False,26.72
3182,0.736301,False,26.71
3183,0.727175,False,26.38
3184,0.718635,False,26.07
3185,1.451026,True,52.63
3186,0.929777,False,33.73
3187,0.998886,True,36.23
3188,0.99425,True,36.06
3189,0.960762,True,34.85
3190,0.927937,False,33.66
3191,0.976371,True,35.42
3192,1.47404,True,53.47
3193,1.37573,True,49.9
3194,1.24575,True,45.19
3195,1.277793,True,46.35
3196,1.329846,True,48.24
3197,1.849174,True,67.07
3198,0.392764,False,14.25
3199,0.405735,False,14.72
3200,0.381924,False,13.85
3201,0.466258,False,16.91
3202,0.515057,False,18.68
3203,0.337609,False,12.25
3204,0.326322,False,11.84
3205,0.356214,False,12.92
3206,0.309994,False,11.24
3207,0.302932,False,10.99
3208,0.417506,False,15.14
3209,0.352913,False,12.8
3210,0.467831,False,16.97
3211,0.28523,False,10.35
3212,0.292754,False,10.62
3213,0.322855,False,11.71
3214,0.278995,False,10.12
3215,0.264225,False,9.58
3216,0.244425,False,8.87
3217,0.286375,False,10.39
3218,0.246186,False,8.93
3219,0.231499,False,8.4
3220,0.233566,False,8.47
3221,0.224007,False,8.13
3222,0.325115,False,11.79
3223,0.242536,False,8.8
3224,0.20192,False,7.32
3225,0.228477,False,8.29
3226,0.272321,False,9.88
3227,0.200543,False,7.27
3228,0.223771,False,8.12
3229,0.266966,False,9.68
3230,0.248606,False,9.02
3231,0.225305,False,8.17
3232,0.256149,False,9.29
3233,0.241441,False,8.76
3234,0.207502,False,7.53
3235,0.23698,False,8.6
3236,0.249012,False,9.03
3237,0.204735,False,7.43
3238,0.276997,False,10.05
3239,0.216418,False,7.85
3240,0.265707,False,9.64
3241,1.795731,True,65.14
3242,0.771137,False,27.97
3243,0.762816,False,27.67
3244,0.754135,False,27.35
3245,0.628313,False,22.79
3246,0.616549,False,22.36
3247,0.612976,False,22.23
3248,0.60904,False,22.09
3249,0.635392,False,23.05
3250,0.669321,False,24.28
3251,0.613007,False,22.24
3252,0.601551,False,21.82
3253,0.591718,False,21.46
3254,0.639088,False,23.18
3255,0.594945,False,21.58
3256,0.583654,False,21.17
3257,0.600943,False,21.8
3258,0.608256,False,22.06
3259,0.672276,False,24.39
3260,0.61065,False,22.15
3261,0.652901,False,23.68
3262,0.711191,False,25.8
3263,0.60591,False,21.98
3264,0.652688,False,23.67
3265,0.615325,False,22.32
3266,0.61973,False,22.48
3267,0.727874,False,26.4
3268,0.653413,False,23.7
3269,0.654115,False,23.73
3270,0.684854,False,24.84
3271,0.652864,False,23.68
3272,0.682313,False,24.75
3273,0.649283,False,23.55
3274,0.681929,False,24.74
3275,0.665421,False,24.14
3276,0.664631,False,24.11
3277,0.703883,False,25.53
3278,0.697582,False,25.3
3279,0.678411,False,24.61
3280,0.692247,False,25.11
3281,0.770357,False,27.94
3282,0.71322,False,25.87
3283,0.707662,False,25.67
3284,0.777383,False,28.2
3285,0.725404,False,26.31
3286,0.727013,False,26.37
3287,0.835014,False,30.29
3288,0.775109,False,28.12
3289,0.757548,False,27.48
3290,0.823785,False,29.88
3291,0.764451,False,27.73
3292,0.91926,False,33.34
3293,0.888494,False,32.23
3294,0.775161,False,28.12
3295,0.793675,False,28.79
3296,0.815125,False,29.57
3297,0.78813,False,28.59
3298,0.810632,False,29.4
3299,0.966475,True,35.06
3300,0.864366,False,31.35
3301,0.84623,False,30.7
3302,0.90123,False,32.69
3303,0.945576,True,34.3
3304,1.026541,True,37.24
3305,1.088249,True,39.47
3306,0.974882,True,35.36
3307,1.031602,True,37.42
3308,0.828248,False,30.04
3309,0.826302,False,29.97
3310,0.824944,False,29.92
3311,0.692977,False,25.14
3312,0.689693,False,25.02
3313,0.684478,False,24.83
3314,0.670182,False,24.31
3315,0.666075,False,24.16
3316,0.677572,False,24.58
3317,0.682639,False,24.76
3318,0.666963,False,24.19
3319,0.681468,False,24.72
3320,0.655007,False,23.76
3321,0.666279,False,24.17
3322,0.650343,False,23.59
3323,0.65896,False,23.9
3324,0.649144,False,23.55
3325,0.656106,False,23.8
3326,0.672297,False,24.39
3327,0.657432,False,23.85
3328,0.655689,False,23.78
3329,0.660941,False,23.97
3330,0.634105,False,23.0
3331,0.682864,False,24.77
3332,0.702138,False,25.47
3333,0.641161,False,23.26
3334,0.646224,False,23.44
3335,0.636138,False,23.07
3336,0.736151,False,26.7
3337,0.718408,False,26.06
3338,0.638782,False,23.17
3339,0.685875,False,24.88
3340,0.676902,False,24.55
3341,0.665905,False,24.15
3342,0.647142,False,23.47
3343,0.637235,False,23.11
3344,0.661243,False,23.99
3345,0.648057,False,23.51
3346,0.651022,False,23.61
3347,0.648509,False,23.52
3348,0.656831,False,23.83
3349,0.666407,False,24.17
3350,0.647028,False,23.47
3351,0.646121,False,23.44
3352,0.676252,False,24.53
3353,0.680241,False,24.67
3354,0.631709,False,22.91
3355,0.642305,False,23.3
3356,0.638243,False,23.15
3357,0.645624,False,23.42
3358,0.63404,False,23.0
3359,0.640283,False,23.22
3360,0.668606,False,24.25
3361,0.64599,False,23.43
3362,0.65663,False,23.82
3363,0.646726,False,23.46
3364,0.694733,False,25.2
3365,0.676775,False,24.55
3366,0.594583,False,21.57
3367,0.814314,False,29.54
3368,0.667262,False,24.2
3369,0.663247,False,24.06
3370,0.671868,False,24.37
3371,0.650155,False,23.58
3372,0.67578,False,24.51
3373,0.648776,False,23.53
3374,0.734086,False,26.63
3375,0.711818,False,25.82
3376,0.645918,False,23.43
3377,0.663826,False,24.08
3378,0.613412,False,22.25
3379,0.634081,False,23.0
3380,0.644968,False,23.39
3381,0.707414,False,25.66
3382,0.60998,False,22.13
3383,0.650684,False,23.6
3384,0.600573,False,21.78
3385,0.59243,False,21.49
3386,0.619522,False,22.47
3387,0.586822,False,21.29
3388,0.650388,False,23.59
3389,0.595375,False,21.6
3390,0.627468,False,22.76
3391,0.586353,False,21.27
3392,0.581251,False,21.08
3393,0.590804,False,21.43
3394,0.595453,False,21.6
3395,0.6163,False,22.35
3396,0.581677,False,21.1
3397,0.578111,False,20.97
3398,0.605319,False,21.96
3399,0.590521,False,21.42
3400,0.605212,False,21.95
3401,0.579623,False,21.02
3402,0.585171,False,21.23
3403,0.628478,False,22.8
3404,0.627899,False,22.78
3405,0.612935,False,22.23
3406,0.598217,False,21.7
3407,0.564857,False,20.49
3408,0.551663,False,20.01
3409,0.589176,False,21.37
3410,0.586939,False,21.29
3411,0.559792,False,20.31
3412,0.554986,False,20.13
3413,0.563093,False,20.42
3414,0.658339,False,23.88
3415,0.560655,False,20.34
3416,0.563907,False,20.45
3417,0.558415,False,20.26
3418,0.598847,False,21.72
3419,0.567836,False,20.6
3420,0.631534,False,22.91
3421,0.571288,False,20.72
3422,0.564319,False,20.47
3423,0.5741,False,20.82
3424,0.669262,False,24.28
3425,0.579443,False,21.02
3426,0.582551,False,21.13
3427,0.608207,False,22.06
3428,0.589147,False,21.37
3429,0.675851,False,24.52
3430,0.601968,False,21.84
3431,0.619082,False,22.46
3432,0.667014,False,24.19
3433,0.63476,False,23.02
3434,0.604461,False,21.93
3435,0.779259,False,28.27
3436,0.647648,False,23.49
3437,0.627313,False,22.75
3438,0.569271,False,20.65
3439,0.575139,False,20.86
3440,0.724732,False,26.29
3441,0.741857,False,26.91
3442,0.732879,False,26.58
3443,0.672674,False,24.4
3444,0.710011,False,25.75
3445,0.68188,False,24.73
3446,0.710945,False,25.79
3447,0.66879,False,24.26
3448,0.664222,False,24.09
3449,0.697378,False,25.3
3450,0.621695,False,22.55
3451,0.645503,False,23.41
3452,0.670579,False,24.32
3453,0.498333,False,18.08
3454,0.657671,False,23.86
3455,0.490441,False,17.79
3456,0.486084,False,17.63
3457,0.538042,False,19.52
3458,0.494579,False,17.94
3459,0.51383,False,18.64
3460,0.508444,False,18.44
3461,0.551317,False,20.0
3462,0.502839,False,18.24
3463,0.611555,False,22.18
3464,0.503855,False,18.28
3465,0.538976,False,19.55
3466,0.576262,False,20.9
3467,0.6434,False,23.34
3468,0.510165,False,18.51
3469,0.545197,False,19.78
3470,0.544999,False,19.77
3471,0.585148,False,21.22
3472,0.5596,False,20.3
3473,0.562869,False,20.42
3474,0.581011,False,21.07
3475,0.577703,False,20.95
3476,0.629961,False,22.85
3477,0.62382,False,22.63
3478,0.616766,False,22.37
3479,0.663341,False,24.06
3480,0.652794,False,23.68
3481,0.645389,False,23.41
3482,0.649705,False,23.57
3483,0.671845,False,24.37
3484,0.737822,False,26.76
3485,0.699464,False,25.37
3486,0.769907,False,27.93
3487,0.844926,False,30.65
3488,0.775709,False,28.14
3489,0.773796,False,28.07
3490,0.691111,False,25.07
3491,0.705656,False,25.6
3492,0.689719,False,25.02
3493,0.689133,False,25.0
3494,0.691014,False,25.07
3495,0.675339,False,24.5
3496,0.678919,False,24.63
3497,0.689466,False,25.01
3498,0.666749,False,24.18
3499,0.665309,False,24.13
3500,0.689283,False,25.0
3501,0.724795,False,26.29
3502,0.663578,False,24.07
3503,0.66554,False,24.14
3504,0.682795,False,24.77
3505,0.66549,False,24.14
3506,0.782006,False,28.37
3507,0.673047,False,24.41
3508,0.744074,False,26.99
3509,0.689729,False,25.02
3510,0.69279,False,25.13
3511,0.759505,False,27.55
3512,0.669355,False,24.28
3513,0.717059,False,26.01
3514,0.72335,False,26.24
3515,0.691673,False,25.09
3516,0.694865,False,25.2
3517,0.702196,False,25.47
3518,0.756335,False,27.43
3519,0.46835,False,16.99
3520,0.468791,False,17.0
3521,0.471575,False,17.11
3522,0.590772,False,21.43
3523,0.480787,False,17.44
3524,0.526493,False,19.1
3525,0.490341,False,17.79
3526,0.450056,False,16.32
3527,0.547504,False,19.86
3528,0.477253,False,17.31
3529,0.482639,False,17.51
3530,0.46854,False,17.0
3531,0.413142,False,14.99
3532,0.408915,False,14.83
3533,0.482451,False,17.5
3534,0.448186,False,16.26
3535,0.39265,False,14.24
3536,0.422459,False,15.32
3537,0.388156,False,14.08
3538,0.377582,False,13.7
3539,0.381479,False,13.84
3540,0.406985,False,14.76
3541,0.401639,False,14.57
3542,0.40983,False,14.87
3543,0.372525,False,13.51
3544,0.399179,False,14.48
3545,0.405944,False,14.72
3546,0.459802,False,16.68
3547,0.370935,False,13.45
3548,0.470323,False,17.06
3549,0.382502,False,13.87
3550,0.359596,False,13.04
3551,0.424035,False,15.38
3552,0.362192,False,13.14
3553,0.481922,False,17.48
3554,0.351785,False,12.76
3555,0.352644,False,12.79
3556,0.345782,False,12.54
3557,0.374226,False,13.57
3558,0.346057,False,12.55
3559,0.377451,False,13.69
3560,0.353139,False,12.81
3561,0.43844,False,15.9
3562,0.365909,False,13.27
3563,0.373915,False,13.56
3564,0.435764,False,15.81
3565,0.486316,False,17.64
3566,0.489746,False,17.76
3567,0.438642,False,15.91
3568,0.461939,False,16.76
3569,0.40297,False,14.62
3570,0.401714,False,14.57
3571,0.387149,False,14.04
3572,0.411927,False,14.94
3573,0.383612,False,13.91
3574,0.423098,False,15.35
3575,0.472806,False,17.15
3576,0.390222,False,14.15
3577,0.400971,False,14.54
3578,0.515204,False,18.69
3579,0.502874,False,18.24
3580,0.260423,False,9.45
3581,0.282056,False,10.23
3582,0.433963,False,15.74
3583,0.255779,False,9.28
3584,0.243531,False,8.83
3585,0.238378,False,8.65
3586,0.212293,False,7.7
3587,0.212411,False,7.7
3588,0.206318,False,7.48
3589,0.27349,False,9.92
3590,0.234568,False,8.51
3591,0.206751,False,7.5
3592,0.302036,False,10.96
3593,0.183911,False,6.67
3594,0.226369,False,8.21
3595,0.293347,False,10.64
3596,0.206268,False,7.48
3597,0.235934,False,8.56
3598,0.189308,False,6.87
3599,0.205442,False,7.45
3600,0.202356,False,7.34
3601,0.202286,False,7.34
3602,0.250243,False,9.08
3603,0.258101,False,9.36
3604,0.238784,False,8.66
3605,0.221463,False,8.03
3606,0.245234,False,8.9
3607,0.25486,False,9.24
3608,0.390113,False,14.15
3609,0.318012,False,11.54
3610,0.263384,False,9.55
3611,0.26913,False,9.76
3612,0.216245,False,7.84
3613,0.28328,False,10.28
3614,1.395901,True,50.63
3615,0.486455,False,17.65
3616,0.534755,False,19.4
3617,0.537682,False,19.5
3618,0.497462,False,18.04
3619,0.49551,False,17.97
3620,0.503668,False,18.27
3621,0.540972,False,19.62
3622,0.493443,False,17.9
3623,0.496954,False,18.03
3624,0.511386,False,18.55
3625,0.504186,False,18.29
3626,0.501082,False,18.18
3627,0.544942,False,19.77
3628,0.655369,False,23.77
3629,0.531564,False,19.28
3630,0.536852,False,19.47
3631,0.541245,False,19.63
3632,0.563343,False,20.43
3633,0.595477,False,21.6
3634,0.544756,False,19.76
3635,0.545626,False,19.79
3636,0.566162,False,20.54
3637,0.538533,False,19.53
3638,0.543653,False,19.72
3639,0.647428,False,23.48
3640,0.603269,False,21.88
3641,0.611587,False,22.18
3642,0.558417,False,20.26
3643,0.638478,False,23.16
3644,0.658704,False,23.89
3645,0.632196,False,22.93
3646,0.674945,False,24.48
3647,0.689241,False,25.0
3648,0.679509,False,24.65
3649,0.699841,False,25.39
3650,0.645369,False,23.41
3651,0.621145,False,22.53
3652,0.600335,False,21.78
3653,0.647574,False,23.49
3654,0.578501,False,20.98
3655,0.612292,False,22.21
3656,0.60842,False,22.07
3657,0.551528,False,20.01
3658,0.543937,False,19.73
3659,0.547655,False,19.87
3660,0.531586,False,19.28
3661,0.551625,False,20.01
3662,0.522272,False,18.94
3663,0.499457,False,18.12
3664,0.489427,False,17.75
3665,0.510536,False,18.52
3666,0.481931,False,17.48
3667,0.472917,False,17.15
3668,0.470731,False,17.07
3669,0.477044,False,17.3
3670,0.461513,False,16.74
3671,0.456196,False,16.55
3672,0.446923,False,16.21
3673,0.461233,False,16.73
3674,0.484147,False,17.56
3675,0.450579,False,16.34
3676,0.489642,False,17.76
3677,0.43801,False,15.89
3678,0.448179,False,16.26
3679,0.439218,False,15.93
3680,0.456425,False,16.56
3681,0.440541,False,15.98
3682,0.445576,False,16.16
3683,0.450062,False,16.33
3684,0.460097,False,16.69
3685,0.433626,False,15.73
3686,0.424887,False,15.41
3687,0.507223,False,18.4
3688,0.55204,False,20.02
3689,0.498594,False,18.09
3690,0.482746,False,17.51
3691,0.46971,False,17.04
3692,0.492095,False,17.85
3693,0.469792,False,17.04
3694,0.469251,False,17.02
3695,0.503751,False,18.27
3696,0.435296,False,15.79
3697,0.426974,False,15.49
3698,0.449172,False,16.29
3699,0.417295,False,15.14
3700,0.509287,False,18.47
3701,0.41205,False,14.95
3702,0.445752,False,16.17
3703,0.403395,False,14.63
3704,0.467709,False,16.97
3705,0.568951,False,20.64
3706,0.395504,False,14.35
3707,0.409098,False,14.84
3708,0.391427,False,14.2
3709,0.416652,False,15.11
3710,0.485807,False,17.62
3711,0.543199,False,19.7
3712,0.459451,False,16.67
3713,0.42946,False,15.58
3714,0.386171,False,14.01
3715,0.499949,False,18.13
3716,0.50859,False,18.45
3717,0.367053,False,13.31
3718,0.360636,False,13.08
3719,0.385672,False,13.99
3720,0.630535,False,22.87
3721,0.417479,False,15.14
3722,0.388846,False,14.1
3723,0.411591,False,14.93
3724,0.41335,False,14.99
3725,0.515574,False,18.7
3726,0.36646,False,13.29
3727,0.408775,False,14.83
3728,0.574907,False,20.85
3729,0.425896,False,15.45
3730,0.443463,False,16.09
3731,0.39431,False,14.3
3732,0.431975,False,15.67
3733,0.469647,False,17.04
3734,0.571105,False,20.72
3735,0.597672,False,21.68
3736,0.463015,False,16.79
3737,0.472317,False,17.13
3738,0.508267,False,18.44
3739,0.505644,False,18.34
3740,0.429866,False,15.59
3741,0.572592,False,20.77
3742,0.426498,False,15.47
3743,0.429925,False,15.59
3744,0.421848,False,15.3
3745,0.459589,False,16.67
3746,0.431004,False,15.63
3747,1.029189,True,37.33
3748,1.061662,True,38.51
3749,1.409625,True,51.13
3750,1.317129,True,47.78
3751,1.134599,True,41.16
3752,1.382166,True,50.14
3753,1.953448,True,70.86
3754,0.559032,False,20.28
3755,0.567043,False,20.57
3756,0.647988,False,23.5
3757,0.519511,False,18.84
3758,0.590531,False,21.42
3759,0.64581,False,23.43
3760,0.646244,False,23.44
3761,0.624266,False,22.64
3762,0.614231,False,22.28
3763,0.605326,False,21.96
3764,0.568528,False,20.62
3765,0.558535,False,20.26
3766,0.584158,False,21.19
3767,0.568798,False,20.63
3768,0.532843,False,19.33
3769,0.634662,False,23.02
3770,0.52025,False,18.87
3771,0.557079,False,20.21
3772,0.564594,False,20.48
3773,0.503177,False,18.25
3774,0.5227,False,18.96
3775,0.558038,False,20.24
3776,0.516713,False,18.74
3777,0.508642,False,18.45
3778,0.587482,False,21.31
3779,0.602412,False,21.85
3780,0.471272,False,17.09
3781,0.477967,False,17.34
3782,0.494107,False,17.92
3783,0.475657,False,17.25
3784,0.501772,False,18.2
3785,0.462443,False,16.77
3786,0.461776,False,16.75
3787,0.471637,False,17.11
3788,0.464701,False,16.86
3789,0.562761,False,20.41
3790,0.465612,False,16.89
3791,0.46492,False,16.86
3792,0.48049,False,17.43
3793,0.545298,False,19.78
3794,0.275146,False,9.98
3795,0.277899,False,10.08
3796,0.300165,False,10.89
3797,0.426777,False,15.48
3798,0.417439,False,15.14
3799,0.51257,False,18.59
3800,0.445791,False,16.17
3801,0.420808,False,15.26
3802,0.424015,False,15.38
3803,0.423658,False,15.37
3804,0.472574,False,17.14
3805,0.388338,False,14.09
3806,0.400911,False,14.54
3807,0.413691,False,15.01
3808,0.381262,False,13.83
3809,0.402723,False,14.61
3810,0.410622,False,14.89
3811,0.423497,False,15.36
3812,0.379936,False,13.78
3813,0.346814,False,12.58
3814,0.377563,False,13.7
3815,0.404433,False,14.67
3816,0.356175,False,12.92
3817,0.335589,False,12.17
3818,0.326467,False,11.84
3819,0.354288,False,12.85
3820,0.382632,False,13.88
3821,0.336418,False,12.2
3822,0.35329,False,12.81
3823,0.339218,False,12.3
3824,0.387023,False,14.04
3825,0.356893,False,12.95
3826,0.330214,False,11.98
3827,0.352644,False,12.79
3828,0.329018,False,11.93
3829,0.355112,False,12.88
3830,0.40641,False,14.74
3831,0.360887,False,13.09
3832,0.463375,False,16.81
3833,0.395956,False,14.36
3834,0.366405,False,13.29
3835,0.354728,False,12.87
3836,0.406497,False,14.74
3837,0.355169,False,12.88
3838,1.15991,True,42.07
3839,0.546467,False,19.82
3840,0.503625,False,18.27
3841,0.532287,False,19.31
3842,0.633739,False,22.99
3843,0.530799,False,19.25
3844,0.516746,False,18.74
3845,0.52101,False,18.9
3846,0.509315,False,18.47
3847,0.544723,False,19.76
3848,0.535237,False,19.41
3849,0.561536,False,20.37
3850,0.509891,False,18.5
3851,0.553694,False,20.08
3852,0.543205,False,19.7
3853,0.569025,False,20.64
3854,0.615722,False,22.33
3855,0.543643,False,19.72
3856,0.546983,False,19.84
3857,0.535592,False,19.43
3858,0.554505,False,20.11
3859,0.528973,False,19.19
3860,0.549843,False,19.94
3861,0.545677,False,19.79
3862,0.548597,False,19.9
3863,0.576123,False,20.9
3864,0.485126,False,17.6
3865,0.443199,False,16.08
3866,0.530607,False,19.25
3867,0.474126,False,17.2
3868,0.529904,False,19.22
3869,0.40993,False,14.87
3870,0.408798,False,14.83
3871,0.463493,False,16.81
3872,0.424317,False,15.39
3873,0.562405,False,20.4
3874,0.430789,False,15.63
3875,0.460687,False,16.71
3876,0.522078,False,18.94
3877,0.469616,False,17.03
3878,0.545708,False,19.79
3879,0.493538,False,17.9
3880,0.530363,False,19.24
3881,0.50591,False,18.35
3882,0.52324,False,18.98
3883,0.515571,False,18.7
3884,0.387891,False,14.07
3885,0.45567,False,16.53
3886,0.436181,False,15.82
3887,0.595251,False,21.59
3888,0.547536,False,19.86
3889,0.256372,False,9.3
3890,0.247743,False,8.99
3891,0.346509,False,12.57
3892,0.240472,False,8.72
3893,0.386752,False,14.03
3894,0.205845,False,7.47
3895,0.222098,False,8.06
3896,0.265285,False,9.62
3897,0.189847,False,6.89
3898,0.186052,False,6.75
3899,0.189929,False,6.89
3900,0.254975,False,9.25
3901,0.252126,False,9.15
3902,0.230672,False,8.37
3903,0.194484,False,7.05
3904,0.362536,False,13.15
3905,0.208609,False,7.57
3906,0.189763,False,6.88
3907,0.27139,False,9.84
3908,0.22608,False,8.2
3909,0.267968,False,9.72
3910,0.186227,False,6.75
3911,0.228908,False,8.3
3912,0.187657,False,6.81
3913,0.213258,False,7.74
3914,0.259428,False,9.41
3915,0.200842,False,7.29
3916,0.244146,False,8.86
3917,0.243718,False,8.84
3918,0.263224,False,9.55
3919,0.417668,False,15.15
3920,0.284627,False,10.32
3921,0.336098,False,12.19
3922,0.292588,False,10.61
3923,0.256258,False,9.3
3924,0.323415,False,11.73
3925,0.304712,False,11.05
3926,0.301509,False,10.94
3927,0.273072,False,9.91
3928,0.306317,False,11.11
3929,0.328213,False,11.91
3930,0.405159,False,14.7
3931,0.378593,False,13.73
3932,0.338687,False,12.29
3933,0.424311,False,15.39
3934,0.33656,False,12.21
3935,0.345266,False,12.52
3936,0.319932,False,11.6
3937,0.406307,False,14.74
3938,0.336075,False,12.19
3939,0.343614,False,12.46
3940,0.329234,False,11.94
3941,0.435346,False,15.79
3942,0.361821,False,13.12
3943,0.403755,False,14.65
3944,0.353464,False,12.82
3945,0.371274,False,13.47
3946,0.404133,False,14.66
3947,0.446518,False,16.2
3948,0.400588,False,14.53
3949,0.431006,False,15.63
3950,0.411694,False,14.93
3951,0.416454,False,15.11
3952,0.426916,False,15.49
3953,0.404929,False,14.69
3954,0.436474,False,15.83
3955,0.438636,False,15.91
3956,0.449047,False,16.29
3957,0.421706,False,15.3
3958,0.442979,False,16.07
3959,0.433936,False,15.74
3960,0.537375,False,19.49
3961,0.546972,False,19.84
3962,0.536772,False,19.47
3963,0.596106,False,21.62
3964,0.57368,False,20.81
3965,0.555276,False,20.14
3966,0.533129,False,19.34
3967,0.495805,False,17.98
3968,0.528975,False,19.19
3969,0.54417,False,19.74
3970,0.589394,False,21.38
3971,0.478497,False,17.36
3972,0.482694,False,17.51
3973,0.462866,False,16.79
3974,0.473486,False,17.17
3975,0.433993,False,15.74
3976,0.439087,False,15.93
3977,0.425948,False,15.45
3978,0.408518,False,14.82
3979,0.399855,False,14.5
3980,0.400138,False,14.51
3981,0.440819,False,15.99
3982,0.394351,False,14.3
3983,0.410648,False,14.9
3984,1.338454,True,48.55
3985,0.394244,False,14.3
3986,0.368625,False,13.37
3987,0.381694,False,13.85
3988,0.371625,False,13.48
3989,0.36874,False,13.38
3990,0.355819,False,12.91
3991,0.369039,False,13.39
3992,0.409312,False,14.85
3993,0.35837,False,13.0
3994,0.408541,False,14.82
3995,0.392883,False,14.25
3996,0.400946,False,14.54
3997,0.405696,False,14.72
3998,0.372286,False,13.5
3999,0.387078,False,14.04
4000,0.337991,False,12.26
4001,0.336725,False,12.21
4002,0.303303,False,11.0
4003,0.296529,False,10.76
4004,0.399598,False,14.49
4005,0.345738,False,12.54
4006,0.311011,False,11.28
4007,0.323431,False,11.73
4008,0.424185,False,15.39
4009,0.284488,False,10.32
4010,0.280783,False,10.18
4011,0.313028,False,11.35
4012,0.31548,False,11.44
4013,0.283122,False,10.27
4014,0.291487,False,10.57
4015,0.360908,False,13.09
4016,0.364425,False,13.22
4017,0.305385,False,11.08
4018,0.303137,False,11.0
4019,0.306902,False,11.13
4020,0.309376,False,11.22
4021,0.434909,False,15.78
4022,0.312397,False,11.33
4023,0.267896,False,9.72
4024,0.474033,False,17.19
4025,0.459777,False,16.68
4026,0.485198,False,17.6
4027,0.478842,False,17.37
4028,0.511571,False,18.56
4029,0.465884,False,16.9
4030,0.488458,False,17.72
4031,0.417894,False,15.16
4032,0.479775,False,17.4
4033,0.404187,False,14.66
4034,0.400481,False,14.53
4035,0.409577,False,14.86
4036,0.396247,False,14.37
4037,0.387663,False,14.06
4038,0.409787,False,14.86
4039,0.439449,False,15.94
4040,0.464762,False,16.86
4041,0.360937,False,13.09
4042,0.356485,False,12.93
4043,0.355536,False,12.9
4044,0.352374,False,12.78
4045,0.361005,False,13.09
4046,0.405852,False,14.72
4047,0.353027,False,12.81
4048,0.381021,False,13.82
4049,0.387913,False,14.07
4050,0.397772,False,14.43
4051,0.407885,False,14.8
4052,0.402278,False,14.59
4053,0.373123,False,13.53
4054,0.342549,False,12.43
4055,0.346051,False,12.55
4056,0.344463,False,12.49
4057,0.344223,False,12.49
4058,0.419934,False,15.23
4059,0.365163,False,13.25
4060,0.374566,False,13.59
4061,0.388116,False,14.08
4062,0.493238,False,17.89
4063,0.393489,False,14.27
4064,0.434199,False,15.75
4065,0.407995,False,14.8
4066,0.417103,False,15.13
4067,0.434361,False,15.76
4068,0.479182,False,17.38
4069,0.354835,False,12.87
4070,0.311228,False,11.29
4071,0.292364,False,10.6
4072,0.408068,False,14.8
4073,0.401608,False,14.57
4074,0.554932,False,20.13
4075,1.056457,True,38.32
4076,0.45346,False,16.45
4077,0.406877,False,14.76
4078,0.484628,False,17.58
4079,0.388062,False,14.08
4080,0.407285,False,14.77
4081,0.410594,False,14.89
4082,0.405032,False,14.69
4083,0.408379,False,14.81
4084,0.446193,False,16.18
4085,0.381733,False,13.85
4086,0.339268,False,12.31
4087,0.503235,False,18.25
4088,0.318741,False,11.56
4089,0.316033,False,11.46
4090,0.315411,False,11.44
4091,0.333942,False,12.11
4092,0.384052,False,13.93
4093,0.373432,False,13.55
4094,0.300979,False,10.92
4095,0.352071,False,12.77
4096,0.333047,False,12.08
4097,0.331591,False,12.03
4098,0.311432,False,11.3
4099,0.327964,False,11.9
4100,0.310763,False,11.27
4101,0.308254,False,11.18
4102,0.358259,False,13.0
4103,0.314902,False,11.42
4104,0.388853,False,14.1
4105,0.324573,False,11.77
4106,0.360758,False,13.09
4107,0.356922,False,12.95
4108,0.323132,False,11.72
4109,0.373059,False,13.53
4110,0.344283,False,12.49
4111,0.383269,False,13.9
4112,0.343635,False,12.46
4113,0.341145,False,12.37
4114,0.349533,False,12.68
4115,0.35509,False,12.88
4116,0.328845,False,11.93
4117,0.35475,False,12.87
4118,0.387119,False,14.04
4119,0.423436,False,15.36
4120,0.43703,False,15.85
4121,0.347368,False,12.6
4122,0.40322,False,14.63
4123,0.361377,False,13.11
4124,0.364639,False,13.23
4125,0.41975,False,15.23
4126,0.544973,False,19.77
4127,0.42474,False,15.41
4128,0.413636,False,15.0
4129,0.395257,False,14.34
4130,0.4586,False,16.63
4131,0.452215,False,16.4
4132,0.436355,False,15.83
4133,0.495869,False,17.99
4134,0.481104,False,17.45
4135,0.49151,False,17.83
4136,0.443525,False,16.09
4137,0.433231,False,15.71
4138,0.47652,False,17.28
4139,0.501163,False,18.18
4140,0.609926,False,22.12
4141,0.631092,False,22.89
4142,0.794255,False,28.81
4143,0.700241,False,25.4
4144,0.646161,False,23.44
4145,0.637804,False,23.13
4146,0.600611,False,21.79
4147,0.600907,False,21.8
4148,0.618784,False,22.45
4149,0.58709,False,21.3
4150,0.612785,False,22.23
4151,0.599416,False,21.74
4152,0.57454,False,20.84
4153,0.67554,False,24.5
4154,0.607486,False,22.04
4155,0.591058,False,21.44
4156,0.631684,False,22.91
4157,0.646464,False,23.45
4158,0.681324,False,24.71
4159,0.631927,False,22.92
4160,0.632138,False,22.93
4161,0.660756,False,23.97
4162,0.682956,False,24.77
4163,0.705647,False,25.6
4164,0.791804,False,28.72
4165,0.776703,False,28.17
4166,0.815852,False,29.59
4167,0.862087,False,31.27
4168,0.898862,False,32.6
4169,0.89811,False,32.58
4170,0.897267,False,32.55
4171,0.941616,True,34.16
4172,0.947062,True,34.35
4173,1.561852,True,56.65
4174,0.237794,False,8.63
4175,0.284525,False,10.32
4176,0.247343,False,8.97
4177,0.399275,False,14.48
4178,0.417675,False,15.15
4179,0.393002,False,14.26
4180,0.34859,False,12.64
4181,0.329436,False,11.95
4182,0.325128,False,11.79
4183,0.453932,False,16.47
4184,0.325736,False,11.82
4185,0.311295,False,11.29
4186,0.3571,False,12.95
4187,0.312331,False,11.33
4188,0.30588,False,11.1
4189,0.300061,False,10.88
4190,0.30091,False,10.91
4191,0.308308,False,11.18
4192,0.296935,False,10.77
4193,0.317885,False,11.53
4194,0.291574,False,10.58
4195,0.278306,False,10.09
4196,0.330416,False,11.99
4197,0.316521,False,11.48
4198,0.309724,False,11.23
4199,0.334272,False,12.13
4200,0.301154,False,10.92
4201,0.309046,False,11.21
4202,0.322454,False,11.7
4203,0.304445,False,11.04
4204,0.309944,False,11.24
4205,0.447816,False,16.24
4206,0.294357,False,10.68
4207,0.361417,False,13.11
4208,0.427436,False,15.5
4209,0.317317,False,11.51
4210,0.30583,False,11.09
4211,0.303142,False,11.0
4212,0.31139,False,11.3
4213,0.349109,False,12.66
4214,0.284558,False,10.32
4215,0.310094,False,11.25
4216,0.317955,False,11.53
4217,0.318769,False,11.56
4218,0.31142,False,11.3
4219,0.419003,False,15.2
4220,0.303077,False,10.99
4221,0.328137,False,11.9
4222,0.398879,False,14.47
4223,0.312193,False,11.32
4224,0.344364,False,12.49
4225,0.34846,False,12.64
4226,0.35079,False,12.72
4227,0.334626,False,12.14
4228,0.363255,False,13.18
4229,0.33908,False,12.3
4230,0.340213,False,12.34
4231,0.334519,False,12.13
4232,0.436444,False,15.83
4233,0.344832,False,12.51
4234,0.383811,False,13.92
4235,0.366154,False,13.28
4236,0.380194,False,13.79
4237,0.45757,False,16.6
4238,0.426023,False,15.45
4239,0.343897,False,12.47
4240,0.346463,False,12.57
4241,0.349223,False,12.67
4242,0.423619,False,15.37
4243,0.473263,False,17.17
4244,0.369568,False,13.41
4245,0.472712,False,17.15
4246,0.40064,False,14.53
4247,0.410359,False,14.88
4248,0.399015,False,14.47
4249,0.401591,False,14.57
4250,0.419887,False,15.23
4251,0.408212,False,14.81
4252,0.418046,False,15.16
4253,0.499971,False,18.14
4254,0.494049,False,17.92
4255,0.523596,False,18.99
4256,0.487599,False,17.69
4257,0.873056,False,31.67
4258,0.911865,False,33.08
4259,0.906921,False,32.9
4260,0.78349,False,28.42
4261,0.776311,False,28.16
4262,0.802476,False,29.11
4263,0.761898,False,27.64
4264,0.758987,False,27.53
4265,0.752938,False,27.31
4266,0.750178,False,27.21
4267,0.77538,False,28.13
4268,0.782541,False,28.39
4269,0.758784,False,27.52
4270,0.787891,False,28.58
4271,0.770548,False,27.95
4272,0.741366,False,26.89
4273,0.78133,False,28.34
4274,0.827045,False,30.0
4275,0.756938,False,27.46
4276,0.749515,False,27.19
4277,0.791732,False,28.72
4278,0.74642,False,27.07
4279,0.786266,False,28.52
4280,0.812066,False,29.46
4281,0.755302,False,27.4
4282,0.753948,False,27.35
4283,0.78292,False,28.4
4284,0.79336,False,28.78
4285,0.752283,False,27.29
4286,0.747877,False,27.13
4287,0.744034,False,26.99
4288,0.741783,False,26.91
4289,0.739229,False,26.81
4290,0.740352,False,26.85
4291,1.452656,True,52.69
4292,0.792348,False,28.74
4293,0.788506,False,28.6
4294,0.790128,False,28.66
4295,0.743515,False,26.97
4296,0.6771,False,24.56
4297,0.695206,False,25.22
4298,0.668909,False,24.26
4299,0.707727,False,25.67
4300,0.659418,False,23.92
4301,0.779048,False,28.26
4302,0.666252,False,24.17
4303,0.649421,False,23.56
4304,0.76939,False,27.91
4305,0.634325,False,23.01
4306,0.685397,False,24.86
4307,0.65286,False,23.68
4308,0.639324,False,23.19
4309,0.636831,False,23.1
4310,0.722808,False,26.22
4311,0.626748,False,22.73
4312,0.646491,False,23.45
4313,0.656959,False,23.83
4314,0.637491,False,23.12
4315,0.697178,False,25.29
4316,0.672604,False,24.4
4317,0.630578,False,22.87
4318,0.701356,False,25.44
4319,0.65267,False,23.67
4320,0.661434,False,23.99
4321,0.725731,False,26.32
4322,0.705369,False,25.59
4323,0.703082,False,25.5
4324,0.736961,False,26.73
4325,0.710091,False,25.76
4326,0.670199,False,24.31
4327,0.692669,False,25.13
4328,0.680118,False,24.67
4329,0.797015,False,28.91
4330,0.752751,False,27.3
4331,0.6775,False,24.57
4332,0.704026,False,25.54
4333,0.703616,False,25.52
4334,0.771817,False,28.0
4335,0.685549,False,24.87
4336,0.699995,False,25.39
4337,0.695476,False,25.23
4338,0.793862,False,28.8
4339,0.768245,False,27.87
4340,0.744167,False,26.99
4341,0.750154,False,27.21
4342,0.759812,False,27.56
4343,0.787249,False,28.56
4344,0.736116,False,26.7
4345,0.666091,False,24.16
4346,0.542107,False,19.66
4347,0.530902,False,19.26
4348,0.543499,False,19.71
4349,0.52399,False,19.01
4350,0.5191,False,18.83
4351,0.508003,False,18.43
4352,0.527174,False,19.12
4353,0.52155,False,18.92
4354,0.511326,False,18.55
4355,0.72396,False,26.26
4356,0.686949,False,24.92
4357,0.599323,False,21.74
4358,0.774005,False,28.08
4359,0.723476,False,26.24
4360,0.730086,False,26.48
4361,0.714384,False,25.91
4362,0.815686,False,29.59
4363,0.697558,False,25.3
4364,0.70786,False,25.68
4365,0.709993,False,25.75
4366,0.674526,False,24.47
4367,0.699789,False,25.38
4368,0.702046,False,25.47
4369,0.672324,False,24.39
4370,0.670572,False,24.32
4371,0.675715,False,24.51
4372,0.671507,False,24.36
4373,0.706566,False,25.63
4374,0.678198,False,24.6
4375,0.841266,False,30.52
4376,0.844634,False,30.64
4377,0.803968,False,29.16
4378,0.842354,False,30.55
4379,0.851337,False,30.88
4380,0.81008,False,29.38
4381,0.778338,False,28.23
4382,0.828152,False,30.04
4383,0.902902,False,32.75
4384,0.780138,False,28.3
4385,0.819562,False,29.73
4386,0.786025,False,28.51
4387,0.760367,False,27.58
4388,0.7822,False,28.37
4389,0.751085,False,27.24
4390,0.776396,False,28.16
4391,0.8208,False,29.77
4392,0.755467,False,27.4
4393,0.779373,False,28.27
4394,0.734177,False,26.63
4395,0.77235,False,28.02
4396,0.73196,False,26.55
4397,0.72131,False,26.16
4398,0.731438,False,26.53
4399,0.772751,False,28.03
4400,0.75617,False,27.43
4401,0.855657,False,31.04
4402,0.768299,False,27.87
4403,0.735385,False,26.67
4404,0.758526,False,27.51
4405,0.734922,False,26.66
4406,0.747264,False,27.11
4407,0.736858,False,26.73
4408,0.735035,False,26.66
4409,0.718186,False,26.05
4410,0.725492,False,26.32
4411,0.841543,False,30.53
4412,0.694,False,25.17
4413,0.654139,False,23.73
4414,0.673502,False,24.43
4415,0.673794,False,24.44
4416,0.615927,False,22.34
4417,0.605306,False,21.96
4418,0.608189,False,22.06
4419,0.643958,False,23.36
4420,0.621991,False,22.56
4421,0.582394,False,21.13
4422,0.601594,False,21.82
4423,0.742257,False,26.92
4424,0.669745,False,24.29
4425,0.596883,False,21.65
4426,0.623667,False,22.62
4427,0.680827,False,24.7
4428,0.641944,False,23.29
4429,0.657776,False,23.86
4430,0.589449,False,21.38
4431,0.701263,False,25.44
4432,0.636982,False,23.11
4433,0.649214,False,23.55
4434,0.713001,False,25.86
4435,0.624269,False,22.64
4436,0.675866,False,24.52
4437,0.727084,False,26.37
4438,0.665446,False,24.14
4439,0.608744,False,22.08
4440,0.629474,False,22.83
4441,0.737922,False,26.77
4442,0.678286,False,24.6
4443,0.633827,False,22.99
4444,0.643598,False,23.35
4445,0.660064,False,23.94
4446,0.695318,False,25.22
4447,0.679808,False,24.66
4448,0.652288,False,23.66
4449,0.698736,False,25.35
4450,0.652496,False,23.67
4451,0.662834,False,24.04
4452,0.70023,False,25.4
4453,0.26261,False,9.53
4454,0.299416,False,10.86
4455,0.236802,False,8.59
4456,0.390866,False,14.18
4457,0.385327,False,13.98
4458,0.373217,False,13.54
4459,0.355178,False,12.88
4460,0.345753,False,12.54
4461,0.335067,False,12.15
4462,0.324876,False,11.78
4463,0.434433,False,15.76
4464,0.379456,False,13.76
4465,0.301302,False,10.93
4466,0.30583,False,11.09
4467,0.321328,False,11.66
4468,0.259219,False,9.4
4469,0.254676,False,9.24
4470,0.278581,False,10.1
4471,0.250535,False,9.09
4472,0.238962,False,8.67
4473,0.238122,False,8.64
4474,0.220802,False,8.01
4475,0.234422,False,8.5
4476,0.227321,False,8.25
4477,0.212134,False,7.69
4478,0.211515,False,7.67
4479,0.243216,False,8.82
4480,0.295449,False,10.72
4481,0.24958,False,9.05
4482,0.229807,False,8.34
4483,0.218093,False,7.91
4484,0.222577,False,8.07
4485,0.238184,False,8.64
4486,0.270228,False,9.8
4487,0.233671,False,8.48
4488,0.261369,False,9.48
4489,0.291839,False,10.59
4490,0.306409,False,11.11
4491,0.255159,False,9.26
4492,0.24249,False,8.8
4493,0.318279,False,11.54
4494,0.246797,False,8.95
4495,0.206039,False,7.47
4496,0.238592,False,8.65
4497,0.228197,False,8.28
4498,0.238811,False,8.66
4499,0.406753,False,14.75
4500,0.246578,False,8.94
4501,0.255227,False,9.26
4502,0.25274,False,9.17
4503,0.287206,False,10.42
4504,0.285241,False,10.35
4505,0.25965,False,9.42
4506,0.287658,False,10.43
4507,0.357571,False,12.97
4508,0.295009,False,10.7
4509,0.277011,False,10.05
4510,0.281775,False,10.22
4511,0.392638,False,14.24
4512,0.352605,False,12.79
4513,0.42644,False,15.47
4514,0.463527,False,16.81
4515,0.425119,False,15.42
4516,0.387349,False,14.05
4517,0.430058,False,15.6
4518,0.41443,False,15.03
4519,0.369125,False,13.39
4520,0.598766,False,21.72
4521,0.599064,False,21.73
4522,0.648838,False,23.54
4523,0.690913,False,25.06
4524,0.573104,False,20.79
4525,0.557079,False,20.21
4526,0.62131,False,22.54
4527,0.549406,False,19.93
4528,0.550128,False,19.95
4529,0.549959,False,19.95
4530,0.59211,False,21.48
4531,0.523439,False,18.99
4532,0.502226,False,18.22
4533,0.554201,False,20.1
4534,0.495744,False,17.98
4535,0.504988,False,18.32
4536,0.48969,False,17.76
4537,0.478418,False,17.35
4538,0.487708,False,17.69
4539,0.503964,False,18.28
4540,0.5146,False,18.67
4541,0.508197,False,18.43
4542,0.486879,False,17.66
4543,0.483732,False,17.55
4544,0.46413,False,16.84
4545,0.477758,False,17.33
4546,0.454189,False,16.47
4547,0.480206,False,17.42
4548,0.447928,False,16.25
4549,0.449542,False,16.31
4550,0.459644,False,16.67
4551,0.481458,False,17.46
4552,0.422645,False,15.33
4553,0.459493,False,16.67
4554,0.456007,False,16.54
4555,0.480374,False,17.42
4556,0.437801,False,15.88
4557,0.474224,False,17.2
4558,0.406671,False,14.75
4559,0.438347,False,15.9
4560,0.433009,False,15.71
4561,0.420856,False,15.27
4562,0.413826,False,15.01
4563,0.436693,False,15.84
4564,0.45597,False,16.54
4565,0.983238,True,35.66
4566,0.979208,True,35.52
4567,0.971819,True,35.25
4568,1.028227,True,37.3
4569,1.03958,True,37.71
4570,1.06516,True,38.64
4571,1.123475,True,40.75
4572,1.252258,True,45.42
4573,1.665183,True,60.4
4574,0.388582,False,14.09
4575,0.54373,False,19.72
4576,0.370855,False,13.45
4577,0.511226,False,18.54
4578,0.493281,False,17.89
4579,0.540978,False,19.62
4580,0.492026,False,17.85
4581,0.463185,False,16.8
4582,0.513903,False,18.64
4583,0.453999,False,16.47
4584,0.49033,False,17.79
4585,0.450531,False,16.34
4586,0.42824,False,15.53
4587,0.4384,False,15.9
4588,0.444499,False,16.12
4589,0.412868,False,14.98
4590,0.472067,False,17.12
4591,0.391857,False,14.21
4592,0.383617,False,13.91
4593,0.42888,False,15.56
4594,0.38089,False,13.82
4595,0.383112,False,13.9
4596,0.433813,False,15.74
4597,0.366301,False,13.29
4598,0.457067,False,16.58
4599,0.487776,False,17.69
4600,0.369774,False,13.41
4601,0.366695,False,13.3
4602,0.378391,False,13.73
4603,0.358955,False,13.02
4604,0.362871,False,13.16
4605,0.405013,False,14.69
4606,0.421449,False,15.29
4607,0.366966,False,13.31
4608,0.35876,False,13.01
4609,0.457286,False,16.59
4610,0.456399,False,16.55
4611,0.403965,False,14.65
4612,0.399193,False,14.48
4613,0.418207,False,15.17
4614,0.448739,False,16.28
4615,0.457354,False,16.59
4616,0.440886,False,15.99
4617,0.434179,False,15.75
4618,0.459785,False,16.68
4619,0.525518,False,19.06
4620,0.500232,False,18.14
4621,0.487198,False,17.67
4622,0.522262,False,18.94
4623,0.507832,False,18.42
4624,0.543975,False,19.73
4625,0.531851,False,19.29
4626,0.541419,False,19.64
4627,0.534343,False,19.38
4628,0.656654,False,23.82
4629,0.648469,False,23.52
4630,0.554078,False,20.1
4631,0.562803,False,20.41
4632,0.564021,False,20.46
4633,0.589725,False,21.39
4634,0.539922,False,19.58
4635,0.536065,False,19.44
4636,0.520633,False,18.88
4637,0.553106,False,20.06
4638,0.51445,False,18.66
4639,0.502106,False,18.21
4640,0.541168,False,19.63
4641,0.515973,False,18.72
4642,0.506163,False,18.36
4643,0.544139,False,19.74
4644,0.507521,False,18.41
4645,0.503566,False,18.27
4646,0.542852,False,19.69
4647,0.505233,False,18.33
4648,0.512318,False,18.58
4649,0.585054,False,21.22
4650,0.584351,False,21.2
4651,0.523952,False,19.01
4652,0.513679,False,18.63
4653,0.534639,False,19.39
4654,0.528671,False,19.18
4655,0.534584,False,19.39
4656,0.594843,False,21.58
4657,0.538054,False,19.52
4658,0.544036,False,19.73
4659,0.555977,False,20.17
4660,0.567723,False,20.59
4661,0.547072,False,19.84
4662,0.582977,False,21.15
4663,0.695012,False,25.21
4664,0.709385,False,25.73
4665,0.856073,False,31.05
4666,0.744302,False,27.0
4667,0.725103,False,26.3
4668,0.704868,False,25.57
4669,0.682528,False,24.76
4670,0.684148,False,24.82
4671,0.667357,False,24.21
4672,0.662954,False,24.05
4673,0.709314,False,25.73
4674,0.729242,False,26.45
4675,0.693398,False,25.15
4676,0.652301,False,23.66
4677,0.676112,False,24.52
4678,0.640186,False,23.22
4679,0.75581,False,27.42
4680,0.616467,False,22.36
4681,0.637368,False,23.12
4682,0.626389,False,22.72
4683,0.610871,False,22.16
4684,0.616986,False,22.38
4685,0.670229,False,24.31
4686,0.711739,False,25.82
4687,0.600127,False,21.77
4688,0.605864,False,21.98
4689,0.680792,False,24.69
4690,0.617225,False,22.39
4691,0.627648,False,22.77
4692,0.622253,False,22.57
4693,0.635185,False,23.04
4694,0.614257,False,22.28
4695,0.668291,False,24.24
4696,0.663109,False,24.05
4697,0.648829,False,23.53
4698,0.647671,False,23.49
4699,0.65781,False,23.86
4700,0.628131,False,22.78
4701,0.614952,False,22.31
4702,0.742303,False,26.93
4703,0.644425,False,23.38
4704,0.635788,False,23.06
4705,0.648475,False,23.52
4706,0.663095,False,24.05
4707,0.674905,False,24.48
4708,0.696141,False,25.25
4709,0.639192,False,23.19
4710,0.669827,False,24.3
4711,0.668938,False,24.26
4712,0.668849,False,24.26
4713,0.67375,False,24.44
4714,0.672958,False,24.41
4715,0.679972,False,24.66
4716,0.677828,False,24.59
4717,0.693198,False,25.14
4718,0.690394,False,25.04
4719,0.708787,False,25.71
4720,0.392747,False,14.25
4721,0.497588,False,18.05
4722,0.35277,False,12.8
4723,0.522516,False,18.95
4724,0.501324,False,18.18
4725,0.425425,False,15.43
4726,0.34837,False,12.64
4727,0.298495,False,10.83
4728,0.293928,False,10.66
4729,0.340978,False,12.37
4730,0.331327,False,12.02
4731,0.257619,False,9.34
4732,0.32743,False,11.88
4733,0.272688,False,9.89
4734,0.239629,False,8.69
4735,0.217465,False,7.89
4736,0.245264,False,8.9
4737,0.248137,False,9.0
4738,0.34876,False,12.65
4739,0.197942,False,7.18
4740,0.353248,False,12.81
4741,0.188124,False,6.82
4742,0.345276,False,12.52
4743,0.238737,False,8.66
4744,0.224137,False,8.13
4745,0.230356,False,8.36
4746,0.227328,False,8.25
4747,0.191488,False,6.95
4748,0.184579,False,6.7
4749,0.255972,False,9.28
4750,0.197104,False,7.15
4751,0.205077,False,7.44
4752,0.204725,False,7.43
4753,0.201866,False,7.32
4754,0.172696,False,6.26
4755,1.193802,True,43.3
4756,0.532286,False,19.31
4757,0.545326,False,19.78
4758,0.541172,False,19.63
4759,0.524817,False,19.04
4760,0.516773,False,18.74
4761,0.517943,False,18.79
4762,0.52677,False,19.11
4763,0.519097,False,18.83
4764,0.51568,False,18.71
4765,0.520166,False,18.87
4766,0.544754,False,19.76
4767,0.55374,False,20.09
4768,0.534643,False,19.39
4769,0.525792,False,19.07
4770,0.585343,False,21.23
4771,0.569614,False,20.66
4772,0.538576,False,19.54
4773,0.764736,False,27.74
4774,0.787525,False,28.57
4775,0.712571,False,25.85
4776,0.595411,False,21.6
4777,0.606192,False,21.99
4778,0.574904,False,20.85
4779,0.609099,False,22.09
4780,0.562878,False,20.42
4781,0.591493,False,21.46
4782,0.571411,False,20.73
4783,0.536318,False,19.45
4784,0.55225,False,20.03
4785,0.545554,False,19.79
4786,0.555344,False,20.14
4787,0.621982,False,22.56
4788,0.535517,False,19.42
4789,0.695091,False,25.21
4790,0.685692,False,24.87
4791,0.764372,False,27.73
4792,0.643806,False,23.35
4793,0.62909,False,22.82
4794,0.647894,False,23.5
4795,0.668688,False,24.26
4796,0.684273,False,24.82
4797,0.651001,False,23.61
4798,0.73364,False,26.61
4799,0.663941,False,24.08
4800,0.68715,False,24.92
4801,0.629402,False,22.83
4802,0.691532,False,25.08
4803,0.674918,False,24.48
4804,0.707325,False,25.66
4805,0.659802,False,23.93
4806,0.672445,False,24.39
4807,0.642892,False,23.32
4808,0.661182,False,23.98
4809,0.792135,False,28.73
4810,0.668317,False,24.24
4811,0.724886,False,26.29
4812,0.722451,False,26.21
4813,0.762361,False,27.65
4814,0.877231,False,31.82
4815,0.776714,False,28.17
4816,0.817293,False,29.65
4817,0.768476,False,27.87
4818,0.878119,False,31.85
4819,0.793613,False,28.79
4820,0.773761,False,28.07
4821,0.79892,False,28.98
4822,0.855859,False,31.04
4823,0.816045,False,29.6
4824,0.762953,False,27.67
4825,0.406619,False,14.75
4826,0.384464,False,13.95
4827,0.425098,False,15.42
4828,0.503631,False,18.27
4829,0.47496,False,17.23
4830,0.340721,False,12.36
4831,0.366855,False,13.31
4832,0.326567,False,11.85
4833,0.349739,False,12.69
4834,0.310408,False,11.26
4835,0.311922,False,11.31
4836,0.329338,False,11.95
4837,0.280116,False,10.16
4838,0.325213,False,11.8
4839,0.262232,False,9.51
4840,0.256189,False,9.29
4841,0.262434,False,9.52
4842,0.281418,False,10.21
4843,0.22532,False,8.17
4844,0.239495,False,8.69
4845,0.219473,False,7.96
4846,0.219226,False,7.95
4847,0.253731,False,9.2
4848,0.210672,False,7.64
4849,0.19876,False,7.21
4850,0.200581,False,7.28
4851,0.284673,False,10.33
4852,0.20129,False,7.3
4853,0.305892,False,11.1
4854,0.417435,False,15.14
4855,0.178179,False,6.46
4856,0.188784,False,6.85
4857,0.264831,False,9.61
4858,0.234796,False,8.52
4859,0.32538,False,11.8
4860,0.231639,False,8.4
4861,1.044171,True,37.88
4862,0.519018,False,18.83
4863,0.547565,False,19.86
4864,0.578294,False,20.98
4865,0.531291,False,19.27
4866,0.633943,False,22.99
4867,0.528082,False,19.16
4868,0.547424,False,19.86
4869,0.571168,False,20.72
4870,0.521685,False,18.92
4871,0.530773,False,19.25
4872,0.553728,False,20.09
4873,0.59114,False,21.44
4874,0.526481,False,19.1
4875,1.349463,True,48.95
4876,0.363127,False,13.17
4877,0.350643,False,12.72
4878,0.354045,False,12.84
4879,0.456149,False,16.55
4880,0.483084,False,17.52
4881,0.387047,False,14.04
4882,0.363205,False,13.17
4883,0.371848,False,13.49
4884,0.358603,False,13.01
4885,0.344931,False,12.51
4886,0.327248,False,11.87
4887,0.316771,False,11.49
4888,0.400173,False,14.52
4889,0.295648,False,10.72
4890,0.282636,False,10.25
4891,0.273293,False,9.91
4892,0.294369,False,10.68
4893,0.265286,False,9.62
4894,0.304358,False,11.04
4895,0.246016,False,8.92
4896,0.250401,False,9.08
4897,0.313766,False,11.38
4898,0.251555,False,9.12
4899,0.262062,False,9.51
4900,0.24057,False,8.73
4901,1.055495,True,38.29
4902,0.533512,False,19.35
4903,0.528848,False,19.18
4904,0.513279,False,18.62
4905,0.509714,False,18.49
4906,0.514897,False,18.68
4907,0.528927,False,19.19
4908,0.520727,False,18.89
4909,0.546156,False,19.81
4910,0.513222,False,18.62
4911,0.512897,False,18.6
4912,0.587574,False,21.31
4913,0.510355,False,18.51
4914,0.577643,False,20.95
4915,0.54012,False,19.59
4916,0.510996,False,18.54
4917,0.509912,False,18.5
4918,0.53514,False,19.41
4919,0.520235,False,18.87
4920,0.522929,False,18.97
4921,0.517339,False,18.77
4922,0.533794,False,19.36
4923,0.575668,False,20.88
4924,0.527278,False,19.13
4925,0.61879,False,22.45
4926,0.531514,False,19.28
4927,0.533117,False,19.34
4928,0.547538,False,19.86
4929,0.563114,False,20.43
4930,0.578509,False,20.98
4931,0.558864,False,20.27
4932,0.579617,False,21.02
4933,0.60923,False,22.1
4934,0.602759,False,21.86
4935,0.656346,False,23.81
4936,0.59096,False,21.44
4937,0.60721,False,22.03
4938,0.627655,False,22.77
4939,0.662283,False,24.02
4940,0.697432,False,25.3
4941,0.635523,False,23.05
4942,0.629895,False,22.85
4943,0.664894,False,24.12
4944,0.65069,False,23.6
4945,0.677414,False,24.57
4946,0.667644,False,24.22
4947,0.723472,False,26.24
4948,0.642369,False,23.3
4949,0.668284,False,24.24
4950,0.644156,False,23.37
4951,0.670667,False,24.33
4952,0.70026,False,25.4
4953,0.680989,False,24.7
4954,0.672267,False,24.39
4955,0.685935,False,24.88
4956,0.686786,False,24.91
4957,0.663908,False,24.08
4958,0.707039,False,25.65
4959,0.689876,False,25.02
4960,0.793231,False,28.77
4961,0.592797,False,21.5
4962,0.580981,False,21.07
4963,0.467393,False,16.95
4964,0.479869,False,17.41
4965,0.509768,False,18.49
4966,0.485515,False,17.61
4967,0.542358,False,19.67
4968,0.511072,False,18.54
4969,0.439207,False,15.93
4970,0.435951,False,15.81
4971,0.529519,False,19.21
4972,0.43875,False,15.91
4973,0.443811,False,16.1
4974,0.50987,False,18.49
4975,0.454836,False,16.5
4976,0.447396,False,16.23
4977,0.446781,False,16.21
4978,0.460056,False,16.69
4979,0.467546,False,16.96
4980,0.459252,False,16.66
4981,0.455444,False,16.52
4982,0.497566,False,18.05
4983,0.465575,False,16.89
4984,0.497956,False,18.06
4985,0.483099,False,17.52
4986,0.496266,False,18.0
4987,0.494415,False,17.93
4988,0.499838,False,18.13
4989,0.539758,False,19.58
4990,0.522441,False,18.95
4991,0.527604,False,19.14
4992,0.547718,False,19.87
4993,0.584824,False,21.21
4994,0.575174,False,20.86
4995,0.589282,False,21.37
4996,0.583471,False,21.16
4997,0.286286,False,10.38
4998,0.29012,False,10.52
4999,0.331153,False,12.01
5000,0.45948,False,16.67
5001,0.47998,False,17.41
5002,0.352279,False,12.78
5003,0.383414,False,13.91
5004,0.336603,False,12.21
5005,0.319408,False,11.59
5006,0.323659,False,11.74
5007,0.358867,False,13.02
5008,0.332998,False,12.08
5009,0.318468,False,11.55
5010,0.292996,False,10.63
5011,0.284201,False,10.31
5012,0.296107,False,10.74
5013,0.243573,False,8.84
5014,0.236094,False,8.56
5015,0.28354,False,10.28
5016,0.236435,False,8.58
5017,0.232526,False,8.43
5018,0.212442,False,7.71
5019,0.216461,False,7.85
5020,0.226441,False,8.21
5021,0.189008,False,6.86
5022,0.212749,False,7.72
5023,0.181255,False,6.57
5024,0.204997,False,7.44
5025,0.182115,False,6.61
5026,0.260673,False,9.46
5027,0.247291,False,8.97
5028,0.182235,False,6.61
5029,0.197365,False,7.16
5030,0.20734,False,7.52
5031,0.330196,False,11.98
5032,0.179578,False,6.51
5033,0.172046,False,6.24
5034,0.205756,False,7.46
5035,0.208602,False,7.57
5036,0.281165,False,10.2
5037,0.223598,False,8.11
5038,0.187696,False,6.81
5039,0.302249,False,10.96
5040,0.217317,False,7.88
5041,0.290042,False,10.52
5042,0.305111,False,11.07
5043,0.316332,False,11.47
5044,0.309862,False,11.24
5045,0.277535,False,10.07
5046,0.30283,False,10.98
5047,0.598662,False,21.72
5048,0.425184,False,15.42
5049,0.419026,False,15.2
5050,0.501811,False,18.2
5051,0.556862,False,20.2
5052,0.589466,False,21.38
5053,0.587269,False,21.3
5054,0.499276,False,18.11
5055,0.466518,False,16.92
5056,0.47685,False,17.3
5057,0.494016,False,17.92
5058,0.459837,False,16.68
5059,0.488207,False,17.71
5060,0.478169,False,17.34
5061,0.487988,False,17.7
5062,0.48473,False,17.58
5063,0.469143,False,17.02
5064,0.5607,False,20.34
5065,0.466013,False,16.9
5066,0.563956,False,20.46
5067,0.457013,False,16.58
5068,0.462569,False,16.78
5069,0.485408,False,17.61
5070,0.460251,False,16.69
5071,0.460556,False,16.71
5072,0.498448,False,18.08
5073,0.462714,False,16.78
5074,0.464071,False,16.83
5075,0.509491,False,18.48
5076,0.498609,False,18.09
5077,0.544403,False,19.75
5078,0.456607,False,16.56
5079,0.467357,False,16.95
5080,0.486908,False,17.66
5081,0.487172,False,17.67
5082,0.471726,False,17.11
5083,0.47771,False,17.33
5084,0.507807,False,18.42
5085,0.631844,False,22.92
5086,0.540694,False,19.61
5087,0.472669,False,17.15
5088,0.47462,False,17.22
5089,0.491191,False,17.82
5090,0.520121,False,18.87
5091,0.558408,False,20.26
5092,0.555806,False,20.16
5093,0.514751,False,18.67
5094,0.488813,False,17.73
5095,0.539151,False,19.56
5096,0.604526,False,21.93
5097,0.508925,False,18.46
5098,0.527682,False,19.14
5099,0.649487,False,23.56
5100,0.576918,False,20.93
5101,0.525848,False,19.07
5102,0.523448,False,18.99
5103,0.59865,False,21.71
5104,0.630931,False,22.89
5105,0.607561,False,22.04
5106,0.790966,False,28.69
5107,0.544446,False,19.75
5108,0.533049,False,19.34
5109,0.583644,False,21.17
5110,0.558911,False,20.27
5111,0.543457,False,19.71
5112,0.65274,False,23.68
5113,0.733452,False,26.6
5114,0.695735,False,25.24
5115,0.659688,False,23.93
5116,0.65016,False,23.58
5117,0.666497,False,24.18
5118,0.655862,False,23.79
5119,0.676615,False,24.54
5120,0.669118,False,24.27
5121,0.464878,False,16.86
5122,0.433289,False,15.72
5123,0.429692,False,15.59
5124,0.542332,False,19.67
5125,0.533471,False,19.35
5126,0.310657,False,11.27
5127,0.353679,False,12.83
5128,0.296213,False,10.74
5129,0.294303,False,10.68
5130,0.309239,False,11.22
5131,0.294626,False,10.69
5132,0.271882,False,9.86
5133,0.349572,False,12.68
5134,0.327583,False,11.88
5135,0.351759,False,12.76
5136,0.383469,False,13.91
5137,0.280112,False,10.16
5138,0.250778,False,9.1
5139,0.263577,False,9.56
5140,0.304993,False,11.06
5141,0.308827,False,11.2
5142,0.244026,False,8.85
5143,0.238536,False,8.65
5144,0.227873,False,8.27
5145,0.220601,False,8.0
5146,0.23545,False,8.54
5147,0.220463,False,8.0
5148,0.367957,False,13.35
5149,0.226938,False,8.23
5150,0.242854,False,8.81
5151,0.226412,False,8.21
5152,0.247991,False,9.0
5153,0.248332,False,9.01
5154,0.264659,False,9.6
5155,0.334093,False,12.12
5156,0.255078,False,9.25
5157,0.240436,False,8.72
5158,0.300737,False,10.91
5159,0.273882,False,9.93
5160,0.300909,False,10.91
5161,0.36858,False,13.37
5162,0.341609,False,12.39
5163,0.249287,False,9.04
5164,0.25527,False,9.26
5165,0.29592,False,10.73
5166,0.293435,False,10.64
5167,0.279638,False,10.14
5168,0.427803,False,15.52
5169,0.32133,False,11.66
5170,0.315234,False,11.43
5171,0.313632,False,11.38
5172,0.307465,False,11.15
5173,0.343586,False,12.46
5174,0.357601,False,12.97
5175,0.303426,False,11.01
5176,0.303066,False,10.99
5177,0.351992,False,12.77
5178,0.328242,False,11.91
5179,0.359088,False,13.03
5180,0.335193,False,12.16
5181,0.449214,False,16.29
5182,0.395628,False,14.35
5183,0.368344,False,13.36
5184,0.405894,False,14.72
5185,0.407803,False,14.79
5186,0.423748,False,15.37
5187,0.426872,False,15.48
5188,0.434196,False,15.75
5189,0.427897,False,15.52
5190,0.429888,False,15.59
5191,0.403708,False,14.64
5192,0.434786,False,15.77
5193,0.451575,False,16.38
5194,0.458318,False,16.62
5195,0.453472,False,16.45
5196,0.466931,False,16.94
5197,0.471111,False,17.09
5198,0.480609,False,17.43
5199,0.493978,False,17.92
5200,0.46062,False,16.71
5201,1.160107,True,42.08
5202,1.157626,True,41.99
5203,1.171816,True,42.51
5204,1.179458,True,42.78
5205,1.153507,True,41.84
5206,1.193956,True,43.31
5207,1.189272,True,43.14
5208,1.23469,True,44.79
5209,1.281409,True,46.48
5210,1.671886,True,60.64
5211,0.851683,False,30.89
5212,0.868867,False,31.52
5213,0.839957,False,30.47
5214,0.918389,False,33.31
5215,0.948186,True,34.39
5216,0.987316,True,35.81
5217,0.937783,True,34.02
5218,0.992046,True,35.98
5219,1.048067,True,38.02
5220,1.420954,True,51.54
5221,0.981716,True,35.61
5222,0.996914,True,36.16
5223,1.030946,True,37.4
5224,0.913857,False,33.15
5225,0.918516,False,33.32
5226,0.898535,False,32.59
5227,0.897243,False,32.55
5228,0.906658,False,32.89
5229,0.889032,False,32.25
5230,0.880117,False,31.92
5231,0.886738,False,32.16
5232,0.881712,False,31.98
5233,0.865078,False,31.38
5234,0.879274,False,31.89
5235,0.898819,False,32.6
5236,0.922595,False,33.47
5237,0.856593,False,31.07
5238,0.857114,False,31.09
5239,0.86017,False,31.2
5240,0.862836,False,31.3
5241,0.882828,False,32.02
5242,0.872921,False,31.66
5243,0.913717,False,33.14
5244,0.905743,False,32.85
5245,0.865931,False,31.41
5246,0.866857,False,31.44
5247,0.884574,False,32.09
5248,0.868197,False,31.49
5249,0.87073,False,31.58
5250,0.867471,False,31.47
5251,0.868397,False,31.5
5252,0.873663,False,31.69
5253,0.87473,False,31.73
5254,0.895538,False,32.48
5255,0.893217,False,32.4
5256,0.887143,False,32.18
5257,0.884446,False,32.08
5258,0.896685,False,32.53
5259,0.905066,False,32.83
5260,0.884187,False,32.07
5261,0.905514,False,32.85
5262,0.899351,False,32.62
5263,0.909774,False,33.0
5264,0.941134,True,34.14
5265,0.957526,True,34.73
5266,0.901317,False,32.69
5267,0.905177,False,32.83
5268,0.915957,False,33.22
5269,0.905507,False,32.85
5270,0.908428,False,32.95
5271,0.918753,False,33.33
5272,0.916672,False,33.25
5273,0.927557,False,33.65
5274,0.937083,False,33.99
5275,0.928876,False,33.69
5276,0.938301,True,34.03
5277,0.946579,True,34.34
5278,0.738358,False,26.78
5279,0.761456,False,27.62
5280,0.760688,False,27.59
5281,0.647262,False,23.48
5282,0.640747,False,23.24
5283,0.657255,False,23.84
5284,0.654669,False,23.75
5285,0.64393,False,23.36
5286,0.643968,False,23.36
5287,0.684289,False,24.82
5288,0.619581,False,22.47
5289,0.618313,False,22.43
5290,0.60953,False,22.11
5291,0.643898,False,23.36
5292,0.613541,False,22.25
5293,0.605828,False,21.98
5294,0.623644,False,22.62
5295,0.614471,False,22.29
5296,0.609707,False,22.12
5297,0.611826,False,22.19
5298,0.609978,False,22.13
5299,0.615617,False,22.33
5300,0.618459,False,22.43
5301,0.668572,False,24.25
5302,0.639683,False,23.2
5303,0.616074,False,22.35
5304,0.628402,False,22.79
5305,0.61482,False,22.3
5306,0.626211,False,22.71
5307,0.636106,False,23.07
5308,0.624693,False,22.66
5309,0.632145,False,22.93
5310,1.415486,True,51.34
5311,0.372306,False,13.5
5312,0.340691,False,12.36
5313,0.377266,False,13.68
5314,0.526483,False,19.1
5315,0.45625,False,16.55
5316,0.476594,False,17.29
5317,0.353677,False,12.83
5318,0.351004,False,12.73
5319,0.366198,False,13.28
5320,0.3505,False,12.71
5321,0.437136,False,15.86
5322,0.344252,False,12.49
5323,0.301044,False,10.92
5324,0.302499,False,10.97
5325,0.350838,False,12.73
5326,0.377067,False,13.68
5327,0.296981,False,10.77
5328,0.319398,False,11.59
5329,0.419758,False,15.23
5330,0.292251,False,10.6
5331,0.320634,False,11.63
5332,0.279046,False,10.12
5333,0.28086,False,10.19
5334,0.435979,False,15.81
5335,0.289168,False,10.49
5336,0.309613,False,11.23
5337,0.266047,False,9.65
5338,0.31755,False,11.52
5339,0.304972,False,11.06
5340,0.333159,False,12.08
5341,0.281375,False,10.21
5342,0.296904,False,10.77
5343,0.323483,False,11.73
5344,0.358341,False,13.0
5345,0.28174,False,10.22
5346,0.362744,False,13.16
5347,0.34014,False,12.34
5348,0.345355,False,12.53
5349,0.297158,False,10.78
5350,0.348137,False,12.63
5351,0.289628,False,10.51
5352,0.387042,False,14.04
5353,0.39795,False,14.43
5354,0.380721,False,13.81
5355,0.296385,False,10.75
5356,0.309763,False,11.24
5357,0.387884,False,14.07
5358,0.343782,False,12.47
5359,0.345481,False,12.53
5360,0.413142,False,14.99
5361,0.348176,False,12.63
5362,0.308489,False,11.19
5363,0.447324,False,16.23
5364,0.420668,False,15.26
5365,0.296011,False,10.74
5366,0.296714,False,10.76
5367,0.307941,False,11.17
5368,0.339131,False,12.3
5369,0.43167,False,15.66
5370,0.434908,False,15.78
5371,0.4764,False,17.28
5372,0.368079,False,13.35
5373,0.573486,False,20.8
5374,0.651448,False,23.63
5375,0.603366,False,21.89
5376,0.692476,False,25.12
5377,0.654277,False,23.73
5378,0.592724,False,21.5
5379,0.539126,False,19.56
5380,0.555415,False,20.15
5381,0.518908,False,18.82
5382,0.536805,False,19.47
5383,0.523444,False,18.99
5384,0.647164,False,23.47
5385,0.450886,False,16.35
5386,0.461063,False,16.72
5387,0.419899,False,15.23
5388,0.475708,False,17.26
5389,0.487648,False,17.69
5390,0.494082,False,17.92
5391,0.470024,False,17.05
5392,0.415053,False,15.06
5393,0.423132,False,15.35
5394,0.44184,False,16.03
5395,0.461548,False,16.74
5396,0.429914,False,15.59
5397,0.436472,False,15.83
5398,0.457357,False,16.59
5399,0.465075,False,16.87
5400,0.464319,False,16.84
5401,0.476914,False,17.3
5402,0.491172,False,17.82
5403,0.500156,False,18.14
5404,0.549592,False,19.94
5405,0.51445,False,18.66
5406,0.541995,False,19.66
5407,0.545953,False,19.8
5408,0.558544,False,20.26
5409,0.538522,False,19.53
5410,0.660594,False,23.96
5411,0.704232,False,25.54
5412,0.703694,False,25.52
5413,0.636027,False,23.07
5414,0.569781,False,20.67
5415,0.558983,False,20.28
5416,0.555594,False,20.15
5417,0.556832,False,20.2
5418,0.545839,False,19.8
5419,0.604178,False,21.92
5420,0.571246,False,20.72
5421,0.514557,False,18.66
5422,0.55101,False,19.99
5423,0.505151,False,18.32
5424,0.540223,False,19.6
5425,0.537883,False,19.51
5426,0.530449,False,19.24
5427,0.533772,False,19.36
5428,0.543437,False,19.71
5429,0.364598,False,13.23
5430,0.362329,False,13.14
5431,0.412712,False,14.97
5432,0.45938,False,16.66
5433,0.43499,False,15.78
5434,0.506706,False,18.38
5435,0.546765,False,19.83
5436,0.478988,False,17.37
5437,0.547113,False,19.85
5438,0.482021,False,17.48
5439,0.46937,False,17.03
5440,0.461446,False,16.74
5441,0.409858,False,14.87
5442,0.418971,False,15.2
5443,0.410039,False,14.87
5444,0.406967,False,14.76
5445,0.449456,False,16.3
5446,0.399059,False,14.48
5447,0.376863,False,13.67
5448,0.399724,False,14.5
5449,0.377051,False,13.68
5450,0.339845,False,12.33
5451,0.558379,False,20.25
5452,0.503957,False,18.28
5453,0.490574,False,17.79
5454,0.507461,False,18.41
5455,0.483282,False,17.53
5456,0.550039,False,19.95
5457,0.504915,False,18.31
5458,0.488607,False,17.72
5459,0.457082,False,16.58
5460,0.444994,False,16.14
5461,0.43914,False,15.93
5462,0.482704,False,17.51
5463,0.487784,False,17.69
5464,0.42408,False,15.38
5465,0.430761,False,15.62
5466,0.453713,False,16.46
5467,0.4695,False,17.03
5468,0.409665,False,14.86
5469,0.405592,False,14.71
5470,0.426542,False,15.47
5471,0.432,False,15.67
5472,0.452503,False,16.41
5473,0.435492,False,15.8
5474,0.408713,False,14.83
5475,0.513369,False,18.62
5476,0.428145,False,15.53
5477,0.51696,False,18.75
5478,0.43654,False,15.83
5479,0.434299,False,15.75
5480,0.455198,False,16.51
5481,0.425851,False,15.45
5482,0.548745,False,19.9
5483,0.425147,False,15.42
5484,0.424893,False,15.41
5485,0.482086,False,17.49
5486,0.532787,False,19.33
5487,0.430032,False,15.6
5488,0.428593,False,15.55
5489,0.446291,False,16.19
5490,0.428048,False,15.53
5491,0.435815,False,15.81
5492,0.466414,False,16.92
5493,0.461662,False,16.75
5494,0.448796,False,16.28
5495,0.552117,False,20.03
5496,0.441143,False,16.0
5497,0.456586,False,16.56
5498,0.461725,False,16.75
5499,0.477178,False,17.31
5500,1.184137,True,42.95
5501,0.518851,False,18.82
5502,0.491942,False,17.84
5503,0.519218,False,18.83
5504,0.49867,False,18.09
5505,0.490344,False,17.79
5506,0.490363,False,17.79
5507,0.511014,False,18.54
5508,0.485114,False,17.6
5509,0.58608,False,21.26
5510,0.494153,False,17.92
5511,0.516545,False,18.74
5512,0.504754,False,18.31
5513,1.064361,True,38.61
5514,1.065515,True,38.65
5515,1.214998,True,44.07
5516,0.910631,False,33.03
5517,0.90567,False,32.85
5518,0.884816,False,32.09
5519,0.883184,False,32.04
5520,0.887739,False,32.2
5521,0.868607,False,31.51
5522,0.882891,False,32.02
5523,0.856539,False,31.07
5524,0.888023,False,32.21
5525,0.858871,False,31.15
5526,0.889939,False,32.28
5527,0.876823,False,31.8
5528,0.86524,False,31.38
5529,0.880692,False,31.95
5530,0.836262,False,30.33
5531,0.863331,False,31.32
5532,0.826672,False,29.99
5533,0.839821,False,30.46
5534,0.838793,False,30.43
5535,0.839902,False,30.47
5536,0.816385,False,29.61
5537,0.839416,False,30.45
5538,0.845883,False,30.68
5539,0.839042,False,30.43
5540,0.808961,False,29.34
5541,0.825223,False,29.93
5542,0.850039,False,30.83
5543,0.802982,False,29.13
5544,0.884176,False,32.07
5545,0.82187,False,29.81
5546,0.832404,False,30.19
5547,0.831873,False,30.17
5548,0.808631,False,29.33
5549,0.823193,False,29.86
5550,0.835782,False,30.32
5551,0.799536,False,29.0
5552,0.845115,False,30.65
5553,0.854335,False,30.99
5554,0.846049,False,30.69
5555,0.879894,False,31.92
5556,0.932676,False,33.83
5557,0.867232,False,31.46
5558,0.883079,False,32.03
5559,0.910162,False,33.01
5560,0.946391,True,34.33
5561,0.897972,False,32.57
5562,0.942623,True,34.19
5563,0.932674,False,33.83
5564,0.937999,True,34.02
5565,1.002297,True,36.36
5566,0.888018,False,32.21
5567,0.889959,False,32.28
5568,1.017068,True,36.89
5569,1.015631,True,36.84
5570,0.904745,False,32.82
5571,0.764597,False,27.73
5572,0.798399,False,28.96
5573,0.753695,False,27.34
5574,0.65981,False,23.93
5575,0.670071,False,24.31
5576,0.712555,False,25.85
5577,0.655761,False,23.79
5578,0.645899,False,23.43
5579,0.662928,False,24.05
5580,0.644511,False,23.38
5581,0.68032,False,24.68
5582,0.646993,False,23.47
5583,0.625125,False,22.68
5584,0.633032,False,22.96
5585,0.62717,False,22.75
5586,0.6953,False,25.22
5587,0.635626,False,23.06
5588,0.610045,False,22.13
5589,0.612555,False,22.22
5590,0.613731,False,22.26
5591,0.729683,False,26.47
5592,0.656912,False,23.83
5593,0.599003,False,21.73
5594,0.608954,False,22.09
5595,0.623997,False,22.63
5596,0.606926,False,22.01
5597,0.594001,False,21.55
5598,0.604327,False,21.92
5599,0.595946,False,21.62
5600,0.603718,False,21.9
5601,0.596421,False,21.63
5602,0.580128,False,21.04
5603,0.588077,False,21.33
5604,0.586711,False,21.28
5605,0.574296,False,20.83
5606,0.574397,False,20.84
5607,0.585844,False,21.25
5608,0.588743,False,21.36
5609,0.572921,False,20.78
5610,0.642625,False,23.31
5611,0.621817,False,22.56
5612,0.642304,False,23.3
5613,0.675357,False,24.5
5614,0.598449,False,21.71
5615,0.5894,False,21.38
5616,0.66287,False,24.04
5617,0.85471,False,31.0
5618,0.865183,False,31.38
5619,0.880415,False,31.94
5620,0.941323,True,34.14
5621,0.938144,True,34.03
5622,0.929957,False,33.73
5623,0.933558,False,33.86
5624,0.91512,False,33.19
5625,1.021189,True,37.04
5626,0.992899,True,36.02
5627,1.41692,True,51.4
5628,0.560685,False,20.34
5629,0.782502,False,28.38
5630,0.756064,False,27.42
5631,0.672763,False,24.4
5632,0.606076,False,21.98
5633,0.594435,False,21.56
5634,0.58691,False,21.29
5635,0.636604,False,23.09
5636,0.555697,False,20.16
5637,0.57687,False,20.92
5638,0.503064,False,18.25
5639,0.558948,False,20.27
5640,0.487793,False,17.69
5641,0.483137,False,17.52
5642,0.451625,False,16.38
5643,0.452412,False,16.41
5644,0.456819,False,16.57
5645,0.432483,False,15.69
5646,0.444721,False,16.13
5647,0.43417,False,15.75
5648,0.437635,False,15.87
5649,0.432204,False,15.68
5650,0.42399,False,15.38
5651,0.420874,False,15.27
5652,0.596586,False,21.64
5653,0.59434,False,21.56
5654,0.735922,False,26.69
5655,0.564291,False,20.47
5656,0.502541,False,18.23
5657,0.623482,False,22.62
5658,0.518921,False,18.82
5659,0.515059,False,18.68
5660,0.513275,False,18.62
5661,0.495547,False,17.97
5662,0.627341,False,22.76
5663,0.484068,False,17.56
5664,0.515549,False,18.7
5665,0.505801,False,18.35
5666,0.508198,False,18.43
5667,0.461532,False,16.74
5668,0.549034,False,19.92
5669,0.472518,False,17.14
5670,0.467475,False,16.96
5671,0.501036,False,18.17
5672,0.507482,False,18.41
5673,0.522357,False,18.95
5674,0.486274,False,17.64
5675,0.462626,False,16.78
5676,0.494612,False,17.94
5677,0.526837,False,19.11
5678,0.472942,False,17.15
5679,0.449454,False,16.3
5680,0.490347,False,17.79
5681,0.470806,False,17.08
5682,0.487266,False,17.67
5683,0.489489,False,17.76
5684,0.472396,False,17.14
5685,0.467629,False,16.96
5686,0.505466,False,18.33
5687,0.464519,False,16.85
5688,0.457885,False,16.61
5689,0.463175,False,16.8
5690,0.572486,False,20.77
5691,0.547794,False,19.87
5692,0.478877,False,17.37
5693,0.463893,False,16.83
5694,0.508189,False,18.43
5695,0.456914,False,16.57
5696,0.489306,False,17.75
5697,0.584541,False,21.2
5698,0.436966,False,15.85
5699,0.451718,False,16.39
5700,0.46021,False,16.69
5701,0.589328,False,21.38
5702,0.512594,False,18.59
5703,0.45487,False,16.5
5704,0.465714,False,16.89
5705,0.477303,False,17.31
5706,0.523865,False,19.0
5707,0.555274,False,20.14
5708,0.548791,False,19.91
5709,0.558526,False,20.26
5710,0.454512,False,16.49
5711,0.465865,False,16.9
5712,0.459935,False,16.68
5713,0.467349,False,16.95
5714,0.477963,False,17.34
5715,0.535265,False,19.42
5716,0.434143,False,15.75
5717,0.44535,False,16.15
5718,0.510374,False,18.51
5719,0.473268,False,17.17
5720,0.431438,False,15.65
5721,0.435903,False,15.81
5722,0.477872,False,17.33
5723,0.434732,False,15.77
5724,0.428591,False,15.55
5725,0.427996,False,15.52
5726,0.418899,False,15.19
5727,0.418056,False,15.16
5728,0.438962,False,15.92
5729,0.426218,False,15.46
5730,0.431958,False,15.67
5731,0.421637,False,15.29
5732,0.473824,False,17.19
5733,0.494671,False,17.94
5734,0.505787,False,18.35
5735,0.437913,False,15.88
5736,0.482282,False,17.49
5737,0.483623,False,17.54
5738,0.49976,False,18.13
5739,0.588743,False,21.36
5740,0.453331,False,16.44
5741,0.608502,False,22.07
5742,0.487579,False,17.69
5743,0.459163,False,16.66
5744,0.58798,False,21.33
5745,0.486961,False,17.66
5746,0.442594,False,16.05
5747,0.473133,False,17.16
5748,1.243961,True,45.12
5749,0.560445,False,20.33
5750,0.633422,False,22.98
5751,0.678135,False,24.6
5752,0.58727,False,21.3
5753,0.578662,False,20.99
5754,0.587036,False,21.29
5755,0.582211,False,21.12
5756,0.573883,False,20.82
5757,0.596039,False,21.62
5758,0.789995,False,28.66
5759,0.795505,False,28.86
5760,0.997609,True,36.19
5761,0.780577,False,28.31
5762,0.738962,False,26.8
5763,0.756994,False,27.46
5764,0.750999,False,27.24
5765,0.747217,False,27.1
5766,0.759117,False,27.54
5767,0.719364,False,26.09
5768,0.735293,False,26.67
5769,0.751864,False,27.27
5770,0.857324,False,31.1
5771,0.692226,False,25.11
5772,0.715188,False,25.94
5773,0.734416,False,26.64
5774,0.693112,False,25.14
5775,0.685164,False,24.85
5776,0.701648,False,25.45
5777,0.680658,False,24.69
5778,0.703929,False,25.53
5779,0.674683,False,24.47
5780,0.698572,False,25.34
5781,0.678371,False,24.61
5782,0.672732,False,24.4
5783,0.655208,False,23.77
5784,0.663513,False,24.07
5785,0.68496,False,24.85
5786,0.775496,False,28.13
5787,0.697521,False,25.3
5788,0.722067,False,26.19
5789,0.782411,False,28.38
5790,0.670702,False,24.33
5791,0.695292,False,25.22
5792,0.678359,False,24.61
5793,0.694955,False,25.21
5794,0.673679,False,24.44
5795,0.692751,False,25.13
5796,0.72217,False,26.2
5797,0.703284,False,25.51
5798,0.698152,False,25.32
5799,0.700149,False,25.4
5800,0.694034,False,25.17
5801,0.714916,False,25.93
5802,0.702868,False,25.5
5803,0.701712,False,25.45
5804,0.805624,False,29.22
5805,0.690456,False,25.04
5806,0.698543,False,25.34
5807,0.696383,False,25.26
5808,0.750414,False,27.22
5809,0.741191,False,26.89
5810,0.802348,False,29.1
5811,0.724477,False,26.28
5812,0.786443,False,28.53
5813,0.753329,False,27.33
5814,0.826589,False,29.98
5815,0.806466,False,29.25
5816,0.759171,False,27.54
5817,0.786471,False,28.53
5818,0.740866,False,26.87
5819,0.756281,False,27.43
5820,0.819648,False,29.73
5821,0.861495,False,31.25
5822,0.818463,False,29.69
5823,0.823895,False,29.89
5824,0.824905,False,29.92
5825,0.806647,False,29.26
5826,0.839387,False,30.45
5827,0.931741,False,33.8
5828,0.750477,False,27.22
5829,0.797075,False,28.91
5830,0.756034,False,27.42
5831,0.667818,False,24.22
5832,0.696369,False,25.26
5833,0.652902,False,23.68
5834,0.628944,False,22.81
5835,0.613041,False,22.24
5836,0.633791,False,22.99
5837,0.606035,False,21.98
5838,1.452331,True,52.68
5839,0.601311,False,21.81
5840,0.600789,False,21.79
5841,0.608777,False,22.08
5842,0.596593,False,21.64
5843,0.597247,False,21.66
5844,0.60517,False,21.95
5845,0.613015,False,22.24
5846,0.599439,False,21.74
5847,0.607533,False,22.04
5848,0.600454,False,21.78
5849,0.608747,False,22.08
5850,0.631388,False,22.9
5851,0.626757,False,22.73
5852,0.597668,False,21.68
5853,0.604011,False,21.91
5854,0.708464,False,25.7
5855,0.63452,False,23.02
5856,0.60386,False,21.9
5857,0.616557,False,22.36
5858,0.627884,False,22.78
5859,0.625617,False,22.69
5860,0.652046,False,23.65
5861,0.665282,False,24.13
5862,0.658515,False,23.89
5863,0.737049,False,26.73
5864,0.657686,False,23.86
5865,0.618053,False,22.42
5866,0.639501,False,23.2
5867,0.628499,False,22.8
5868,0.69358,False,25.16
5869,1.0934,True,39.66
5870,1.061153,True,38.49
5871,1.155195,True,41.9
5872,1.09329,True,39.66
5873,1.122981,True,40.73
5874,1.125472,True,40.82
5875,1.507912,True,54.7
5876,1.805967,True,65.51
5877,1.019426,True,36.98
5878,1.022834,True,37.1
5879,1.076614,True,39.05
5880,0.873247,False,31.68
5881,0.93811,True,34.03
5882,0.862294,False,31.28
5883,0.859614,False,31.18
5884,0.858769,False,31.15
5885,0.854241,False,30.99
5886,0.919558,False,33.36
5887,0.842416,False,30.56
5888,0.836435,False,30.34
5889,0.83309,False,30.22
5890,0.888487,False,32.23
5891,0.827385,False,30.01
5892,0.823584,False,29.87
5893,0.854654,False,31.0
5894,0.84937,False,30.81
5895,0.847187,False,30.73
5896,0.811108,False,29.42
5897,0.843713,False,30.6
5898,0.8107,False,29.41
5899,0.798809,False,28.98
5900,0.802554,False,29.11
5901,0.793819,False,28.79
5902,0.795917,False,28.87
5903,0.798024,False,28.95
5904,0.794958,False,28.84
5905,0.808805,False,29.34
5906,0.795282,False,28.85
5907,0.864881,False,31.37
5908,0.826159,False,29.97
5909,0.805286,False,29.21
5910,0.808458,False,29.33
5911,0.802822,False,29.12
5912,0.823395,False,29.87
5913,0.805418,False,29.21
5914,0.805702,False,29.23
5915,0.794478,False,28.82
5916,0.784998,False,28.47
5917,0.778121,False,28.22
5918,0.781546,False,28.35
5919,0.784573,False,28.46
5920,0.783585,False,28.42
5921,0.782899,False,28.4
5922,0.78909,False,28.62
5923,0.785396,False,28.49
5924,0.785957,False,28.51
5925,0.800454,False,29.03
5926,0.796405,False,28.89
5927,0.819079,False,29.71
5928,0.797077,False,28.91
5929,0.797431,False,28.93
5930,1.125005,True,40.81
5931,1.12461,True,40.79
5932,1.307152,True,47.41
5933,1.229456,True,44.6
5934,1.261141,True,45.75
5935,1.282519,True,46.52
5936,1.348436,True,48.91
5937,1.614089,True,58.55
5938,0.984348,True,35.71
5939,0.969637,True,35.17
5940,1.1338,True,41.13
5941,1.049668,True,38.07
5942,1.037917,True,37.65
5943,1.020601,True,37.02
5944,1.019059,True,36.96
5945,1.012343,True,36.72
5946,1.029308,True,37.34
5947,1.001979,True,36.34
5948,1.024919,True,37.18
5949,0.987421,True,35.82
5950,0.977142,True,35.44
5951,0.967537,True,35.1
5952,0.951562,True,34.52
5953,0.970224,True,35.19
5954,0.937969,True,34.02
5955,0.949603,True,34.44
5956,0.918272,False,33.31
5957,0.928455,False,33.68
5958,0.980519,True,35.57
5959,0.943038,True,34.21
5960,1.017854,True,36.92
5961,0.91196,False,33.08
5962,0.906184,False,32.87
5963,0.933666,False,33.87
5964,0.912431,False,33.1
5965,0.941896,True,34.17
5966,0.937635,False,34.01
5967,0.930687,False,33.76
5968,0.927131,False,33.63
5969,0.918348,False,33.31
5970,0.941204,True,34.14
5971,0.908722,False,32.96
5972,0.925539,False,33.57
5973,0.912276,False,33.09
5974,0.912897,False,33.11
5975,0.882338,False,32.0
5976,0.899781,False,32.64
5977,0.91073,False,33.03
5978,0.963447,True,34.95
5979,0.948449,True,34.4
5980,0.912972,False,33.12
5981,0.939878,True,34.09
5982,0.908248,False,32.94
5983,0.916371,False,33.24
5984,0.955953,True,34.68
5985,0.924157,False,33.52
5986,0.939481,True,34.08
5987,0.904944,False,32.82
5988,0.934445,False,33.89
5989,0.962752,True,34.92
5990,0.935664,False,33.94
5991,0.90144,False,32.7
5992,0.884855,False,32.1
5993,0.902646,False,32.74
5994,0.878018,False,31.85
5995,0.946587,True,34.34
5996,0.926617,False,33.61
5997,0.912972,False,33.12
5998,0.956364,True,34.69
5999,0.986246,True,35.77
6000,1.062688,True,38.55
6001,0.981506,True,35.6
6002,0.95986,True,34.82
6003,0.992911,True,36.02
6004,0.941296,True,34.14
6005,0.937109,False,33.99
6006,0.9755,True,35.38
6007,0.955464,True,34.66
6008,0.65072,False,23.6
6009,0.641024,False,23.25
6010,0.654661,False,23.75
6011,0.702153,False,25.47
6012,0.594976,False,21.58
6013,0.60924,False,22.1
6014,0.574311,False,20.83
6015,0.684342,False,24.82
6016,0.574065,False,20.82
6017,0.551415,False,20.0
6018,0.559827,False,20.31
6019,0.541426,False,19.64
6020,0.530039,False,19.23
6021,0.529624,False,19.21
6022,0.551624,False,20.01
6023,0.515927,False,18.71
6024,0.583705,False,21.17
6025,0.537342,False,19.49
6026,0.516181,False,18.72
6027,0.508739,False,18.45
6028,0.617706,False,22.41
6029,0.504136,False,18.29
6030,0.533167,False,19.34
6031,0.533583,False,19.35
6032,0.502048,False,18.21
6033,0.497724,False,18.05
6034,0.494318,False,17.93
6035,0.55251,False,20.04
6036,0.616861,False,22.38
6037,0.495498,False,17.97
6038,0.513008,False,18.61
6039,0.497818,False,18.06
6040,0.649334,False,23.55
6041,0.495971,False,17.99
6042,0.542486,False,19.68
6043,0.518824,False,18.82
6044,0.520277,False,18.87
6045,0.532675,False,19.32
6046,0.556026,False,20.17
6047,0.543091,False,19.7
6048,0.594126,False,21.55
6049,0.539446,False,19.57
6050,0.650598,False,23.6
6051,0.875033,False,31.74
6052,0.562391,False,20.4
6053,0.632908,False,22.96
6054,0.505108,False,18.32
6055,0.5477,False,19.87
6056,0.493405,False,17.9
6057,0.489837,False,17.77
6058,0.495889,False,17.99
6059,0.507954,False,18.42
6060,0.531362,False,19.27
6061,0.507233,False,18.4
6062,0.518088,False,18.79
6063,0.525813,False,19.07
6064,0.579388,False,21.02
6065,0.536182,False,19.45
6066,0.544322,False,19.74
6067,0.54073,False,19.61
6068,0.554158,False,20.1
6069,0.558521,False,20.26
6070,0.579171,False,21.01
6071,0.568596,False,20.62
6072,0.574221,False,20.83
6073,0.595595,False,21.6
6074,0.611123,False,22.17
6075,0.594877,False,21.58
6076,0.60876,False,22.08
6077,0.658749,False,23.89
6078,0.628775,False,22.81
6079,0.629733,False,22.84
6080,0.63568,False,23.06
6081,0.647721,False,23.49
6082,0.656594,False,23.82
6083,0.652728,False,23.68
6084,0.660063,False,23.94
6085,0.678198,False,24.6
6086,0.24552,False,8.91
6087,0.255555,False,9.27
6088,0.261884,False,9.5
6089,0.371796,False,13.49
6090,0.401444,False,14.56
6091,0.346975,False,12.59
6092,0.358473,False,13.0
6093,0.330575,False,11.99
6094,0.329622,False,11.96
6095,0.337806,False,12.25
6096,0.308165,False,11.18
6097,0.312922,False,11.35
6098,0.307495,False,11.15
6099,0.329343,False,11.95
6100,0.284783,False,10.33
6101,0.331049,False,12.01
6102,0.267842,False,9.72
6103,0.261533,False,9.49
6104,0.2573,False,9.33
6105,0.286448,False,10.39
6106,0.398638,False,14.46
6107,0.243803,False,8.84
6108,0.250598,False,9.09
6109,0.258167,False,9.36
6110,0.245818,False,8.92
6111,0.224836,False,8.16
6112,0.31667,False,11.49
6113,0.220799,False,8.01
6114,0.23797,False,8.63
6115,0.270658,False,9.82
6116,0.303927,False,11.02
6117,0.235185,False,8.53
6118,0.259018,False,9.4
6119,0.271696,False,9.86
6120,0.323526,False,11.74
6121,0.257447,False,9.34
6122,0.283638,False,10.29
6123,0.305625,False,11.09
6124,0.275034,False,9.98
6125,0.225726,False,8.19
6126,0.345886,False,12.55
6127,0.30431,False,11.04
6128,0.357784,False,12.98
6129,0.298462,False,10.83
6130,0.26024,False,9.44
6131,0.241587,False,8.76
6132,0.241394,False,8.76
6133,0.238925,False,8.67
6134,0.289401,False,10.5
6135,0.247793,False,8.99
6136,0.283342,False,10.28
6137,0.373943,False,13.56
6138,0.283099,False,10.27
6139,0.296935,False,10.77
6140,0.286759,False,10.4
6141,0.283271,False,10.28
6142,0.240539,False,8.73
6143,0.261398,False,9.48
6144,0.242572,False,8.8
6145,0.259621,False,9.42
6146,0.265846,False,9.64
6147,0.271606,False,9.85
6148,0.273872,False,9.93
6149,0.287815,False,10.44
6150,0.307263,False,11.15
6151,0.340332,False,12.34
6152,0.288627,False,10.47
6153,0.705451,False,25.59
6154,0.641969,False,23.29
6155,0.664549,False,24.11
6156,0.505769,False,18.35
6157,0.553652,False,20.08
6158,0.508146,False,18.43
6159,0.491094,False,17.81
6160,0.524604,False,19.03
6161,0.480262,False,17.42
6162,0.515166,False,18.69
6163,0.533269,False,19.34
6164,0.483262,False,17.53
6165,0.508079,False,18.43
6166,0.516451,False,18.73
6167,0.47714,False,17.31
6168,0.506583,False,18.38
6169,0.617216,False,22.39
6170,0.484726,False,17.58
6171,0.519948,False,18.86
6172,0.558925,False,20.27
6173,0.497162,False,18.03
6174,0.530263,False,19.23
6175,0.645477,False,23.41
6176,0.49716,False,18.03
6177,0.645904,False,23.43
6178,0.557556,False,20.22
6179,0.678197,False,24.6
6180,0.515345,False,18.69
6181,0.553019,False,20.06
6182,0.517129,False,18.76
6183,0.579441,False,21.02
6184,0.701097,False,25.43
6185,0.701153,False,25.43
6186,0.532102,False,19.3
6187,0.547753,False,19.87
6188,0.575876,False,20.89
6189,0.551311,False,20.0
6190,0.626063,False,22.71
6191,0.56752,False,20.59
6192,0.752386,False,27.29
6193,0.693441,False,25.15
6194,0.873927,False,31.7
6195,0.867669,False,31.47
6196,0.877873,False,31.84
6197,0.924405,False,33.53
6198,0.93053,False,33.75
6199,0.984122,True,35.7
6200,0.986383,True,35.78
6201,0.992129,True,35.99
6202,1.003896,True,36.41
6203,1.039511,True,37.71
6204,1.376917,True,49.94
6205,1.033443,True,37.49
6206,1.052391,True,38.17
6207,1.205941,True,43.74
6208,1.093536,True,39.67
6209,1.203375,True,43.65
6210,1.350738,True,49.0
6211,1.784156,True,64.72
6212,0.837582,False,30.38
6213,0.840292,False,30.48
6214,0.887908,False,32.21
6215,0.77928,False,28.27
6216,0.762801,False,27.67
6217,0.783347,False,28.41
6218,0.765785,False,27.78
6219,0.762183,False,27.65
6220,0.757803,False,27.49
6221,0.764982,False,27.75
6222,0.749963,False,27.2
6223,0.779337,False,28.27
6224,0.776453,False,28.16
6225,0.79385,False,28.8
6226,0.79347,False,28.78
6227,0.753721,False,27.34
6228,0.813765,False,29.52
6229,0.748073,False,27.13
6230,0.74686,False,27.09
6231,0.774534,False,28.09
6232,0.744705,False,27.01
6233,0.753244,False,27.32
6234,0.751684,False,27.27
6235,0.748195,False,27.14
6236,0.76002,False,27.57
6237,0.781567,False,28.35
6238,0.795208,False,28.84
6239,0.752324,False,27.29
6240,0.754937,False,27.38
6241,0.801043,False,29.06
6242,0.760664,False,27.59
6243,0.773499,False,28.06
6244,0.767013,False,27.82
6245,0.763171,False,27.68
6246,0.780177,False,28.3
6247,0.776815,False,28.18
6248,0.775595,False,28.13
6249,0.780712,False,28.32
6250,0.765497,False,27.77
6251,0.78525,False,28.48
6252,0.768434,False,27.87
6253,0.767015,False,27.82
6254,0.823896,False,29.89
6255,0.773433,False,28.05
6256,0.795254,False,28.85
6257,0.799527,False,29.0
6258,0.778628,False,28.24
6259,0.7806,False,28.31
6260,0.791386,False,28.71
6261,0.788615,False,28.61
6262,0.825837,False,29.96
6263,0.76117,False,27.61
6264,0.782987,False,28.4
6265,0.772667,False,28.03
6266,0.369827,False,13.41
6267,0.415686,False,15.08
6268,0.358395,False,13.0
6269,0.43703,False,15.85
6270,0.443587,False,16.09
6271,0.373888,False,13.56
6272,0.41764,False,15.15
6273,0.340259,False,12.34
6274,0.347509,False,12.61
6275,0.347746,False,12.61
6276,0.364991,False,13.24
6277,0.313382,False,11.37
6278,0.307705,False,11.16
6279,0.283866,False,10.3
6280,0.281125,False,10.2
6281,0.269104,False,9.76
6282,0.365787,False,13.27
6283,0.250682,False,9.09
6284,0.25123,False,9.11
6285,0.294475,False,10.68
6286,0.251743,False,9.13
6287,0.273027,False,9.9
6288,0.246437,False,8.94
6289,0.242885,False,8.81
6290,0.23451,False,8.51
6291,0.211314,False,7.66
6292,0.242168,False,8.78
6293,0.234336,False,8.5
6294,0.289102,False,10.49
6295,0.235904,False,8.56
6296,0.222558,False,8.07
6297,0.243793,False,8.84
6298,0.325383,False,11.8
6299,0.402467,False,14.6
6300,0.31061,False,11.27
6301,0.228629,False,8.29
6302,0.282802,False,10.26
6303,0.269167,False,9.76
6304,0.465113,False,16.87
6305,0.27417,False,9.94
6306,0.242289,False,8.79
6307,0.282722,False,10.26
6308,0.26206,False,9.51
6309,0.302658,False,10.98
6310,0.366509,False,13.29
6311,0.268987,False,9.76
6312,0.272268,False,9.88
6313,0.328302,False,11.91
6314,0.290898,False,10.55
6315,0.39261,False,14.24
6316,0.364902,False,13.24
6317,0.294577,False,10.69
6318,0.335445,False,12.17
6319,0.34635,False,12.56
6320,0.355769,False,12.9
6321,0.320676,False,11.63
6322,0.300954,False,10.92
6323,0.3561,False,12.92
6324,0.346862,False,12.58
6325,0.323443,False,11.73
6326,0.340293,False,12.34
6327,0.390367,False,14.16
6328,1.119556,True,40.61
6329,0.645223,False,23.4
6330,0.61409,False,22.27
6331,0.697586,False,25.3
6332,0.605778,False,21.97
6333,0.611155,False,22.17
6334,0.618152,False,22.42
6335,0.665173,False,24.13
6336,0.624213,False,22.64
6337,0.624857,False,22.67
6338,0.669474,False,24.28
6339,0.627927,False,22.78
6340,0.714242,False,25.91
6341,0.685207,False,24.85
6342,0.755116,False,27.39
6343,0.61472,False,22.3
6344,0.601245,False,21.81
6345,0.514818,False,18.67
6346,0.50435,False,18.29
6347,0.507127,False,18.39
6348,0.513675,False,18.63
6349,0.505082,False,18.32
6350,0.497066,False,18.03
6351,0.543147,False,19.7
6352,0.517001,False,18.75
6353,0.501636,False,18.2
6354,0.549845,False,19.94
6355,0.552227,False,20.03
6356,0.529509,False,19.21
6357,0.571078,False,20.71
6358,0.618659,False,22.44
6359,0.55946,False,20.29
6360,0.590843,False,21.43
6361,0.568624,False,20.63
6362,0.577514,False,20.95
6363,0.443818,False,16.1
6364,0.484223,False,17.56
6365,0.488358,False,17.71
6366,0.617611,False,22.4
6367,0.624374,False,22.65
6368,0.595822,False,21.61
6369,0.61493,False,22.31
6370,0.741311,False,26.89
6371,0.559571,False,20.3
6372,0.584785,False,21.21
6373,0.594074,False,21.55
6374,0.541179,False,19.63
6375,0.615451,False,22.32
6376,0.555505,False,20.15
6377,0.574233,False,20.83
6378,0.526296,False,19.09
6379,0.541097,False,19.63
6380,0.641924,False,23.28
6381,0.572446,False,20.76
6382,0.534079,False,19.37
6383,0.560106,False,20.32
6384,0.631445,False,22.9
6385,0.564467,False,20.47
6386,0.533572,False,19.35
6387,0.51992,False,18.86
6388,0.561207,False,20.36
6389,0.528317,False,19.16
6390,0.595541,False,21.6
6391,0.581073,False,21.08
6392,0.573156,False,20.79
6393,0.579895,False,21.03
6394,0.5689,False,20.64
6395,0.570619,False,20.7
6396,0.564687,False,20.48
6397,0.581935,False,21.11
6398,0.570809,False,20.7
6399,0.569178,False,20.65
6400,0.580274,False,21.05
6401,0.597289,False,21.67
6402,0.566942,False,20.56
6403,0.563036,False,20.42
6404,0.563997,False,20.46
6405,0.560317,False,20.32
6406,0.85689,False,31.08
6407,0.892151,False,32.36
6408,0.875996,False,31.77
6409,0.90725,False,32.91
6410,0.942582,True,34.19
6411,0.947389,True,34.36
6412,0.973145,True,35.3
6413,1.052972,True,38.19
6414,1.484724,True,53.86
6415,0.82406,False,29.89
6416,0.787238,False,28.56
6417,0.946072,True,34.32
6418,0.818395,False,29.69
6419,0.810061,False,29.38
6420,0.812178,False,29.46
6421,0.839159,False,30.44
6422,0.834943,False,30.29
6423,0.782804,False,28.39
6424,0.760379,False,27.58
6425,0.821926,False,29.81
6426,0.762802,False,27.67
6427,0.750382,False,27.22
6428,0.770286,False,27.94
6429,0.733323,False,26.6
6430,0.782466,False,28.38
6431,0.736253,False,26.71
6432,0.740363,False,26.86
6433,0.771676,False,27.99
6434,0.727537,False,26.39
6435,0.757799,False,27.49
6436,0.737133,False,26.74
6437,0.769649,False,27.92
6438,0.753533,False,27.33
6439,1.442592,True,52.33
6440,0.778211,False,28.23
6441,0.804272,False,29.17
6442,0.839066,False,30.44
6443,0.853618,False,30.96
6444,0.854087,False,30.98
6445,0.855906,False,31.05
6446,0.872361,False,31.64
6447,0.90493,False,32.82
6448,0.883567,False,32.05
6449,0.906125,False,32.87
6450,0.882733,False,32.02
6451,0.695622,False,25.23
6452,0.711627,False,25.81
6453,0.836733,False,30.35
6454,0.774469,False,28.09
6455,0.738615,False,26.79
6456,0.788325,False,28.59
6457,0.7121,False,25.83
6458,0.712005,False,25.83
6459,0.685249,False,24.86
6460,0.66575,False,24.15
6461,0.660888,False,23.97
6462,0.657805,False,23.86
6463,0.617899,False,22.41
6464,0.589478,False,21.38
6465,0.614994,False,22.31
6466,0.601152,False,21.81
6467,0.550074,False,19.95
6468,0.548819,False,19.91
6469,0.57666,False,20.92
6470,0.591855,False,21.47
6471,0.525932,False,19.08
6472,0.556132,False,20.17
6473,0.500433,False,18.15
6474,0.512771,False,18.6
6475,0.523753,False,19.0
6476,0.477809,False,17.33
6477,0.487409,False,17.68
6478,0.466106,False,16.91
6479,0.497967,False,18.06
6480,0.472087,False,17.12
6481,0.468444,False,16.99
6482,0.441296,False,16.01
6483,0.444459,False,16.12
6484,0.447584,False,16.24
6485,0.432111,False,15.67
6486,0.432098,False,15.67
6487,0.435783,False,15.81
6488,0.421083,False,15.27
6489,0.439287,False,15.93
6490,0.42421,False,15.39
6491,0.537952,False,19.51
6492,0.442249,False,16.04
6493,0.424941,False,15.41
6494,0.418205,False,15.17
6495,0.412888,False,14.98
6496,0.437827,False,15.88
6497,0.434586,False,15.76
6498,0.466349,False,16.92
6499,0.434026,False,15.74
6500,0.438313,False,15.9
6501,0.451592,False,16.38
6502,0.463697,False,16.82
6503,0.476395,False,17.28
6504,0.53171,False,19.29
6505,0.516976,False,18.75
6506,0.497943,False,18.06
6507,0.562611,False,20.41
6508,0.509324,False,18.47
6509,0.53599,False,19.44
6510,0.542325,False,19.67
6511,1.271553,True,46.12
6512,0.712917,False,25.86
6513,0.636933,False,23.1
6514,0.708126,False,25.69
6515,0.765415,False,27.76
6516,0.744845,False,27.02
6517,0.753596,False,27.34
6518,0.749948,False,27.2
6519,0.72519,False,26.3
6520,0.711952,False,25.82
6521,0.720979,False,26.15
6522,0.705095,False,25.58
6523,0.761734,False,27.63
6524,0.698998,False,25.35
6525,0.675249,False,24.49
6526,1.257275,True,45.6
6527,0.680205,False,24.67
6528,0.650731,False,23.6
6529,0.729564,False,26.46
6530,0.648468,False,23.52
6531,0.655251,False,23.77
6532,0.650829,False,23.61
6533,0.638654,False,23.17
6534,0.63566,False,23.06
6535,0.634677,False,23.02
6536,0.610341,False,22.14
6537,0.695322,False,25.22
6538,0.612095,False,22.2
6539,0.670359,False,24.32
6540,0.597813,False,21.68
6541,0.265604,False,9.63
6542,0.398199,False,14.44
6543,0.335853,False,12.18
6544,0.393041,False,14.26
6545,0.382047,False,13.86
6546,0.442939,False,16.07
6547,0.479057,False,17.38
6548,0.483992,False,17.56
6549,0.416327,False,15.1
6550,0.417702,False,15.15
6551,0.405338,False,14.7
6552,0.403522,False,14.64
6553,0.50629,False,18.36
6554,0.43176,False,15.66
6555,0.403248,False,14.63
6556,0.355512,False,12.9
6557,0.373643,False,13.55
6558,0.387016,False,14.04
6559,0.333081,False,12.08
6560,0.344662,False,12.5
6561,0.41491,False,15.05
6562,0.337445,False,12.24
6563,0.335545,False,12.17
6564,0.370349,False,13.43
6565,0.347433,False,12.6
6566,0.322577,False,11.7
6567,0.495291,False,17.97
6568,0.326517,False,11.84
6569,0.395687,False,14.35
6570,0.308459,False,11.19
6571,0.326942,False,11.86
6572,0.304515,False,11.05
6573,0.381971,False,13.86
6574,0.367643,False,13.34
6575,0.302171,False,10.96
6576,0.37062,False,13.44
6577,0.343413,False,12.46
6578,0.466937,False,16.94
6579,0.32706,False,11.86
6580,0.308636,False,11.2
6581,0.281518,False,10.21
6582,0.309592,False,11.23
6583,0.322161,False,11.69
6584,0.274433,False,9.95
6585,0.294487,False,10.68
6586,0.300824,False,10.91
6587,0.338212,False,12.27
6588,0.341852,False,12.4
6589,0.383032,False,13.89
6590,0.330742,False,12.0
6591,0.313352,False,11.37
6592,0.40526,False,14.7
6593,0.344509,False,12.5
6594,0.325561,False,11.81
6595,0.312358,False,11.33
6596,0.450974,False,16.36
6597,0.341825,False,12.4
6598,0.330931,False,12.0
6599,1.129719,True,40.98
6600,0.98819,True,35.84
6601,0.991288,True,35.96
6602,0.9004,False,32.66
6603,0.88469,False,32.09
6604,0.889236,False,32.26
6605,0.892278,False,32.37
6606,0.954644,True,34.63
6607,0.915101,False,33.19
6608,0.903147,False,32.76
6609,0.894337,False,32.44
6610,0.945427,True,34.29
6611,0.897962,False,32.57
6612,0.893262,False,32.4
6613,0.877119,False,31.82
6614,0.907257,False,32.91
6615,0.918502,False,33.32
6616,0.890235,False,32.29
6617,0.88727,False,32.18
6618,0.906433,False,32.88
6619,0.879282,False,31.89
6620,0.950294,True,34.47
6621,0.90134,False,32.69
6622,0.937754,False,34.02
6623,0.87247,False,31.65
6624,0.878162,False,31.85
6625,0.931011,False,33.77
6626,0.926113,False,33.59
6627,0.932093,False,33.81
6628,0.95888,True,34.78
6629,0.889251,False,32.26
6630,0.903821,False,32.78
6631,0.88223,False,32.0
6632,0.93234,False,33.82
6633,0.91893,False,33.33
6634,0.898024,False,32.57
6635,0.885899,False,32.13
6636,0.879415,False,31.9
6637,0.895956,False,32.5
6638,0.929886,False,33.73
6639,1.555917,True,56.44
6640,0.668296,False,24.24
6641,0.703108,False,25.5
6642,0.766033,False,27.79
6643,0.549235,False,19.92
6644,0.641078,False,23.25
6645,0.543784,False,19.72
6646,0.553034,False,20.06
6647,0.536982,False,19.48
6648,0.666689,False,24.18
6649,0.541652,False,19.65
6650,0.595242,False,21.59
6651,0.540517,False,19.61
6652,0.523315,False,18.98
6653,0.53236,False,19.31
6654,0.531032,False,19.26
6655,0.575003,False,20.86
6656,0.592824,False,21.5
6657,0.668533,False,24.25
6658,0.539524,False,19.57
6659,0.548079,False,19.88
6660,0.529704,False,19.21
6661,0.581347,False,21.09
6662,0.562951,False,20.42
6663,0.541465,False,19.64
6664,0.550573,False,19.97
6665,0.588886,False,21.36
6666,0.588113,False,21.33
6667,0.561673,False,20.37
6668,0.567556,False,20.59
6669,0.589442,False,21.38
6670,0.58109,False,21.08
6671,0.582447,False,21.13
6672,0.579921,False,21.04
6673,0.58229,False,21.12
6674,0.591751,False,21.46
6675,0.623897,False,22.63
6676,0.601987,False,21.84
6677,0.628862,False,22.81
6678,0.622277,False,22.57
6679,0.607057,False,22.02
6680,0.653569,False,23.71
6681,0.633436,False,22.98
6682,0.608844,False,22.08
6683,0.603604,False,21.89
6684,0.628284,False,22.79
6685,0.620185,False,22.5
6686,0.649336,False,23.55
6687,0.630233,False,22.86
6688,0.667299,False,24.2
6689,0.700532,False,25.41
6690,0.657377,False,23.84
6691,0.647227,False,23.48
6692,0.658223,False,23.88
6693,0.691448,False,25.08
6694,0.68119,False,24.71
6695,0.633694,False,22.99
6696,0.642629,False,23.31
6697,0.633043,False,22.96
6698,0.601271,False,21.81
6699,0.560682,False,20.34
6700,0.56063,False,20.34
6701,0.675008,False,24.48
6702,0.537111,False,19.48
6703,0.513641,False,18.63
6704,0.579954,False,21.04
6705,0.493964,False,17.92
6706,0.491491,False,17.83
6707,0.553548,False,20.08
6708,0.467554,False,16.96
6709,0.501292,False,18.18
6710,0.59638,False,21.63
6711,0.459783,False,16.68
6712,0.452612,False,16.42
6713,0.430369,False,15.61
6714,0.5884,False,21.34
6715,0.427119,False,15.49
6716,0.430477,False,15.61
6717,0.413511,False,15.0
6718,0.52322,False,18.98
6719,0.407314,False,14.77
6720,0.414102,False,15.02
6721,0.555072,False,20.13
6722,0.469057,False,17.01
6723,0.53308,False,19.34
6724,0.506864,False,18.39
6725,0.515715,False,18.71
6726,0.422618,False,15.33
6727,0.407886,False,14.8
6728,0.451282,False,16.37
6729,0.557103,False,20.21
6730,0.452007,False,16.4
6731,0.480953,False,17.45
6732,0.456607,False,16.56
6733,0.449242,False,16.3
6734,0.489163,False,17.74
6735,0.462685,False,16.78
6736,0.459248,False,16.66
6737,0.540879,False,19.62
6738,0.458787,False,16.64
6739,0.568101,False,20.61
6740,0.480964,False,17.45
6741,0.48237,False,17.5
6742,0.486064,False,17.63
6743,0.611854,False,22.19
6744,0.557098,False,20.21
6745,0.500246,False,18.15
6746,0.499032,False,18.1
6747,0.640465,False,23.23
6748,0.578351,False,20.98
6749,0.482842,False,17.51
6750,0.519058,False,18.83
6751,0.502029,False,18.21
6752,0.561081,False,20.35
6753,0.519677,False,18.85
6754,0.508076,False,18.43
6755,0.60776,False,22.05
6756,0.684607,False,24.83
6757,0.667558,False,24.21
6758,0.584308,False,21.19
6759,0.584315,False,21.19
6760,0.544783,False,19.76
6761,0.516451,False,18.73
6762,0.516322,False,18.73
6763,0.500639,False,18.16
6764,0.500017,False,18.14
6765,0.457539,False,16.6
6766,0.459545,False,16.67
6767,0.56031,False,20.32
6768,0.538137,False,19.52
6769,0.475099,False,17.23
6770,0.42691,False,15.49
6771,0.439334,False,15.94
6772,0.443718,False,16.09
6773,0.518791,False,18.82
6774,0.466778,False,16.93
6775,0.424939,False,15.41
6776,0.263525,False,9.56
6777,0.318333,False,11.55
6778,0.305219,False,11.07
6779,0.435561,False,15.8
6780,0.499987,False,18.14
6781,0.52185,False,18.93
6782,0.485264,False,17.6
6783,0.501179,False,18.18
6784,0.54865,False,19.9
6785,0.515278,False,18.69
6786,0.492754,False,17.87
6787,0.44216,False,16.04
6788,0.455376,False,16.52
6789,0.51115,False,18.54
6790,0.435636,False,15.8
6791,0.430856,False,15.63
6792,0.42886,False,15.56
6793,0.430316,False,15.61
6794,0.414346,False,15.03
6795,0.458251,False,16.62
6796,0.449508,False,16.3
6797,0.396892,False,14.4
6798,0.379255,False,13.76
6799,0.371767,False,13.49
6800,0.374125,False,13.57
6801,0.366873,False,13.31
6802,0.377704,False,13.7
6803,0.451598,False,16.38
6804,0.354125,False,12.85
6805,0.403305,False,14.63
6806,0.385121,False,13.97
6807,0.376259,False,13.65
6808,0.355949,False,12.91
6809,0.362259,False,13.14
6810,0.404591,False,14.68
6811,0.369009,False,13.39
6812,0.443011,False,16.07
6813,0.340129,False,12.34
6814,0.376206,False,13.65
6815,0.397573,False,14.42
6816,0.344291,False,12.49
6817,0.390491,False,14.16
6818,0.341627,False,12.39
6819,0.343358,False,12.45
6820,0.387531,False,14.06
6821,0.35783,False,12.98
6822,0.364505,False,13.22
6823,0.421764,False,15.3
6824,0.383878,False,13.92
6825,0.457297,False,16.59
6826,0.433333,False,15.72
6827,0.481189,False,17.45
6828,0.404327,False,14.67
6829,0.441986,False,16.03
6830,0.89089,False,32.32
6831,0.699886,False,25.39
6832,0.814324,False,29.54
6833,0.629695,False,22.84
6834,0.744807,False,27.02
6835,0.634019,False,23.0
6836,0.656632,False,23.82
6837,0.64378,False,23.35
6838,0.647485,False,23.49
6839,0.67398,False,24.45
6840,0.70551,False,25.59
6841,0.798717,False,28.97
6842,0.680848,False,24.7
6843,0.691042,False,25.07
6844,0.778697,False,28.25
6845,0.771722,False,27.99
6846,0.718052,False,26.05
6847,0.736758,False,26.72
6848,0.828202,False,30.04
6849,0.788761,False,28.61
6850,0.789721,False,28.65
6851,0.79436,False,28.81
6852,0.799103,False,28.99
6853,0.912514,False,33.1
6854,0.910258,False,33.02
6855,0.882735,False,32.02
6856,0.884687,False,32.09
6857,0.984948,True,35.73
6858,0.894045,False,32.43
6859,0.904599,False,32.81
6860,0.570905,False,20.71
6861,0.69072,False,25.05
6862,0.710394,False,25.77
6863,0.543212,False,19.7
6864,0.538158,False,19.52
6865,0.53372,False,19.36
6866,0.523626,False,18.99
6867,0.556295,False,20.18
6868,0.51302,False,18.61
6869,0.538718,False,19.54
6870,0.511256,False,18.54
6871,0.508625,False,18.45
6872,0.51712,False,18.76
6873,0.503012,False,18.25
6874,0.498857,False,18.09
6875,0.56242,False,20.4
6876,0.518372,False,18.8
6877,0.547986,False,19.88
6878,0.527605,False,19.14
6879,0.525109,False,19.05
6880,0.614378,False,22.29
6881,0.525965,False,19.08
6882,0.509378,False,18.48
6883,0.555076,False,20.13
6884,0.518622,False,18.81
6885,0.553364,False,20.07
6886,0.543478,False,19.71
6887,0.563923,False,20.46
6888,0.553015,False,20.06
6889,0.567108,False,20.57
6890,0.535196,False,19.41
6891,0.558002,False,20.24
6892,0.583067,False,21.15
6893,0.574226,False,20.83
6894,0.583467,False,21.16
6895,0.617486,False,22.4
6896,0.571089,False,20.72
6897,0.594339,False,21.56
6898,0.605035,False,21.95
6899,0.663274,False,24.06
6900,0.572244,False,20.76
6901,0.597338,False,21.67
6902,0.617386,False,22.39
6903,0.608376,False,22.07
6904,0.603284,False,21.88
6905,0.631586,False,22.91
6906,0.596687,False,21.64
6907,0.390274,False,14.16
6908,0.328441,False,11.91
6909,0.393856,False,14.29
6910,0.517209,False,18.76
6911,0.505256,False,18.33
6912,0.367116,False,13.32
6913,0.310655,False,11.27
6914,0.318191,False,11.54
6915,0.379889,False,13.78
6916,0.288654,False,10.47
6917,0.268239,False,9.73
6918,0.255246,False,9.26
6919,0.235059,False,8.53
6920,0.236949,False,8.59
6921,0.234746,False,8.51
6922,0.24664,False,8.95
6923,0.230777,False,8.37
6924,0.23427,False,8.5
6925,0.22169,False,8.04
6926,0.23595,False,8.56
6927,0.217475,False,7.89
6928,0.206304,False,7.48
6929,0.232144,False,8.42
6930,0.223944,False,8.12
6931,0.291004,False,10.56
6932,0.210929,False,7.65
6933,0.351122,False,12.74
6934,0.30355,False,11.01
6935,0.209851,False,7.61
6936,0.304019,False,11.03
6937,0.214618,False,7.78
6938,0.230861,False,8.37
6939,0.221785,False,8.04
6940,0.220998,False,8.02
6941,0.259467,False,9.41
6942,0.253053,False,9.18
6943,0.40269,False,14.61
6944,0.329073,False,11.94
6945,0.307628,False,11.16
6946,0.349178,False,12.67
6947,0.342997,False,12.44
6948,0.37723,False,13.68
6949,0.528311,False,19.16
6950,0.370986,False,13.46
6951,0.408465,False,14.82
6952,0.390793,False,14.18
6953,0.373992,False,13.57
6954,0.435726,False,15.81
6955,0.386516,False,14.02
6956,0.376676,False,13.66
6957,0.438727,False,15.91
6958,0.384937,False,13.96
6959,0.392663,False,14.24
6960,0.411881,False,14.94
6961,0.408493,False,14.82
6962,0.88231,False,32.0
6963,0.890638,False,32.31
6964,0.871126,False,31.6
6965,0.909567,False,32.99
6966,0.900098,False,32.65
6967,1.154546,True,41.88
6968,1.13806,True,41.28
6969,1.092735,True,39.64
6970,1.115193,True,40.45
6971,1.081419,True,39.23
6972,1.093462,True,39.66
6973,1.070705,True,38.84
6974,1.067459,True,38.72
6975,1.08711,True,39.43
6976,1.082051,True,39.25
6977,1.104351,True,40.06
6978,1.080912,True,39.21
6979,1.065892,True,38.66
6980,1.048735,True,38.04
6981,1.060996,True,38.49
6982,1.057551,True,38.36
6983,1.063605,True,38.58
6984,1.034172,True,37.51
6985,1.072025,True,38.89
6986,1.033977,True,37.51
6987,1.044085,True,37.87
6988,1.028496,True,37.31
6989,1.041477,True,37.78
6990,1.054215,True,38.24
6991,1.04929,True,38.06
6992,0.96004,True,34.82
6993,1.015797,True,36.85
6994,1.090678,True,39.56
6995,0.782567,False,28.39
6996,0.719982,False,26.12
6997,0.718817,False,26.07
6998,0.753423,False,27.33
6999,0.745492,False,27.04
7000,0.751782,False,27.27
7001,0.74117,False,26.88
7002,0.733246,False,26.6
7003,0.673531,False,24.43
7004,0.653375,False,23.7
7005,0.632148,False,22.93
7006,0.655668,False,23.78
7007,0.647087,False,23.47
7008,0.67122,False,24.35
7009,0.66604,False,24.16
7010,0.589885,False,21.4
7011,0.642086,False,23.29
7012,0.599947,False,21.76
7013,0.625295,False,22.68
7014,0.656097,False,23.8
7015,0.567164,False,20.57
7016,0.605976,False,21.98
7017,0.62011,False,22.49
7018,0.586956,False,21.29
7019,0.627657,False,22.77
7020,0.645088,False,23.4
7021,0.554991,False,20.13
7022,0.613454,False,22.25
7023,0.606385,False,22.0
7024,0.63115,False,22.89
7025,0.548157,False,19.88
7026,0.592073,False,21.48
7027,0.559082,False,20.28
7028,0.57086,False,20.71
7029,0.550013,False,19.95
7030,0.553716,False,20.08
7031,0.513665,False,18.63
7032,0.54014,False,19.59
7033,0.63629,False,23.08
7034,0.525024,False,19.04
7035,0.595572,False,21.6
7036,0.567234,False,20.58
7037,0.648593,False,23.53
7038,0.540179,False,19.59
7039,0.59942,False,21.74
7040,0.606731,False,22.01
7041,0.561446,False,20.37
7042,0.598174,False,21.7
7043,0.575288,False,20.87
7044,0.63246,False,22.94
7045,0.615738,False,22.33
7046,0.626478,False,22.72
7047,0.600696,False,21.79
7048,0.550913,False,19.98
7049,0.648117,False,23.51
7050,0.585337,False,21.23
7051,0.629929,False,22.85
7052,0.616923,False,22.38
7053,0.618946,False,22.45
7054,0.623726,False,22.62
7055,0.661505,False,23.99
7056,0.708531,False,25.7
7057,0.685052,False,24.85
7058,0.713951,False,25.9
7059,0.66328,False,24.06
7060,0.770242,False,27.94
7061,0.780568,False,28.31
7062,1.033023,True,37.47
7063,1.014091,True,36.78
7064,1.015992,True,36.85
7065,1.180279,True,42.81
7066,1.15427,True,41.87
7067,1.175044,True,42.62
7068,1.182937,True,42.91
7069,1.564083,True,56.73
7070,0.977872,True,35.47
7071,0.972181,True,35.26
7072,1.200207,True,43.53
7073,1.03838,True,37.67
7074,1.011957,True,36.71
7075,1.024261,True,37.15
7076,1.001876,True,36.34
7077,1.015554,True,36.84
7078,1.02923,True,37.33
7079,1.050997,True,38.12
7080,1.065527,True,38.65
7081,0.976917,True,35.44
7082,0.992813,True,36.01
7083,0.984474,True,35.71
7084,1.052476,True,38.18
7085,0.967118,True,35.08
7086,0.956439,True,34.69
7087,0.971867,True,35.25
7088,0.956864,True,34.71
7089,0.958039,True,34.75
7090,1.009056,True,36.6
7091,0.960725,True,34.85
7092,0.940143,True,34.1
7093,0.941591,True,34.15
7094,0.936433,False,33.97
7095,0.952521,True,34.55
7096,0.93419,False,33.89
7097,0.944316,True,34.25
7098,0.936045,False,33.95
7099,1.004423,True,36.43
7100,0.947601,True,34.37
7101,0.944687,True,34.27
7102,0.944141,True,34.25
7103,0.950028,True,34.46
7104,0.95589,True,34.67
7105,0.944259,True,34.25
7106,0.946464,True,34.33
7107,1.006426,True,36.51
7108,0.983406,True,35.67
7109,0.941344,True,34.15
7110,0.972313,True,35.27
7111,1.011067,True,36.67
7112,0.980716,True,35.57
7113,0.994212,True,36.06
7114,0.986038,True,35.77
7115,0.956318,True,34.69
7116,0.954226,True,34.61
7117,0.984591,True,35.71
7118,0.999209,True,36.24
7119,0.943466,True,34.22
7120,0.95227,True,34.54
7121,1.049847,True,38.08
7122,0.975459,True,35.38
7123,1.043221,True,37.84
7124,0.958149,True,34.75
7125,0.970191,True,35.19
7126,1.003847,True,36.41
7127,1.081457,True,39.23
7128,0.921154,False,33.41
7129,0.931824,False,33.8
7130,0.933055,False,33.84
7131,1.023705,True,37.13
7132,0.994587,True,36.08
7133,1.009252,True,36.61
7134,1.025511,True,37.2
7135,1.509597,True,54.76
7136,0.35601,False,12.91
7137,0.258756,False,9.39
7138,0.233157,False,8.46
7139,0.474532,False,17.21
7140,0.424833,False,15.41
7141,0.358282,False,13.0
7142,0.318022,False,11.54
7143,0.321748,False,11.67
7144,0.316157,False,11.47
7145,0.31689,False,11.49
7146,0.352212,False,12.78
7147,0.27969,False,10.15
7148,0.27586,False,10.01
7149,0.315948,False,11.46
7150,0.304106,False,11.03
7151,0.30226,False,10.96
7152,0.400107,False,14.51
7153,0.246831,False,8.95
7154,0.253147,False,9.18
7155,0.293123,False,10.63
7156,0.350134,False,12.7
7157,0.338588,False,12.28
7158,0.404303,False,14.67
7159,0.314856,False,11.42
7160,0.230284,False,8.35
7161,0.250971,False,9.1
7162,0.276041,False,10.01
7163,0.250532,False,9.09
7164,0.260475,False,9.45
7165,0.240906,False,8.74
7166,0.257718,False,9.35
7167,0.331805,False,12.04
7168,0.385778,False,13.99
7169,0.254828,False,9.24
7170,0.267408,False,9.7
7171,0.285686,False,10.36
7172,0.307795,False,11.16
7173,0.299533,False,10.86
7174,0.311693,False,11.31
7175,0.293663,False,10.65
7176,0.311798,False,11.31
7177,0.277488,False,10.07
7178,0.316662,False,11.49
7179,0.300517,False,10.9
7180,0.285472,False,10.35
7181,0.23379,False,8.48
7182,0.239192,False,8.68
7183,0.344064,False,12.48
7184,0.287651,False,10.43
7185,0.266386,False,9.66
7186,0.381132,False,13.82
7187,0.280641,False,10.18
7188,0.258749,False,9.39
7189,0.258,False,9.36
7190,0.304307,False,11.04
7191,0.43882,False,15.92
7192,0.289644,False,10.51
7193,0.319337,False,11.58
7194,0.349455,False,12.68
7195,0.317616,False,11.52
7196,0.501352,False,18.19
7197,0.468815,False,17.01
7198,0.518775,False,18.82
7199,0.604108,False,21.91
7200,0.537179,False,19.49
7201,0.475524,False,17.25
7202,0.545851,False,19.8
7203,0.519037,False,18.83
7204,0.602788,False,21.86
7205,0.706388,False,25.62
7206,0.710673,False,25.78
7207,0.568965,False,20.64
7208,0.571144,False,20.72
7209,0.550887,False,19.98
7210,0.558514,False,20.26
7211,0.541133,False,19.63
7212,0.542084,False,19.66
7213,0.537875,False,19.51
7214,0.528429,False,19.17
7215,0.506235,False,18.36
7216,0.491357,False,17.82
7217,1.328381,True,48.18
7218,0.521324,False,18.91
7219,0.495648,False,17.98
7220,0.494674,False,17.94
7221,0.573952,False,20.82
7222,0.471927,False,17.12
7223,0.511044,False,18.54
7224,0.483366,False,17.53
7225,0.57267,False,20.77
7226,0.56525,False,20.5
7227,0.529927,False,19.22
7228,0.472506,False,17.14
7229,1.137175,True,41.25
7230,1.137128,True,41.25
7231,1.327826,True,48.16
7232,1.437953,True,52.16
7233,1.48278,True,53.78
7234,2.033565,True,73.76
7235,0.21456,False,7.78
7236,0.288115,False,10.45
7237,0.281144,False,10.2
7238,0.357439,False,12.97
7239,0.372317,False,13.51
7240,0.341067,False,12.37
7241,0.354293,False,12.85
7242,0.395725,False,14.35
7243,0.391251,False,14.19
7244,0.358099,False,12.99
7245,0.354154,False,12.85
7246,0.307142,False,11.14
7247,0.360544,False,13.08
7248,0.354895,False,12.87
7249,0.294255,False,10.67
7250,0.449875,False,16.32
7251,0.393166,False,14.26
7252,0.386186,False,14.01
7253,0.39065,False,14.17
7254,0.387287,False,14.05
7255,0.385787,False,13.99
7256,0.426765,False,15.48
7257,0.444424,False,16.12
7258,0.353759,False,12.83
7259,0.349015,False,12.66
7260,0.34869,False,12.65
7261,0.337759,False,12.25
7262,0.337605,False,12.25
7263,0.34039,False,12.35
7264,0.358505,False,13.0
7265,1.269011,True,46.03
7266,0.326637,False,11.85
7267,0.352289,False,12.78
7268,0.347521,False,12.61
7269,0.400226,False,14.52
7270,0.327544,False,11.88
7271,0.342146,False,12.41
7272,0.342881,False,12.44
7273,0.360801,False,13.09
7274,0.432421,False,15.69
7275,0.424093,False,15.38
7276,0.409451,False,14.85
7277,0.498694,False,18.09
7278,0.385445,False,13.98
7279,0.397679,False,14.42
7280,0.416198,False,15.1
7281,0.471616,False,17.11
7282,0.430742,False,15.62
7283,0.423602,False,15.37
7284,0.591037,False,21.44
7285,0.496243,False,18.0
7286,0.391913,False,14.22
7287,0.52243,False,18.95
7288,0.431504,False,15.65
7289,0.399347,False,14.49
7290,0.471375,False,17.1
7291,0.413329,False,14.99
7292,0.42144,False,15.29
7293,0.41083,False,14.9
7294,0.472857,False,17.15
7295,0.579654,False,21.03
7296,0.568422,False,20.62
7297,0.474295,False,17.2
7298,0.432985,False,15.71
7299,0.441688,False,16.02
7300,0.446284,False,16.19
7301,0.465027,False,16.87
7302,0.447572,False,16.23
7303,0.482147,False,17.49
7304,0.747714,False,27.12
7305,0.754498,False,27.37
7306,0.743073,False,26.95
7307,0.601895,False,21.83
7308,0.626349,False,22.72
7309,0.596211,False,21.63
7310,0.607748,False,22.04
7311,0.611058,False,22.16
7312,0.598299,False,21.7
7313,0.596273,False,21.63
7314,0.595136,False,21.59
7315,0.595322,False,21.59
7316,0.611566,False,22.18
7317,0.583375,False,21.16
7318,0.666611,False,24.18
7319,0.644706,False,23.39
7320,0.594686,False,21.57
7321,0.669009,False,24.27
7322,0.583465,False,21.16
7323,0.600998,False,21.8
7324,0.602155,False,21.84
7325,0.615774,False,22.34
7326,0.669485,False,24.28
7327,0.601398,False,21.81
7328,0.615219,False,22.32
7329,0.637424,False,23.12
7330,0.599958,False,21.76
7331,0.625181,False,22.68
7332,0.598562,False,21.71
7333,0.601006,False,21.8
7334,0.618106,False,22.42
7335,0.604349,False,21.92
7336,0.624767,False,22.66
7337,0.689152,False,25.0
7338,0.628771,False,22.81
7339,0.65674,False,23.82
7340,0.662319,False,24.02
7341,0.64107,False,23.25
7342,0.674729,False,24.47
7343,0.473799,False,17.19
7344,0.596893,False,21.65
7345,0.579015,False,21.0
7346,0.53635,False,19.45
7347,0.487477,False,17.68
7348,0.420718,False,15.26
7349,0.418471,False,15.18
7350,0.465763,False,16.89
7351,0.429997,False,15.6
7352,0.42503,False,15.42
7353,0.401672,False,14.57
7354,0.506817,False,18.38
7355,0.416371,False,15.1
7356,0.409951,False,14.87
7357,0.478431,False,17.35
7358,0.45269,False,16.42
7359,0.451757,False,16.39
7360,0.482855,False,17.51
7361,0.858686,False,31.15
7362,0.75341,False,27.33
7363,0.752066,False,27.28
7364,0.778465,False,28.24
7365,0.797033,False,28.91
7366,0.769921,False,27.93
7367,0.923785,False,33.51
7368,0.770935,False,27.96
7369,0.92612,False,33.59
7370,1.45649,True,52.83
7371,0.774917,False,28.11
7372,0.773036,False,28.04
7373,0.863488,False,31.32
7374,0.780697,False,28.32
7375,0.894603,False,32.45
7376,0.847314,False,30.73
7377,0.873884,False,31.7
7378,0.783437,False,28.42
7379,0.790819,False,28.69
7380,0.899153,False,32.61
7381,0.839586,False,30.45
7382,0.892015,False,32.36
7383,0.823591,False,29.87
7384,0.833897,False,30.25
7385,1.011061,True,36.67
7386,0.74261,False,26.94
7387,0.738621,False,26.79
7388,0.726765,False,26.36
7389,0.724442,False,26.28
7390,0.730269,False,26.49
7391,0.754974,False,27.39
7392,1.859491,True,67.45
7393,0.713712,False,25.89
7394,0.767345,False,27.83
7395,0.736513,False,26.72
7396,0.770007,False,27.93
7397,0.908639,False,32.96
7398,0.873896,False,31.7
7399,0.812863,False,29.48
7400,0.835504,False,30.31
7401,0.831272,False,30.15
7402,0.824835,False,29.92
7403,0.945781,True,34.31
7404,0.82735,False,30.01
7405,0.824036,False,29.89
7406,0.837381,False,30.37
7407,0.865769,False,31.4
7408,0.892623,False,32.38
7409,0.880268,False,31.93
7410,0.887706,False,32.2
7411,0.990071,True,35.91
7412,0.980345,True,35.56
7413,0.957523,True,34.73
7414,0.916747,False,33.25
7415,0.985806,True,35.76
7416,0.930096,False,33.74
7417,0.947749,True,34.38
7418,0.996714,True,36.15
7419,1.04439,True,37.88
7420,1.039038,True,37.69
7421,1.023961,True,37.14
7422,1.030749,True,37.39
7423,1.018963,True,36.96
7424,1.023841,True,37.14
7425,1.015686,True,36.84
7426,1.067273,True,38.71
7427,1.062292,True,38.53
7428,1.064177,True,38.6
7429,1.589569,True,57.66
7430,0.681823,False,24.73
7431,0.623331,False,22.61
7432,0.656494,False,23.81
7433,0.644821,False,23.39
7434,0.605857,False,21.98
7435,0.574935,False,20.85
7436,0.582574,False,21.13
7437,0.578515,False,20.98
7438,0.589431,False,21.38
7439,0.61901,False,22.45
7440,0.619055,False,22.45
7441,0.572299,False,20.76
7442,0.575768,False,20.88
7443,0.60091,False,21.8
7444,0.639247,False,23.19
7445,0.606662,False,22.01
7446,0.590514,False,21.42
7447,0.588066,False,21.33
7448,0.598518,False,21.71
7449,0.618226,False,22.42
7450,0.609254,False,22.1
7451,0.626925,False,22.74
7452,0.609854,False,22.12
7453,0.642202,False,23.29
7454,0.673115,False,24.42
7455,0.61446,False,22.29
7456,0.64569,False,23.42
7457,0.66351,False,24.07
7458,0.665569,False,24.14
7459,0.639027,False,23.18
7460,0.664946,False,24.12
7461,0.671074,False,24.34
7462,0.66795,False,24.23
7463,0.672093,False,24.38
7464,0.703781,False,25.53
7465,0.701264,False,25.44
7466,0.661408,False,23.99
7467,0.613706,False,22.26
7468,0.694511,False,25.19
7469,0.709541,False,25.74
7470,0.708808,False,25.71
7471,0.678949,False,24.63
7472,0.653687,False,23.71
7473,0.662961,False,24.05
7474,0.640174,False,23.22
7475,0.664654,False,24.11
7476,0.632608,False,22.95
7477,0.698449,False,25.33
7478,0.635968,False,23.07
7479,0.641158,False,23.26
7480,0.611391,False,22.18
7481,0.691996,False,25.1
7482,0.583339,False,21.16
7483,0.604229,False,21.92
7484,0.69214,False,25.11
7485,0.603591,False,21.89
7486,0.574096,False,20.82
7487,0.615834,False,22.34
7488,0.562767,False,20.41
7489,0.56232,False,20.4
7490,0.544304,False,19.74
7491,0.576393,False,20.91
7492,0.649868,False,23.57
7493,0.620395,False,22.5
7494,0.565628,False,20.52
7495,0.444348,False,16.12
7496,0.461135,False,16.73
7497,0.412784,False,14.97
7498,0.551864,False,20.02
7499,0.624653,False,22.66
7500,0.540533,False,19.61
7501,0.548091,False,19.88
7502,0.542229,False,19.67
7503,0.531999,False,19.3
7504,0.530196,False,19.23
7505,0.525355,False,19.06
7506,0.535198,False,19.41
7507,0.522006,False,18.93
7508,0.503156,False,18.25
7509,0.510516,False,18.52
7510,0.493135,False,17.89
7511,0.498409,False,18.08
7512,0.527875,False,19.15
7513,0.493773,False,17.91
7514,0.489028,False,17.74
7515,0.491216,False,17.82
7516,0.556499,False,20.19
7517,0.509009,False,18.46
7518,0.483122,False,17.52
7519,0.50363,False,18.27
7520,0.505452,False,18.33
7521,0.486936,False,17.66
7522,0.490729,False,17.8
7523,0.470212,False,17.06
7524,0.504108,False,18.29
7525,0.476491,False,17.28
7526,0.532518,False,19.32
7527,0.490097,False,17.78
7528,0.465209,False,16.87
7529,0.459449,False,16.67
7530,0.46459,False,16.85
7531,0.47314,False,17.16
7532,0.485222,False,17.6
7533,0.551695,False,20.01
7534,0.502846,False,18.24
7535,0.564111,False,20.46
7536,0.597509,False,21.67
7537,0.618755,False,22.44
7538,0.575948,False,20.89
7539,0.56612,False,20.53
7540,0.616771,False,22.37
7541,0.544443,False,19.75
7542,0.551036,False,19.99
7543,0.568451,False,20.62
7544,0.584729,False,21.21
7545,0.541535,False,19.64
7546,0.685844,False,24.88
7547,0.577287,False,20.94
7548,0.561903,False,20.38
7549,0.566045,False,20.53
7550,0.739433,False,26.82
7551,0.569259,False,20.65
7552,0.61251,False,22.22
7553,0.594202,False,21.55
7554,0.572213,False,20.76
7555,0.641642,False,23.27
7556,0.580424,False,21.05
7557,0.614351,False,22.28
7558,0.730512,False,26.5
7559,0.647138,False,23.47
7560,0.587919,False,21.33
7561,0.613345,False,22.25
7562,0.649514,False,23.56
7563,0.648739,False,23.53
7564,0.665472,False,24.14
7565,0.638058,False,23.14
7566,0.632412,False,22.94
7567,0.673455,False,24.43
7568,0.408135,False,14.8
7569,0.401231,False,14.55
7570,0.440983,False,16.0
7571,0.576178,False,20.9
7572,0.563985,False,20.46
7573,0.40383,False,14.65
7574,0.366512,False,13.29
7575,0.439618,False,15.95
7576,0.353428,False,12.82
7577,0.375963,False,13.64
7578,0.410229,False,14.88
7579,0.349167,False,12.67
7580,0.31213,False,11.32
7581,0.289573,False,10.5
7582,0.310196,False,11.25
7583,0.324411,False,11.77
7584,1.23072,True,44.64
7585,0.249451,False,9.05
7586,0.243483,False,8.83
7587,0.348315,False,12.63
7588,0.238802,False,8.66
7589,0.288916,False,10.48
7590,0.228558,False,8.29
7591,0.284116,False,10.31
7592,0.225878,False,8.19
7593,0.232445,False,8.43
7594,0.25268,False,9.17
7595,0.361478,False,13.11
7596,0.221366,False,8.03
7597,0.225389,False,8.18
7598,0.346717,False,12.58
7599,0.332382,False,12.06
7600,0.285015,False,10.34
7601,0.254715,False,9.24
7602,0.268687,False,9.75
7603,0.417264,False,15.14
7604,0.263328,False,9.55
7605,0.283141,False,10.27
7606,0.337039,False,12.23
7607,0.291569,False,10.58
7608,0.279397,False,10.13
7609,0.307085,False,11.14
7610,0.312958,False,11.35
7611,0.313229,False,11.36
7612,0.394982,False,14.33
7613,0.301899,False,10.95
7614,0.329144,False,11.94
7615,0.388261,False,14.08
7616,0.339072,False,12.3
7617,0.356121,False,12.92
7618,0.354451,False,12.86
7619,0.330908,False,12.0
7620,0.483099,False,17.52
7621,0.335668,False,12.18
7622,0.383817,False,13.92
7623,0.43886,False,15.92
7624,0.416614,False,15.11
7625,0.387965,False,14.07
7626,0.538819,False,19.54
7627,0.369852,False,13.42
7628,0.43643,False,15.83
7629,0.427005,False,15.49
7630,0.636962,False,23.1
7631,0.649453,False,23.56
7632,0.696881,False,25.28
7633,0.580209,False,21.05
7634,0.608976,False,22.09
7635,0.666583,False,24.18
7636,0.669026,False,24.27
7637,0.649881,False,23.57
7638,0.625248,False,22.68
7639,0.643065,False,23.33
7640,0.69967,False,25.38
7641,1.089461,True,39.52
7642,1.099397,True,39.88
7643,1.340577,True,48.63
7644,1.416126,True,51.37
7645,1.60788,True,58.32
7646,2.006878,True,72.8
7647,0.875333,False,31.75
7648,0.957865,True,34.74
7649,0.979713,True,35.54
7650,0.84272,False,30.57
7651,0.811073,False,29.42
7652,0.816805,False,29.63
7653,0.816295,False,29.61
7654,0.798745,False,28.97
7655,0.793408,False,28.78
7656,0.810037,False,29.38
7657,0.788427,False,28.6
7658,0.783002,False,28.4
7659,0.849247,False,30.8
7660,0.808671,False,29.33
7661,0.768322,False,27.87
7662,0.764563,False,27.73
7663,0.766688,False,27.81
7664,0.748717,False,27.16
7665,0.855075,False,31.02
7666,0.790113,False,28.66
7667,0.749661,False,27.19
7668,0.759948,False,27.57
7669,0.75252,False,27.3
7670,0.784981,False,28.47
7671,0.749859,False,27.2
7672,0.734827,False,26.65
7673,0.739262,False,26.82
7674,0.748962,False,27.17
7675,0.806635,False,29.26
7676,0.732027,False,26.55
7677,0.733763,False,26.62
7678,0.735752,False,26.69
7679,0.778988,False,28.26
7680,0.745454,False,27.04
7681,0.789758,False,28.65
7682,0.789956,False,28.65
7683,0.768137,False,27.86
7684,0.774536,False,28.09
7685,0.815737,False,29.59
7686,0.831323,False,30.15
7687,0.78313,False,28.41
7688,0.825813,False,29.95
7689,0.780308,False,28.3
7690,0.811584,False,29.44
7691,0.809894,False,29.38
7692,0.847831,False,30.75
7693,0.799377,False,29.0
7694,0.794695,False,28.83
7695,0.836761,False,30.35
7696,0.808069,False,29.31
7697,0.803323,False,29.14
7698,0.806795,False,29.26
7699,0.854382,False,30.99
7700,0.796026,False,28.87
7701,0.801459,False,29.07
7702,0.830258,False,30.12
7703,0.821528,False,29.8
7704,0.84159,False,30.53
7705,0.823934,False,29.89
7706,0.844702,False,30.64
7707,0.853917,False,30.97
7708,0.837953,False,30.39
7709,0.935019,False,33.92
7710,0.950542,True,34.48
7711,1.035445,True,37.56
7712,1.002702,True,36.37
7713,0.618596,False,22.44
7714,0.635782,False,23.06
7715,0.645344,False,23.41
7716,0.547733,False,19.87
7717,0.519178,False,18.83
7718,0.489157,False,17.74
7719,0.481479,False,17.46
7720,0.471678,False,17.11
7721,0.583882,False,21.18
7722,0.463001,False,16.79
7723,0.502808,False,18.24
7724,0.586348,False,21.27
7725,0.483775,False,17.55
7726,0.607938,False,22.05
7727,0.586595,False,21.28
7728,0.573863,False,20.82
7729,0.571295,False,20.72
7730,0.564947,False,20.49
7731,0.560101,False,20.32
7732,0.586769,False,21.28
7733,0.595589,False,21.6
7734,0.604628,False,21.93
7735,0.675968,False,24.52
7736,0.612907,False,22.23
7737,0.596206,False,21.63
7738,0.625662,False,22.69
7739,0.566947,False,20.56
7740,0.584279,False,21.19
7741,0.554732,False,20.12
7742,0.560916,False,20.35
7743,0.611909,False,22.2
7744,0.590163,False,21.41
7745,0.594802,False,21.58
7746,0.627842,False,22.77
7747,0.591681,False,21.46
7748,0.633298,False,22.97
7749,0.623931,False,22.63
7750,0.618999,False,22.45
7751,0.62244,False,22.58
7752,0.67822,False,24.6
7753,0.708828,False,25.71
7754,0.665708,False,24.15
7755,0.694685,False,25.2
7756,0.699936,False,25.39
7757,0.646827,False,23.46
7758,0.701496,False,25.45
7759,0.655173,False,23.77
7760,0.686299,False,24.89
7761,0.714794,False,25.93
7762,0.728162,False,26.41
7763,0.677092,False,24.56
7764,0.694783,False,25.2
7765,0.73529,False,26.67
7766,0.745995,False,27.06
7767,0.693303,False,25.15
7768,0.699408,False,25.37
7769,0.562432,False,20.4
7770,0.514786,False,18.67
7771,0.517513,False,18.77
7772,0.418141,False,15.17
7773,0.411687,False,14.93
7774,0.435101,False,15.78
7775,0.404928,False,14.69
7776,0.401966,False,14.58
7777,0.416781,False,15.12
7778,0.430578,False,15.62
7779,0.414677,False,15.04
7780,0.483619,False,17.54
7781,0.431094,False,15.64
7782,0.423139,False,15.35
7783,0.434925,False,15.78
7784,0.530985,False,19.26
7785,0.413618,False,15.0
7786,0.411684,False,14.93
7787,0.462858,False,16.79
7788,0.440946,False,15.99
7789,0.437215,False,15.86
7790,0.486333,False,17.64
7791,0.44554,False,16.16
7792,0.421786,False,15.3
7793,0.422975,False,15.34
7794,0.523496,False,18.99
7795,0.435531,False,15.8
7796,0.432099,False,15.67
7797,0.437578,False,15.87
7798,0.445241,False,16.15
7799,0.512831,False,18.6
7800,0.43734,False,15.86
7801,0.525871,False,19.07
7802,0.460794,False,16.71
7803,0.484737,False,17.58
7804,0.523063,False,18.97
7805,0.61884,False,22.45
7806,0.397166,False,14.41
7807,0.394113,False,14.3
7808,0.426756,False,15.48
7809,0.488864,False,17.73
7810,0.499779,False,18.13
7811,0.274691,False,9.96
7812,0.398281,False,14.45
7813,0.266113,False,9.65
7814,0.254045,False,9.21
7815,0.28853,False,10.47
7816,0.227652,False,8.26
7817,0.216471,False,7.85
7818,0.195307,False,7.08
7819,0.344093,False,12.48
7820,0.319651,False,11.59
7821,0.181363,False,6.58
7822,0.196429,False,7.13
7823,0.181588,False,6.59
7824,0.233445,False,8.47
7825,0.189204,False,6.86
7826,0.197879,False,7.18
7827,0.179435,False,6.51
7828,0.337594,False,12.25
7829,0.323514,False,11.73
7830,0.232339,False,8.43
7831,0.249857,False,9.06
7832,0.209706,False,7.61
7833,0.361614,False,13.12
7834,0.215928,False,7.83
7835,0.195689,False,7.1
7836,0.207267,False,7.52
7837,0.19305,False,7.0
7838,1.370026,True,49.69
7839,0.336929,False,12.22
7840,0.327226,False,11.87
7841,0.381434,False,13.84
7842,0.32653,False,11.84
7843,0.341319,False,12.38
7844,0.370553,False,13.44
7845,0.34869,False,12.65
7846,0.39198,False,14.22
7847,0.494751,False,17.95
7848,0.380883,False,13.82
7849,0.396038,False,14.37
7850,0.384084,False,13.93
7851,0.423664,False,15.37
7852,0.414047,False,15.02
7853,0.3924,False,14.23
7854,0.409623,False,14.86
7855,0.397211,False,14.41
7856,0.437165,False,15.86
7857,0.409903,False,14.87
7858,0.423759,False,15.37
7859,0.431009,False,15.63
7860,0.444758,False,16.13
7861,0.524953,False,19.04
7862,0.460919,False,16.72
7863,0.463913,False,16.83
7864,0.513698,False,18.63
7865,0.463112,False,16.8
7866,0.474503,False,17.21
7867,0.490778,False,17.8
7868,0.543309,False,19.71
7869,0.541099,False,19.63
7870,0.590508,False,21.42
7871,0.539529,False,19.57
7872,0.586943,False,21.29
7873,0.603126,False,21.88
7874,0.728173,False,26.41
7875,0.605354,False,21.96
7876,0.630714,False,22.88
7877,0.694625,False,25.2
7878,0.658007,False,23.87
7879,0.63884,False,23.17
7880,0.639579,False,23.2
7881,0.631495,False,22.91
7882,0.662677,False,24.04
7883,0.621711,False,22.55
7884,0.666848,False,24.19
7885,0.668749,False,24.26
7886,0.531441,False,19.28
7887,0.54908,False,19.92
7888,0.884847,False,32.1
7889,0.641199,False,23.26
7890,0.630769,False,22.88
7891,0.644406,False,23.37
7892,0.666416,False,24.17
7893,0.62852,False,22.8
7894,0.757183,False,27.47
7895,0.616083,False,22.35
7896,0.595874,False,21.61
7897,0.574637,False,20.84
7898,0.672665,False,24.4
7899,0.568103,False,20.61
7900,0.633259,False,22.97
7901,0.532446,False,19.31
7902,0.542829,False,19.69
7903,0.522111,False,18.94
7904,0.529057,False,19.19
7905,0.502394,False,18.22
7906,0.489676,False,17.76
7907,0.498104,False,18.07
7908,0.497139,False,18.03
7909,0.579782,False,21.03
7910,0.49505,False,17.96
7911,0.499934,False,18.13
7912,0.511449,False,18.55
7913,0.488673,False,17.73
7914,0.581634,False,21.1
7915,0.469046,False,17.01
7916,0.497782,False,18.06
7917,0.513008,False,18.61
7918,0.515437,False,18.7
7919,0.490268,False,17.78
7920,0.492586,False,17.87
7921,0.53248,False,19.31
7922,0.493114,False,17.89
7923,0.509874,False,18.49
7924,0.504141,False,18.29
7925,0.497101,False,18.03
7926,0.567505,False,20.59
7927,0.503386,False,18.26
7928,0.500551,False,18.16
7929,0.512344,False,18.58
7930,0.556941,False,20.2
7931,0.494473,False,17.94
7932,0.494165,False,17.92
7933,0.511292,False,18.55
7934,0.556374,False,20.18
7935,0.494098,False,17.92
7936,0.49079,False,17.8
7937,0.530762,False,19.25
7938,0.531048,False,19.26
7939,0.511482,False,18.55
7940,0.509858,False,18.49
7941,0.519768,False,18.85
7942,0.535625,False,19.43
7943,0.538972,False,19.55
7944,0.54819,False,19.88
7945,0.554582,False,20.12
7946,0.552586,False,20.04
7947,0.622145,False,22.57
7948,0.478159,False,17.34
7949,0.451168,False,16.37
7950,0.459091,False,16.65
7951,0.546949,False,19.84
7952,0.524852,False,19.04
7953,0.520525,False,18.88
7954,0.562301,False,20.4
7955,0.51953,False,18.84
7956,0.496599,False,18.01
7957,0.459125,False,16.65
7958,0.470705,False,17.07
7959,0.444017,False,16.11
7960,0.430669,False,15.62
7961,0.532455,False,19.31
7962,0.420635,False,15.26
7963,0.394025,False,14.29
7964,0.400339,False,14.52
7965,0.514437,False,18.66
7966,0.35496,False,12.88
7967,0.387422,False,14.05
7968,0.335828,False,12.18
7969,0.349074,False,12.66
7970,0.348922,False,12.66
7971,0.469962,False,17.05
7972,0.351625,False,12.75
7973,0.389096,False,14.11
7974,0.322654,False,11.7
7975,0.320426,False,11.62
7976,0.339908,False,12.33
7977,0.328341,False,11.91
7978,0.293308,False,10.64
7979,0.290813,False,10.55
7980,0.277936,False,10.08
7981,0.327248,False,11.87
7982,0.299064,False,10.85
7983,0.288723,False,10.47
7984,0.285522,False,10.36
7985,0.3234,False,11.73
7986,0.290709,False,10.54
7987,0.429354,False,15.57
7988,0.310615,False,11.27
7989,0.289653,False,10.51
7990,0.305775,False,11.09
7991,0.302717,False,10.98
7992,0.329035,False,11.94
7993,0.324589,False,11.77
7994,0.286086,False,10.38
7995,0.304503,False,11.05
7996,0.441751,False,16.02
7997,0.338657,False,12.28
7998,0.335269,False,12.16
7999,0.424365,False,15.39
8000,0.503876,False,18.28
8001,0.336122,False,12.19
8002,0.340285,False,12.34
8003,0.318696,False,11.56
8004,0.36527,False,13.25
8005,0.463718,False,16.82
8006,0.545331,False,19.78
8007,0.375337,False,13.61
8008,0.374645,False,13.59
8009,0.398418,False,14.45
8010,0.397277,False,14.41
8011,0.400217,False,14.52
8012,0.505023,False,18.32
8013,0.385572,False,13.99
8014,0.428652,False,15.55
8015,0.435775,False,15.81
8016,0.41489,False,15.05
8017,0.402959,False,14.62
8018,0.485847,False,17.62
8019,0.500431,False,18.15
8020,0.453084,False,16.43
8021,0.431415,False,15.65
8022,0.444694,False,16.13
8023,0.487354,False,17.68
8024,0.445201,False,16.15
8025,0.511575,False,18.56
8026,0.513575,False,18.63
8027,0.5736,False,20.81
8028,0.47096,False,17.08
8029,0.475544,False,17.25
8030,0.664286,False,24.1
8031,0.682231,False,24.75
8032,0.740026,False,26.84
8033,0.648008,False,23.51
8034,0.648024,False,23.51
8035,0.606276,False,21.99
8036,0.602105,False,21.84
8037,0.608013,False,22.05
8038,0.585905,False,21.25
8039,0.589794,False,21.39
8040,0.594018,False,21.55
8041,0.578039,False,20.97
8042,0.600053,False,21.77
8043,0.581108,False,21.08
8044,0.653769,False,23.71
8045,0.588846,False,21.36
8046,0.560589,False,20.33
8047,0.664934,False,24.12
8048,0.557004,False,20.2
8049,0.553204,False,20.07
8050,0.562092,False,20.39
8051,0.573178,False,20.79
8052,0.564918,False,20.49
8053,0.564806,False,20.49
8054,0.557426,False,20.22
8055,0.616101,False,22.35
8056,0.607258,False,22.03
8057,0.56471,False,20.48
8058,0.573589,False,20.81
8059,0.576297,False,20.9
8060,0.610766,False,22.15
8061,0.658774,False,23.9
8062,0.632375,False,22.94
8063,0.580297,False,21.05
8064,0.598573,False,21.71
8065,0.601267,False,21.81
8066,0.604108,False,21.91
8067,0.619415,False,22.47
8068,0.604302,False,21.92
8069,0.60115,False,21.81
8070,0.666065,False,24.16
8071,0.645744,False,23.42
8072,0.691879,False,25.1
8073,0.676414,False,24.54
8074,0.709619,False,25.74
8075,0.656863,False,23.83
8076,0.519915,False,18.86
8077,0.584165,False,21.19
8078,0.63589,False,23.07
8079,0.496887,False,18.02
8080,0.469713,False,17.04
8081,0.476077,False,17.27
8082,0.428201,False,15.53
8083,1.252311,True,45.42
8084,0.428098,False,15.53
8085,0.420851,False,15.27
8086,0.485323,False,17.6
8087,0.469514,False,17.03
8088,0.470863,False,17.08
8089,0.479726,False,17.4
8090,0.471882,False,17.12
8091,0.422002,False,15.31
8092,0.42474,False,15.41
8093,0.460102,False,16.69
8094,0.437491,False,15.87
8095,0.766582,False,27.81
8096,0.698698,False,25.34
8097,0.705172,False,25.58
8098,0.72768,False,26.4
8099,0.747805,False,27.13
8100,0.609958,False,22.12
8101,0.601368,False,21.81
8102,0.598614,False,21.71
8103,0.613323,False,22.25
8104,0.588554,False,21.35
8105,0.623081,False,22.6
8106,0.561391,False,20.36
8107,0.559767,False,20.3
8108,0.570745,False,20.7
8109,0.565899,False,20.53
8110,0.603124,False,21.88
8111,0.589479,False,21.38
8112,0.542531,False,19.68
8113,0.543855,False,19.73
8114,0.5367,False,19.47
8115,0.544798,False,19.76
8116,0.565614,False,20.52
8117,0.58518,False,21.23
8118,0.523175,False,18.98
8119,0.526953,False,19.11
8120,0.542303,False,19.67
8121,0.537572,False,19.5
8122,0.531474,False,19.28
8123,0.533318,False,19.34
8124,0.52326,False,18.98
8125,0.536252,False,19.45
8126,0.511249,False,18.54
8127,0.555564,False,20.15
8128,0.517154,False,18.76
8129,0.587289,False,21.3
8130,0.601244,False,21.81
8131,0.531351,False,19.27
8132,0.603667,False,21.9
8133,0.498528,False,18.08
8134,0.506157,False,18.36
8135,0.49646,False,18.01
8136,0.494258,False,17.93
8137,0.4883,False,17.71
8138,0.488493,False,17.72
8139,0.47052,False,17.07
8140,0.492784,False,17.87
8141,0.496409,False,18.01
8142,0.486717,False,17.65
8143,0.567409,False,20.58
8144,0.50037,False,18.15
8145,0.479974,False,17.41
8146,0.480602,False,17.43
8147,0.49383,False,17.91
8148,0.498124,False,18.07
8149,0.469645,False,17.04
8150,0.463893,False,16.83
8151,0.471288,False,17.09
8152,0.48227,False,17.49
8153,0.479881,False,17.41
8154,0.495099,False,17.96
8155,0.51688,False,18.75
8156,0.528407,False,19.17
8157,0.576531,False,20.91
8158,0.568156,False,20.61
8159,0.566555,False,20.55
8160,0.570229,False,20.68
8161,0.568089,False,20.61
8162,0.611592,False,22.18
8163,0.587266,False,21.3
8164,0.613614,False,22.26
8165,0.583643,False,21.17
8166,0.617112,False,22.38
8167,0.596062,False,21.62
8168,0.621844,False,22.56
8169,0.645249,False,23.41
8170,0.584698,False,21.21
8171,0.659769,False,23.93
8172,0.662548,False,24.03
8173,0.736562,False,26.72
8174,0.697312,False,25.29
8175,0.553131,False,20.06
8176,0.549534,False,19.93
8177,0.576266,False,20.9
8178,0.540323,False,19.6
8179,0.535914,False,19.44
8180,0.507019,False,18.39
8181,0.503848,False,18.28
8182,0.506771,False,18.38
8183,0.497752,False,18.05
8184,0.544472,False,19.75
8185,0.500517,False,18.16
8186,0.499295,False,18.11
8187,0.478584,False,17.36
8188,0.477016,False,17.3
8189,0.537747,False,19.51
8190,0.511886,False,18.57
8191,0.482006,False,17.48
8192,0.474178,False,17.2
8193,1.211491,True,43.94
8194,1.087894,True,39.46
8195,1.100993,True,39.94
8196,1.097663,True,39.82
8197,1.150627,True,41.74
8198,1.657406,True,60.12
8199,0.946871,True,34.35
8200,0.989206,True,35.88
8201,1.108436,True,40.21
8202,0.944933,True,34.28
8203,0.929748,False,33.72
8204,0.940471,True,34.11
8205,0.902007,False,32.72
8206,0.879013,False,31.88
8207,0.880091,False,31.92
8208,0.878954,False,31.88
8209,0.862616,False,31.29
8210,0.848241,False,30.77
8211,0.845082,False,30.65
8212,0.833067,False,30.22
8213,0.857355,False,31.1
8214,0.826282,False,29.97
8215,0.808152,False,29.31
8216,0.806331,False,29.25
8217,0.841475,False,30.52
8218,0.869459,False,31.54
8219,0.800192,False,29.03
8220,0.813015,False,29.49
8221,0.789259,False,28.63
8222,0.782475,False,28.38
8223,0.77081,False,27.96
8224,0.772162,False,28.01
8225,0.766813,False,27.81
8226,0.754732,False,27.38
8227,0.765036,False,27.75
8228,0.758617,False,27.52
8229,0.74509,False,27.03
8230,0.74742,False,27.11
8231,0.736466,False,26.71
8232,0.758672,False,27.52
8233,0.783548,False,28.42
8234,0.731171,False,26.52
8235,0.73702,False,26.73
8236,0.714583,False,25.92
8237,0.720774,False,26.14
8238,0.717406,False,26.02
8239,0.730356,False,26.49
8240,0.735763,False,26.69
8241,0.71523,False,25.94
8242,0.814285,False,29.54
8243,0.719846,False,26.11
8244,0.716352,False,25.98
8245,0.707048,False,25.65
8246,0.711532,False,25.81
8247,0.699769,False,25.38
8248,0.735582,False,26.68
8249,0.782229,False,28.37
8250,0.758845,False,27.53
8251,1.609172,True,58.37
8252,0.974933,True,35.36
8253,0.952155,True,34.54
8254,0.986548,True,35.78
8255,0.880659,False,31.94
8256,0.860623,False,31.22
8257,0.84363,False,30.6
8258,0.842092,False,30.55
8259,0.843028,False,30.58
8260,0.84535,False,30.66
8261,0.808267,False,29.32
8262,0.799833,False,29.01
8263,0.793921,False,28.8
8264,0.80095,False,29.05
8265,0.796136,False,28.88
8266,0.774012,False,28.08
8267,0.799935,False,29.02
8268,0.783585,False,28.42
8269,0.763465,False,27.69
8270,0.758497,False,27.51
8271,0.800298,False,29.03
8272,0.778609,False,28.24
8273,0.754897,False,27.38
8274,0.749171,False,27.17
8275,0.748185,False,27.14
8276,0.737022,False,26.73
8277,0.75893,False,27.53
8278,0.762315,False,27.65
8279,0.737007,False,26.73
8280,0.721782,False,26.18
8281,0.757601,False,27.48
8282,0.71555,False,25.96
8283,0.732173,False,26.56
8284,0.719538,False,26.1
8285,0.756808,False,27.45
8286,0.72784,False,26.4
8287,0.725977,False,26.33
8288,0.722198,False,26.2
8289,0.742762,False,26.94
8290,0.726113,False,26.34
8291,0.725893,False,26.33
8292,0.727482,False,26.39
8293,0.746868,False,27.09
8294,0.739169,False,26.81
8295,0.741063,False,26.88
8296,0.811238,False,29.43
8297,0.782787,False,28.39
8298,0.761403,False,27.62
8299,0.752764,False,27.3
8300,0.835677,False,30.31
8301,0.811671,False,29.44
8302,1.460225,True,52.97
8303,0.835146,False,30.29
8304,0.748992,False,27.17
8305,0.732694,False,26.58
8306,0.609535,False,22.11
8307,0.737948,False,26.77
8308,0.728744,False,26.43
8309,0.585929,False,21.25
8310,0.603308,False,21.88
8311,0.584493,False,21.2
8312,0.652074,False,23.65
8313,0.588801,False,21.36
8314,0.581278,False,21.08
8315,0.576511,False,20.91
8316,0.629067,False,22.82
8317,0.580026,False,21.04
8318,0.563214,False,20.43
8319,0.625281,False,22.68
8320,0.554245,False,20.1
8321,0.692043,False,25.1
8322,0.559132,False,20.28
8323,0.564672,False,20.48
8324,0.551972,False,20.02
8325,0.565036,False,20.5
8326,0.570141,False,20.68
8327,0.561658,False,20.37
8328,0.639903,False,23.21
8329,0.625366,False,22.68
8330,0.673698,False,24.44
8331,0.655043,False,23.76
8332,0.633193,False,22.97
8333,0.675183,False,24.49
8334,0.616405,False,22.36
8335,0.614055,False,22.27
8336,0.610229,False,22.13
8337,0.684518,False,24.83
8338,0.641558,False,23.27
8339,0.626783,False,22.74
8340,0.628639,False,22.8
8341,0.636026,False,23.07
8342,0.639654,False,23.2
8343,0.63792,False,23.14
8344,0.704315,False,25.55
8345,0.707532,False,25.66
8346,0.679104,False,24.63
8347,0.653844,False,23.72
8348,0.65719,False,23.84
8349,0.663863,False,24.08
8350,0.556411,False,20.18
8351,0.574784,False,20.85
8352,0.566303,False,20.54
8353,0.496366,False,18.0
8354,0.513537,False,18.63
8355,0.466244,False,16.91
8356,0.457864,False,16.61
8357,0.493955,False,17.92
8358,0.480686,False,17.44
8359,0.470219,False,17.06
8360,0.453675,False,16.46
8361,0.488086,False,17.7
8362,0.443919,False,16.1
8363,0.520822,False,18.89
8364,0.445095,False,16.14
8365,0.439486,False,15.94
8366,0.440084,False,15.96
8367,0.438516,False,15.91
8368,0.52124,False,18.91
8369,0.464251,False,16.84
8370,0.452841,False,16.43
8371,0.522054,False,18.94
8372,0.441812,False,16.03
8373,0.545102,False,19.77
8374,0.464781,False,16.86
8375,0.447809,False,16.24
8376,0.500388,False,18.15
8377,0.483361,False,17.53
8378,0.453281,False,16.44
8379,0.463904,False,16.83
8380,0.496417,False,18.01
8381,0.468459,False,16.99
8382,0.466531,False,16.92
8383,0.504331,False,18.29
8384,0.508678,False,18.45
8385,0.496773,False,18.02
8386,0.534517,False,19.39
8387,0.485693,False,17.62
8388,0.516151,False,18.72
8389,0.35318,False,12.81
8390,0.365676,False,13.26
8391,0.348356,False,12.64
8392,0.446985,False,16.21
8393,0.481452,False,17.46
8394,0.375891,False,13.63
8395,0.383632,False,13.92
8396,0.369566,False,13.41
8397,0.332976,False,12.08
8398,0.318967,False,11.57
8399,0.331404,False,12.02
8400,0.304915,False,11.06
8401,0.303819,False,11.02
8402,0.331133,False,12.01
8403,0.309422,False,11.22
8404,0.308225,False,11.18
8405,0.325283,False,11.8
8406,0.244838,False,8.88
8407,0.285345,False,10.35
8408,0.277094,False,10.05
8409,0.227229,False,8.24
8410,0.199956,False,7.25
8411,0.320408,False,11.62
8412,0.238678,False,8.66
8413,0.188317,False,6.83
8414,0.24218,False,8.78
8415,0.214466,False,7.78
8416,0.432282,False,15.68
8417,0.176812,False,6.41
8418,0.212054,False,7.69
8419,0.23781,False,8.63
8420,0.198712,False,7.21
8421,0.267446,False,9.7
8422,0.310244,False,11.25
8423,0.226187,False,8.2
8424,0.247313,False,8.97
8425,0.22179,False,8.04
8426,0.250895,False,9.1
8427,0.396757,False,14.39
8428,0.274071,False,9.94
8429,0.272485,False,9.88
8430,0.292517,False,10.61
8431,0.219439,False,7.96
8432,0.412238,False,14.95
8433,0.287744,False,10.44
8434,0.293788,False,10.66
8435,0.402283,False,14.59
8436,0.258219,False,9.37
8437,0.26824,False,9.73
8438,0.229247,False,8.32
8439,0.334148,False,12.12
8440,0.388813,False,14.1
8441,0.242082,False,8.78
8442,0.358579,False,13.01
8443,0.241791,False,8.77
8444,0.298105,False,10.81
8445,0.265274,False,9.62
8446,0.364185,False,13.21
8447,0.352685,False,12.79
8448,0.440202,False,15.97
8449,0.471613,False,17.11
8450,0.338059,False,12.26
8451,0.566259,False,20.54
8452,0.609758,False,22.12
8453,0.630523,False,22.87
8454,0.55547,False,20.15
8455,0.621365,False,22.54
8456,0.637666,False,23.13
8457,0.641849,False,23.28
8458,0.582071,False,21.11
8459,0.570199,False,20.68
8460,0.571778,False,20.74
8461,0.725284,False,26.31
8462,0.650813,False,23.61
8463,0.653634,False,23.71
8464,0.682678,False,24.76
8465,0.608565,False,22.07
8466,0.687252,False,24.93
8467,0.445059,False,16.14
8468,0.532813,False,19.33
8469,0.420577,False,15.26
8470,0.481901,False,17.48
8471,0.483339,False,17.53
8472,0.304644,False,11.05
8473,0.297761,False,10.8
8474,0.309725,False,11.23
8475,0.285733,False,10.36
8476,0.394355,False,14.3
8477,0.231611,False,8.4
8478,0.286559,False,10.39
8479,0.219558,False,7.96
8480,0.256278,False,9.3
8481,0.234956,False,8.52
8482,0.284693,False,10.33
8483,0.21132,False,7.67
8484,0.239058,False,8.67
8485,0.215315,False,7.81
8486,0.277133,False,10.05
8487,0.232932,False,8.45
8488,0.237859,False,8.63
8489,0.196569,False,7.13
8490,0.254821,False,9.24
8491,0.340853,False,12.36
8492,0.174588,False,6.33
8493,0.307314,False,11.15
8494,0.270589,False,9.82
8495,0.178303,False,6.47
8496,0.346643,False,12.57
8497,0.247607,False,8.98
8498,0.224796,False,8.15
8499,0.214311,False,7.77
8500,0.352177,False,12.77
8501,0.350639,False,12.72
8502,0.35099,False,12.73
8503,0.291296,False,10.57
8504,0.269707,False,9.78
8505,0.248447,False,9.01
8506,0.27616,False,10.02
8507,0.415453,False,15.07
8508,0.293354,False,10.64
8509,0.274779,False,9.97
8510,0.364211,False,13.21
8511,0.229473,False,8.32
8512,0.312829,False,11.35
8513,0.252603,False,9.16
8514,0.262711,False,9.53
8515,0.298018,False,10.81
8516,0.297852,False,10.8
8517,0.36775,False,13.34
8518,0.303628,False,11.01
8519,0.317879,False,11.53
8520,0.332697,False,12.07
8521,0.290205,False,10.53
8522,0.277957,False,10.08
8523,0.302178,False,10.96
8524,0.307346,False,11.15
8525,0.334649,False,12.14
8526,0.405208,False,14.7
8527,0.312591,False,11.34
8528,0.750671,False,27.23
8529,0.790884,False,28.69
8530,0.908702,False,32.96
8531,0.592018,False,21.47
8532,0.66077,False,23.97
8533,0.610107,False,22.13
8534,0.62952,False,22.83
8535,0.59774,False,21.68
8536,0.585406,False,21.23
8537,0.583456,False,21.16
8538,0.727391,False,26.38
8539,0.693181,False,25.14
8540,0.679512,False,24.65
8541,0.671817,False,24.37
8542,0.74553,False,27.04
8543,0.64764,False,23.49
8544,0.714321,False,25.91
8545,0.63824,False,23.15
8546,0.614955,False,22.31
8547,0.623485,False,22.62
8548,0.649566,False,23.56
8549,0.560846,False,20.34
8550,0.648843,False,23.54
8551,0.666191,False,24.16
8552,0.623659,False,22.62
8553,0.592291,False,21.48
8554,0.609448,False,22.11
8555,0.590018,False,21.4
8556,0.434399,False,15.76
8557,0.462539,False,16.78
8558,0.541748,False,19.65
8559,0.474292,False,17.2
8560,0.520082,False,18.86
8561,0.449989,False,16.32
8562,0.439954,False,15.96
8563,0.485445,False,17.61
8564,0.464479,False,16.85
8565,0.47,False,17.05
8566,0.58525,False,21.23
8567,0.549988,False,19.95
8568,0.478899,False,17.37
8569,0.577603,False,20.95
8570,0.502406,False,18.22
8571,0.460518,False,16.7
8572,0.55011,False,19.95
8573,0.580336,False,21.05
8574,0.550384,False,19.96
8575,0.506623,False,18.38
8576,0.577216,False,20.94
8577,0.502572,False,18.23
8578,0.568984,False,20.64
8579,0.501192,False,18.18
8580,0.519871,False,18.86
8581,0.543893,False,19.73
8582,0.388314,False,14.09
8583,0.389874,False,14.14
8584,0.437541,False,15.87
8585,0.477303,False,17.31
8586,0.4786,False,17.36
8587,0.351785,False,12.76
8588,0.348859,False,12.65
8589,0.254987,False,9.25
8590,0.338868,False,12.29
8591,0.234406,False,8.5
8592,0.216436,False,7.85
8593,0.224,False,8.13
8594,0.248497,False,9.01
8595,0.208122,False,7.55
8596,0.308529,False,11.19
8597,0.245438,False,8.9
8598,0.389211,False,14.12
8599,0.25663,False,9.31
8600,0.200241,False,7.26
8601,0.177028,False,6.42
8602,0.221447,False,8.03
8603,0.183233,False,6.65
8604,0.296841,False,10.77
8605,0.287965,False,10.45
8606,0.186554,False,6.77
8607,0.203425,False,7.38
8608,0.238018,False,8.63
8609,0.187689,False,6.81
8610,0.214821,False,7.79
8611,0.186664,False,6.77
8612,0.345467,False,12.53
8613,0.175372,False,6.36
8614,0.165096,False,5.99
8615,0.214521,False,7.78
8616,0.218798,False,7.94
8617,0.21809,False,7.91
8618,0.282794,False,10.26
8619,0.291833,False,10.59
8620,0.219193,False,7.95
8621,0.195584,False,7.09
8622,0.189617,False,6.88
8623,0.22199,False,8.05
8624,0.279234,False,10.13
8625,0.237425,False,8.61
8626,0.256234,False,9.29
8627,0.248964,False,9.03
8628,0.255336,False,9.26
8629,0.35947,False,13.04
8630,0.325996,False,11.82
8631,0.277036,False,10.05
8632,0.295944,False,10.73
8633,0.445322,False,16.15
8634,0.321373,False,11.66
8635,0.327158,False,11.87
8636,0.290925,False,10.55
8637,0.341286,False,12.38
8638,0.329304,False,11.94
8639,0.417079,False,15.13
8640,0.324861,False,11.78
8641,0.378183,False,13.72
8642,0.339459,False,12.31
8643,0.382087,False,13.86
8644,0.361412,False,13.11
8645,0.356401,False,12.93
8646,0.420284,False,15.24
8647,0.391377,False,14.2
8648,0.398654,False,14.46
8649,0.413985,False,15.02
8650,0.395348,False,14.34
8651,0.876358,False,31.79
8652,0.954299,True,34.62
8653,0.893927,False,32.43
8654,0.960525,True,34.84
8655,0.927903,False,33.66
8656,0.93014,False,33.74
8657,1.028372,True,37.3
8658,1.080302,True,39.19
8659,1.493468,True,54.17
8660,0.559759,False,20.3
8661,0.479289,False,17.39
8662,0.479075,False,17.38
8663,0.408327,False,14.81
8664,0.46817,False,16.98
8665,0.478722,False,17.36
8666,0.472976,False,17.16
8667,0.473915,False,17.19
8668,0.423812,False,15.37
8669,0.39791,False,14.43
8670,0.507956,False,18.43
8671,0.435075,False,15.78
8672,0.477191,False,17.31
8673,0.42512,False,15.42
8674,0.420459,False,15.25
8675,0.431034,False,15.63
8676,0.440592,False,15.98
8677,0.47963,False,17.4
8678,0.44563,False,16.16
8679,0.451974,False,16.39
8680,0.448769,False,16.28
8681,0.4986,False,18.09
8682,0.566334,False,20.54
8683,0.453335,False,16.44
8684,0.453442,False,16.45
8685,0.488796,False,17.73
8686,0.546849,False,19.84
8687,0.535551,False,19.43
8688,0.506418,False,18.37
8689,0.536539,False,19.46
8690,0.548075,False,19.88
8691,0.524263,False,19.02
8692,0.583982,False,21.18
8693,0.551891,False,20.02
8694,0.561051,False,20.35
8695,0.547651,False,19.86
8696,0.549295,False,19.92
8697,0.559765,False,20.3
8698,0.58371,False,21.17
8699,0.556065,False,20.17
8700,0.566662,False,20.55
8701,0.562002,False,20.39
8702,0.599478,False,21.74
8703,0.586312,False,21.27
8704,0.612291,False,22.21
8705,0.593233,False,21.52
8706,0.608294,False,22.06
8707,0.596338,False,21.63
8708,0.605467,False,21.96
8709,0.586002,False,21.26
8710,0.608098,False,22.06
8711,0.594568,False,21.57
8712,0.262159,False,9.51
8713,0.249009,False,9.03
8714,0.291982,False,10.59
8715,0.413366,False,14.99
8716,0.440953,False,15.99
8717,0.362126,False,13.14
8718,0.310565,False,11.27
8719,0.31122,False,11.29
8720,0.296991,False,10.77
8721,0.324077,False,11.76
8722,0.348224,False,12.63
8723,0.406321,False,14.74
8724,0.383946,False,13.93
8725,0.317732,False,11.53
8726,0.285878,False,10.37
8727,0.26159,False,9.49
8728,0.24849,False,9.01
8729,0.310114,False,11.25
8730,0.253045,False,9.18
8731,0.283691,False,10.29
8732,0.254098,False,9.22
8733,0.233714,False,8.48
8734,0.328733,False,11.92
8735,0.233897,False,8.48
8736,0.369268,False,13.39
8737,0.248401,False,9.01
8738,0.288788,False,10.48
8739,0.236452,False,8.58
8740,0.264878,False,9.61
8741,0.30992,False,11.24
8742,0.341054,False,12.37
8743,0.213765,False,7.75
8744,0.22103,False,8.02
8745,0.25294,False,9.17
8746,0.215858,False,7.83
8747,0.317874,False,11.53
8748,0.339477,False,12.31
8749,0.240347,False,8.72
8750,0.35187,False,12.76
8751,0.273183,False,9.91
8752,0.298019,False,10.81
8753,0.281416,False,10.21
8754,0.269456,False,9.77
8755,0.245732,False,8.91
8756,0.228719,False,8.3
8757,0.219502,False,7.96
8758,0.266521,False,9.67
8759,0.252325,False,9.15
8760,0.365593,False,13.26
8761,0.269423,False,9.77
8762,0.287778,False,10.44
8763,0.252769,False,9.17
8764,0.300955,False,10.92
8765,0.275722,False,10.0
8766,0.341404,False,12.38
8767,0.363316,False,13.18
8768,0.297603,False,10.79
8769,0.313964,False,11.39
8770,0.297741,False,10.8
8771,0.290633,False,10.54
8772,0.331515,False,12.02
8773,0.384364,False,13.94
8774,0.635763,False,23.06
8775,0.632103,False,22.93
8776,0.582825,False,21.14
8777,0.696199,False,25.25
8778,0.568714,False,20.63
8779,0.60146,False,21.82
8780,0.626023,False,22.71
8781,0.571136,False,20.72
8782,0.575416,False,20.87
8783,0.589197,False,21.37
8784,0.56486,False,20.49
8785,0.66963,False,24.29
8786,0.573089,False,20.79
8787,0.630067,False,22.85
8788,0.641229,False,23.26
8789,0.489311,False,17.75
8790,0.328202,False,11.9
8791,0.329679,False,11.96
8792,0.50355,False,18.27
8793,0.427035,False,15.49
8794,0.600722,False,21.79
8795,0.500638,False,18.16
8796,0.443461,False,16.09
8797,0.463118,False,16.8
8798,0.451368,False,16.37
8799,0.446186,False,16.18
8800,0.411978,False,14.94
8801,0.402028,False,14.58
8802,0.387368,False,14.05
8803,0.443376,False,16.08
8804,0.410659,False,14.9
8805,0.463318,False,16.81
8806,0.422712,False,15.33
8807,0.345647,False,12.54
8808,0.341347,False,12.38
8809,0.329205,False,11.94
8810,0.381209,False,13.83
8811,0.380703,False,13.81
8812,0.32141,False,11.66
8813,0.31255,False,11.34
8814,0.365309,False,13.25
8815,0.31888,False,11.57
8816,0.317796,False,11.53
8817,0.362171,False,13.14
8818,0.369522,False,13.4
8819,0.317853,False,11.53
8820,0.330971,False,12.01
8821,0.372619,False,13.52
8822,0.336967,False,12.22
8823,0.329774,False,11.96
8824,0.361337,False,13.11
8825,0.356524,False,12.93
8826,0.455534,False,16.52
8827,0.369408,False,13.4
8828,0.379913,False,13.78
8829,0.396158,False,14.37
8830,0.389109,False,14.11
8831,0.389629,False,14.13
8832,0.420468,False,15.25
8833,0.544804,False,19.76
8834,0.457253,False,16.59
8835,0.478299,False,17.35
8836,0.441035,False,16.0
8837,0.452785,False,16.42
8838,1.094842,True,39.71
8839,0.47372,False,17.18
8840,0.463749,False,16.82
8841,0.510273,False,18.51
8842,0.466163,False,16.91
8843,0.465898,False,16.9
8844,0.502682,False,18.23
8845,0.476816,False,17.3
8846,0.464164,False,16.84
8847,0.469411,False,17.03
8848,0.905498,False,32.85
8849,0.835342,False,30.3
8850,0.837809,False,30.39
8851,0.905801,False,32.86
8852,0.950407,True,34.47
8853,0.909049,False,32.97
8854,0.923944,False,33.51
8855,0.937178,False,33.99
8856,0.951621,True,34.52
8857,1.038275,True,37.66
8858,1.379499,True,50.04
8859,0.418181,False,15.17
8860,0.41912,False,15.2
8861,0.426694,False,15.48
8862,0.542251,False,19.67
8863,0.517551,False,18.77
8864,0.373866,False,13.56
8865,0.311421,False,11.3
8866,0.351428,False,12.75
8867,0.30001,False,10.88
8868,0.280196,False,10.16
8869,0.28822,False,10.45
8870,0.300728,False,10.91
8871,0.260792,False,9.46
8872,0.258752,False,9.39
8873,0.270229,False,9.8
8874,0.312258,False,11.33
8875,0.319481,False,11.59
8876,0.237846,False,8.63
8877,0.246946,False,8.96
8878,0.263882,False,9.57
8879,0.24124,False,8.75
8880,0.240831,False,8.74
8881,0.249937,False,9.07
8882,0.335433,False,12.17
8883,0.257958,False,9.36
8884,0.253393,False,9.19
8885,0.386088,False,14.0
8886,0.296354,False,10.75
8887,0.243409,False,8.83
8888,0.287544,False,10.43
8889,0.287285,False,10.42
8890,0.26859,False,9.74
8891,0.264698,False,9.6
8892,0.398802,False,14.47
8893,0.27836,False,10.1
8894,0.324943,False,11.79
8895,0.302753,False,10.98
8896,0.289229,False,10.49
8897,0.410062,False,14.87
8898,0.288777,False,10.47
8899,0.33082,False,12.0
8900,0.299922,False,10.88
8901,0.332449,False,12.06
8902,0.282818,False,10.26
8903,0.325614,False,11.81
8904,0.452254,False,16.4
8905,0.349915,False,12.69
8906,0.371458,False,13.47
8907,0.310711,False,11.27
8908,0.351596,False,12.75
8909,0.315775,False,11.45
8910,0.340189,False,12.34
8911,0.366792,False,13.3
8912,0.450499,False,16.34
8913,0.375757,False,13.63
8914,0.369051,False,13.39
8915,0.308042,False,11.17
8916,0.331823,False,12.04
8917,0.415146,False,15.06
8918,0.333864,False,12.11
8919,0.377323,False,13.69
8920,0.405568,False,14.71
8921,0.381371,False,13.83
8922,0.358816,False,13.02
8923,0.371722,False,13.48
8924,0.393331,False,14.27
8925,0.401839,False,14.58
8926,0.390336,False,14.16
8927,0.779393,False,28.27
8928,0.66034,False,23.95
8929,0.680108,False,24.67
8930,0.592216,False,21.48
8931,0.569494,False,20.66
8932,0.622123,False,22.57
8933,0.584986,False,21.22
8934,0.561466,False,20.37
8935,0.552037,False,20.02
8936,0.642636,False,23.31
8937,0.604861,False,21.94
8938,0.586606,False,21.28
8939,0.576121,False,20.9
8940,0.580294,False,21.05
8941,0.568031,False,20.6
8942,0.604398,False,21.92
8943,0.594404,False,21.56
8944,0.627166,False,22.75
8945,0.624832,False,22.66
8946,0.65141,False,23.63
8947,0.643996,False,23.36
8948,0.627333,False,22.76
8949,0.584833,False,21.21
8950,0.611991,False,22.2
8951,0.699851,False,25.39
8952,0.640458,False,23.23
8953,0.61341,False,22.25
8954,0.592573,False,21.49
8955,0.738588,False,26.79
8956,0.619511,False,22.47
8957,0.575503,False,20.88
8958,0.57956,False,21.02
8959,0.570009,False,20.68
8960,0.565452,False,20.51
8961,0.607613,False,22.04
8962,0.557419,False,20.22
8963,0.588119,False,21.33
8964,0.55234,False,20.03
8965,0.622782,False,22.59
8966,0.573588,False,20.81
8967,0.585323,False,21.23
8968,0.641276,False,23.26
8969,0.541437,False,19.64
8970,0.577233,False,20.94
8971,0.526538,False,19.1
8972,0.504274,False,18.29
8973,0.591961,False,21.47
8974,0.532943,False,19.33
8975,0.502419,False,18.22
8976,0.503782,False,18.27
8977,0.533247,False,19.34
8978,0.59894,False,21.73
8979,0.507481,False,18.41
8980,0.467389,False,16.95
8981,0.522862,False,18.97
8982,0.433294,False,15.72
8983,0.445488,False,16.16
8984,0.458819,False,16.64
8985,0.482468,False,17.5
8986,0.471089,False,17.09
8987,0.458005,False,16.61
8988,0.423494,False,15.36
8989,0.49352,False,17.9
8990,0.508403,False,18.44
8991,0.442843,False,16.06
8992,0.507711,False,18.42
8993,0.446856,False,16.21
8994,0.458907,False,16.65
8995,0.455403,False,16.52
8996,0.541222,False,19.63
8997,0.467397,False,16.95
8998,0.576272,False,20.9
8999,0.474924,False,17.23
9000,0.470313,False,17.06
9001,0.47848,False,17.36
9002,0.47857,False,17.36
9003,0.490145,False,17.78
9004,0.502734,False,18.24
9005,0.508964,False,18.46
9006,0.590536,False,21.42
9007,0.511015,False,18.54
9008,0.51985,False,18.86
9009,0.577977,False,20.96
9010,0.535273,False,19.42
9011,0.569507,False,20.66
9012,0.578371,False,20.98
9013,0.564987,False,20.49
9014,0.554045,False,20.1
9015,0.551772,False,20.01
9016,0.59345,False,21.53
9017,0.586352,False,21.27
9018,0.560143,False,20.32
9019,0.593711,False,21.54
9020,0.573652,False,20.81
9021,0.597315,False,21.67
9022,0.568932,False,20.64
9023,0.620585,False,22.51
9024,0.6831,False,24.78
9025,0.609182,False,22.1
9026,0.584669,False,21.21
9027,0.58299,False,21.15
9028,0.639535,False,23.2
9029,0.596297,False,21.63
9030,0.602399,False,21.85
9031,0.633012,False,22.96
9032,0.632856,False,22.96
9033,0.618503,False,22.43
9034,0.641439,False,23.27
9035,0.645307,False,23.41
9036,0.696692,False,25.27
9037,0.92585,False,33.58
9038,0.870844,False,31.59
9039,0.857592,False,31.11
9040,0.938688,True,34.05
9041,0.998806,True,36.23
9042,0.947597,True,34.37
9043,0.945219,True,34.29
9044,0.975426,True,35.38
9045,0.990406,True,35.92
9046,1.093898,True,39.68
9047,1.400292,True,50.79
9048,0.905689,False,32.85
9049,0.803543,False,29.15
9050,0.733189,False,26.59
9051,0.603348,False,21.89
9052,0.625522,False,22.69
9053,0.628478,False,22.8
9054,0.868341,False,31.5
9055,0.911824,False,33.07
9056,0.91507,False,33.19
9057,0.907221,False,32.91
9058,0.891892,False,32.35
9059,0.951467,True,34.51
9060,0.921038,False,33.41
9061,0.91279,False,33.11
9062,0.967564,True,35.1
9063,0.88748,False,32.19
9064,0.24793,False,8.99
9065,0.24642,False,8.94
9066,0.236088,False,8.56
9067,0.364742,False,13.23
9068,0.352323,False,12.78
9069,0.399322,False,14.48
9070,0.489073,False,17.74
9071,0.375143,False,13.61
9072,0.343943,False,12.48
9073,0.357737,False,12.98
9074,0.372365,False,13.51
9075,0.388166,False,14.08
9076,0.334439,False,12.13
9077,0.301121,False,10.92
9078,0.307685,False,11.16
9079,0.403323,False,14.63
9080,0.325875,False,11.82
9081,0.386319,False,14.01
9082,0.34176,False,12.4
9083,0.362464,False,13.15
9084,0.263288,False,9.55
9085,0.279101,False,10.12
9086,0.259424,False,9.41
9087,0.258608,False,9.38
9088,0.346192,False,12.56
9089,0.245455,False,8.9
9090,0.373508,False,13.55
9091,0.284841,False,10.33
9092,0.30576,False,11.09
9093,0.258607,False,9.38
9094,0.35818,False,12.99
9095,0.238338,False,8.65
9096,0.344688,False,12.5
9097,0.335656,False,12.18
9098,0.288343,False,10.46
9099,0.263471,False,9.56
9100,0.258199,False,9.37
9101,0.339716,False,12.32
9102,0.293597,False,10.65
9103,0.356609,False,12.94
9104,0.239739,False,8.7
9105,0.242305,False,8.79
9106,0.246866,False,8.95
9107,0.24542,False,8.9
9108,0.26113,False,9.47
9109,0.276704,False,10.04
9110,0.226619,False,8.22
9111,0.255875,False,9.28
9112,0.377555,False,13.7
9113,0.287506,False,10.43
9114,0.271812,False,9.86
9115,0.300603,False,10.9
9116,0.28594,False,10.37
9117,0.263736,False,9.57
9118,0.295497,False,10.72
9119,0.315521,False,11.44
9120,0.264204,False,9.58
9121,0.341731,False,12.4
9122,0.352848,False,12.8
9123,0.28149,False,10.21
9124,0.297368,False,10.79
9125,0.29254,False,10.61
9126,0.418764,False,15.19
9127,0.300914,False,10.92
9128,0.304175,False,11.03
9129,0.307559,False,11.16
9130,0.344896,False,12.51
9131,0.384681,False,13.95
9132,0.394251,False,14.3
9133,0.387906,False,14.07
9134,0.44426,False,16.11
9135,0.356635,False,12.94
9136,0.357533,False,12.97
9137,0.375718,False,13.63
9138,0.392006,False,14.22
9139,0.370832,False,13.45
9140,0.456985,False,16.58
9141,0.374002,False,13.57
9142,0.379907,False,13.78
9143,0.430463,False,15.61
9144,0.534331,False,19.38
9145,0.556227,False,20.18
9146,0.551427,False,20.0
9147,0.459021,False,16.65
9148,0.444301,False,16.12
9149,0.42827,False,15.53
9150,0.463757,False,16.82
9151,0.46714,False,16.94
9152,0.401992,False,14.58
9153,0.431121,False,15.64
9154,0.385063,False,13.97
9155,0.388517,False,14.09
9156,0.412143,False,14.95
9157,0.473852,False,17.19
9158,0.369562,False,13.41
9159,0.385415,False,13.98
9160,0.436692,False,15.84
9161,0.445639,False,16.16
9162,0.404238,False,14.66
9163,0.399328,False,14.48
9164,0.424866,False,15.41
9165,0.384878,False,13.96
9166,0.376459,False,13.66
9167,0.402396,False,14.6
9168,0.377407,False,13.69
9169,0.434011,False,15.74
9170,0.413064,False,14.98
9171,0.377384,False,13.69
9172,0.37659,False,13.66
9173,0.383013,False,13.89
9174,0.45561,False,16.53
9175,0.438206,False,15.89
9176,0.409523,False,14.85
9177,0.392679,False,14.24
9178,0.416605,False,15.11
9179,0.420619,False,15.26
9180,0.479108,False,17.38
9181,0.797076,False,28.91
9182,0.637,False,23.11
9183,0.650792,False,23.61
9184,0.561154,False,20.35
9185,0.608211,False,22.06
9186,0.576967,False,20.93
9187,0.567139,False,20.57
9188,0.58138,False,21.09
9189,0.593519,False,21.53
9190,0.571927,False,20.75
9191,0.585431,False,21.24
9192,0.593323,False,21.52
9193,0.614692,False,22.3
9194,0.608489,False,22.07
9195,0.590013,False,21.4
9196,0.618395,False,22.43
9197,0.651691,False,23.64
9198,0.626395,False,22.72
9199,0.649754,False,23.57
9200,0.630798,False,22.88
9201,0.705295,False,25.58
9202,0.644553,False,23.38
9203,0.658127,False,23.87
9204,0.651019,False,23.61
9205,0.667089,False,24.2
9206,0.650943,False,23.61
9207,0.45526,False,16.51
9208,0.424635,False,15.4
9209,0.418672,False,15.19
9210,0.523502,False,18.99
9211,0.599967,False,21.76
9212,0.371269,False,13.47
9213,0.434205,False,15.75
9214,0.340587,False,12.35
9215,0.336014,False,12.19
9216,0.404724,False,14.68
9217,0.368643,False,13.37
9218,0.305562,False,11.08
9219,0.291564,False,10.58
9220,0.286707,False,10.4
9221,0.364475,False,13.22
9222,0.353073,False,12.81
9223,0.275959,False,10.01
9224,0.260992,False,9.47
9225,0.258111,False,9.36
9226,0.243067,False,8.82
9227,0.24975,False,9.06
9228,0.233687,False,8.48
9229,0.291127,False,10.56
9230,0.266887,False,9.68
9231,0.289213,False,10.49
9232,0.316116,False,11.47
9233,0.298849,False,10.84
9234,0.230472,False,8.36
9235,0.251332,False,9.12
9236,0.291911,False,10.59
9237,0.238819,False,8.66
9238,0.289631,False,10.51
9239,0.251408,False,9.12
9240,0.303721,False,11.02
9241,0.3971,False,14.4
9242,0.357089,False,12.95
9243,0.341886,False,12.4
9244,0.412078,False,14.95
9245,0.277999,False,10.08
9246,0.317072,False,11.5
9247,0.462989,False,16.79
9248,0.283772,False,10.29
9249,0.285174,False,10.34
9250,0.353948,False,12.84
9251,0.366216,False,13.28
9252,0.382554,False,13.88
9253,0.303197,False,11.0
9254,0.365596,False,13.26
9255,0.31575,False,11.45
9256,0.358216,False,12.99
9257,0.3692,False,13.39
9258,0.401594,False,14.57
9259,0.418972,False,15.2
9260,0.401244,False,14.55
9261,0.45863,False,16.64
9262,0.460911,False,16.72
9263,0.350879,False,12.73
9264,0.35745,False,12.97
9265,0.425809,False,15.45
9266,0.411102,False,14.91
9267,0.470401,False,17.06
9268,0.433024,False,15.71
9269,0.425096,False,15.42
9270,0.387236,False,14.05
9271,0.407759,False,14.79
9272,0.383191,False,13.9
9273,0.422103,False,15.31
9274,0.403008,False,14.62
9275,0.41662,False,15.11
9276,0.435481,False,15.8
9277,0.440301,False,15.97
9278,0.496376,False,18.0
9279,0.482654,False,17.51
9280,0.50337,False,18.26
9281,0.464483,False,16.85
9282,0.470802,False,17.08
9283,0.464716,False,16.86
9284,0.454587,False,16.49
9285,0.477322,False,17.31
9286,0.482902,False,17.52
9287,0.493107,False,17.89
9288,0.369921,False,13.42
9289,0.375474,False,13.62
9290,0.382252,False,13.87
9291,0.545669,False,19.79
9292,0.487616,False,17.69
9293,0.306162,False,11.11
9294,0.28391,False,10.3
9295,0.277276,False,10.06
9296,0.265086,False,9.62
9297,0.255348,False,9.26
9298,0.243919,False,8.85
9299,0.367727,False,13.34
9300,0.281993,False,10.23
9301,0.216028,False,7.84
9302,0.351705,False,12.76
9303,0.192747,False,6.99
9304,0.231691,False,8.4
9305,0.241241,False,8.75
9306,0.226587,False,8.22
9307,0.222807,False,8.08
9308,0.306487,False,11.12
9309,0.183866,False,6.67
9310,0.276758,False,10.04
9311,0.173999,False,6.31
9312,0.156422,False,5.67
9313,0.324345,False,11.76
9314,0.189171,False,6.86
9315,0.18246,False,6.62
9316,0.185538,False,6.73
9317,0.279126,False,10.12
9318,0.354593,False,12.86
9319,0.33979,False,12.33
9320,0.273442,False,9.92
9321,0.240812,False,8.73
9322,0.327238,False,11.87
9323,0.203512,False,7.38
9324,0.199395,False,7.23
9325,0.328723,False,11.92
9326,0.230176,False,8.35
9327,0.281735,False,10.22
9328,0.221238,False,8.02
9329,0.272705,False,9.89
9330,0.302747,False,10.98
9331,0.252484,False,9.16
9332,0.234544,False,8.51
9333,0.340583,False,12.35
9334,0.236487,False,8.58
9335,0.252205,False,9.15
9336,0.394036,False,14.29
9337,0.299552,False,10.87
9338,0.474639,False,17.22
9339,0.313368,False,11.37
9340,0.265979,False,9.65
9341,0.285525,False,10.36
9342,0.356428,False,12.93
9343,0.277418,False,10.06
9344,0.294602,False,10.69
9345,0.303268,False,11.0
9346,0.389614,False,14.13
9347,0.337025,False,12.22
9348,0.309674,False,11.23
9349,0.527105,False,19.12
9350,0.380289,False,13.79
9351,0.425432,False,15.43
9352,0.383244,False,13.9
9353,0.38741,False,14.05
9354,0.473463,False,17.17
9355,0.363623,False,13.19
9356,0.39955,False,14.49
9357,0.377792,False,13.7
9358,0.424166,False,15.39
9359,0.441076,False,16.0
9360,0.420503,False,15.25
9361,0.421354,False,15.28
9362,0.424755,False,15.41
9363,0.49434,False,17.93
9364,0.499863,False,18.13
9365,0.450658,False,16.35
9366,0.435388,False,15.79
9367,0.465899,False,16.9
9368,0.453824,False,16.46
9369,0.475693,False,17.25
9370,0.463788,False,16.82
9371,0.637988,False,23.14
9372,0.604501,False,21.93
9373,0.684241,False,24.82
9374,0.568901,False,20.64
9375,0.498943,False,18.1
9376,0.497448,False,18.04
9377,0.528617,False,19.17
9378,0.490444,False,17.79
9379,0.418511,False,15.18
9380,0.479782,False,17.4
9381,0.404266,False,14.66
9382,0.401236,False,14.55
9383,0.539713,False,19.58
9384,0.546036,False,19.81
9385,0.590176,False,21.41
9386,0.532693,False,19.32
9387,0.546383,False,19.82
9388,0.466133,False,16.91
9389,0.497184,False,18.03
9390,0.448774,False,16.28
9391,0.566332,False,20.54
9392,0.511812,False,18.56
9393,0.434267,False,15.75
9394,0.477433,False,17.32
9395,0.417508,False,15.14
9396,1.166375,True,42.31
9397,0.589909,False,21.4
9398,0.662803,False,24.04
9399,0.587634,False,21.32
9400,0.607077,False,22.02
9401,0.585239,False,21.23
9402,0.603179,False,21.88
9403,0.593962,False,21.54
9404,0.663025,False,24.05
9405,0.608335,False,22.07
9406,0.635452,False,23.05
9407,0.627378,False,22.76
9408,0.632721,False,22.95
9409,0.629858,False,22.85
9410,0.635438,False,23.05
9411,0.649629,False,23.56
9412,0.656458,False,23.81
9413,0.657281,False,23.84
9414,0.712107,False,25.83
9415,0.739193,False,26.81
9416,0.734682,False,26.65
9417,0.737416,False,26.75
9418,0.779867,False,28.29
9419,0.810238,False,29.39
9420,0.747703,False,27.12
9421,0.75376,False,27.34
9422,0.777588,False,28.21
9423,0.753948,False,27.35
9424,0.790743,False,28.68
9425,0.759602,False,27.55
9426,0.760316,False,27.58
9427,0.254459,False,9.23
9428,0.34033,False,12.34
9429,0.248149,False,9.0
9430,0.408847,False,14.83
9431,0.414359,False,15.03
9432,0.353689,False,12.83
9433,0.356336,False,12.93
9434,0.341248,False,12.38
9435,0.322297,False,11.69
9436,0.326696,False,11.85
9437,0.30846,False,11.19
9438,0.313181,False,11.36
9439,0.288886,False,10.48
9440,0.370349,False,13.43
9441,0.268887,False,9.75
9442,0.28186,False,10.22
9443,0.28823,False,10.45
9444,0.324591,False,11.77
9445,0.303555,False,11.01
9446,0.301859,False,10.95
9447,0.324455,False,11.77
9448,0.392948,False,14.25
9449,0.236494,False,8.58
9450,0.264121,False,9.58
9451,0.386285,False,14.01
9452,0.264049,False,9.58
9453,0.239948,False,8.7
9454,0.250209,False,9.08
9455,0.235129,False,8.53
9456,0.274794,False,9.97
9457,0.224328,False,8.14
9458,0.331269,False,12.02
9459,0.241604,False,8.76
9460,0.265787,False,9.64
9461,0.245315,False,8.9
9462,0.257877,False,9.35
9463,0.3048,False,11.06
9464,0.226709,False,8.22
9465,0.255372,False,9.26
9466,0.26466,False,9.6
9467,0.238459,False,8.65
9468,0.217162,False,7.88
9469,0.245715,False,8.91
9470,0.233197,False,8.46
9471,0.276725,False,10.04
9472,0.240476,False,8.72
9473,0.249413,False,9.05
9474,0.226225,False,8.21
9475,0.264416,False,9.59
9476,0.252402,False,9.16
9477,0.245504,False,8.91
9478,0.219156,False,7.95
9479,0.321593,False,11.67
9480,0.250903,False,9.1
9481,0.241296,False,8.75
9482,0.246841,False,8.95
9483,0.262059,False,9.51
9484,0.271701,False,9.86
9485,0.29572,False,10.73
9486,0.278938,False,10.12
9487,0.332457,False,12.06
9488,0.25999,False,9.43
9489,0.367605,False,13.33
9490,0.323672,False,11.74
9491,0.3615,False,13.11
9492,0.359741,False,13.05
9493,0.43634,False,15.83
9494,0.365014,False,13.24
9495,0.379554,False,13.77
9496,0.369846,False,13.42
9497,0.39955,False,14.49
9498,0.442151,False,16.04
9499,0.408073,False,14.8
9500,0.439396,False,15.94
9501,0.400417,False,14.52
9502,0.365503,False,13.26
9503,0.385621,False,13.99
9504,0.380008,False,13.78
9505,0.41984,False,15.23
9506,0.396991,False,14.4
9507,0.402948,False,14.62
9508,0.395879,False,14.36
9509,0.496412,False,18.01
9510,0.425917,False,15.45
9511,0.874182,False,31.71
9512,0.886017,False,32.14
9513,0.864906,False,31.37
9514,0.936284,False,33.96
9515,0.918102,False,33.3
9516,1.039137,True,37.69
9517,1.03721,True,37.62
9518,1.052847,True,38.19
9519,1.009409,True,36.61
9520,1.005759,True,36.48
9521,1.003187,True,36.39
9522,1.007317,True,36.54
9523,0.99754,True,36.18
9524,1.007093,True,36.53
9525,1.012824,True,36.74
9526,1.000772,True,36.3
9527,0.967357,True,35.09
9528,0.958556,True,34.77
9529,0.955045,True,34.64
9530,0.966815,True,35.07
9531,0.947772,True,34.38
9532,0.95406,True,34.61
9533,0.945346,True,34.29
9534,0.988876,True,35.87
9535,0.944289,True,34.25
9536,0.931966,False,33.81
9537,0.939637,True,34.08
9538,0.929261,False,33.71
9539,0.926014,False,33.59
9540,0.910899,False,33.04
9541,0.903297,False,32.77
9542,0.922195,False,33.45
9543,0.914294,False,33.16
9544,0.939176,True,34.07
9545,0.913493,False,33.14
9546,0.915026,False,33.19
9547,0.909224,False,32.98
9548,0.917161,False,33.27
9549,0.918251,False,33.31
9550,0.933407,False,33.86
9551,0.924549,False,33.54
9552,0.92562,False,33.57
9553,0.960053,True,34.82
9554,0.946176,True,34.32
9555,0.915592,False,33.21
9556,0.933429,False,33.86
9557,0.932783,False,33.83
9558,0.923499,False,33.5
9559,0.931813,False,33.8
9560,0.948013,True,34.39
9561,0.950077,True,34.46
9562,0.975188,True,35.37
9563,0.938676,True,34.05
9564,0.973773,True,35.32
9565,0.970845,True,35.22
9566,0.993112,True,36.02
9567,0.96152,True,34.88
9568,0.847021,False,30.72
9569,0.839185,False,30.44
9570,0.85229,False,30.92
9571,0.700898,False,25.42
9572,0.690988,False,25.06
9573,0.790151,False,28.66
9574,0.678889,False,24.63
9575,0.66678,False,24.19
9576,0.734605,False,26.65
9577,0.658797,False,23.9
9578,0.680921,False,24.7
9579,0.649987,False,23.58
9580,1.027239,True,37.26
9581,1.015776,True,36.85
9582,0.969188,True,35.16
9583,0.972113,True,35.26
9584,1.073644,True,38.94
9585,0.961641,True,34.88
9586,0.946783,True,34.34
9587,0.977103,True,35.44
9588,0.936388,False,33.97
9589,0.967714,True,35.1
9590,0.959842,True,34.82
9591,0.9874,True,35.82
9592,0.914448,False,33.17
9593,0.938283,True,34.03
9594,0.904016,False,32.79
9595,0.894101,False,32.43
9596,0.924715,False,33.54
9597,0.96694,True,35.07
9598,0.884157,False,32.07
9599,0.90704,False,32.9
9600,0.951028,True,34.5
9601,0.91129,False,33.06
9602,0.873642,False,31.69
9603,0.941137,True,34.14
9604,0.899213,False,32.62
9605,0.892862,False,32.39
9606,0.925606,False,33.57
9607,0.890967,False,32.32
9608,0.980768,True,35.58
9609,0.895609,False,32.49
9610,0.919545,False,33.35
9611,0.924781,False,33.54
9612,0.782468,False,28.38
9613,0.790754,False,28.68
9614,0.900465,False,32.66
9615,0.805259,False,29.21
9616,0.805899,False,29.23
9617,0.79039,False,28.67
9618,0.786487,False,28.53
9619,0.781896,False,28.36
9620,0.790645,False,28.68
9621,0.882137,False,32.0
9622,0.771872,False,28.0
9623,0.758731,False,27.52
9624,0.764508,False,27.73
9625,0.763361,False,27.69
9626,0.760278,False,27.58
9627,0.768641,False,27.88
9628,0.755332,False,27.4
9629,0.757339,False,27.47
9630,0.742724,False,26.94
9631,0.757856,False,27.49
9632,0.752359,False,27.29
9633,0.775536,False,28.13
9634,0.837453,False,30.38
9635,0.752714,False,27.3
9636,0.752526,False,27.3
9637,0.798794,False,28.97
9638,0.805151,False,29.21
9639,0.776737,False,28.17
9640,0.759212,False,27.54
9641,0.755215,False,27.39
9642,0.779517,False,28.28
9643,0.798049,False,28.95
9644,0.769397,False,27.91
9645,0.813869,False,29.52
9646,0.825078,False,29.93
9647,0.773414,False,28.05
9648,0.779533,False,28.28
9649,0.787295,False,28.56
9650,0.785652,False,28.5
9651,1.439794,True,52.23
9652,0.812613,False,29.48
9653,0.807887,False,29.3
9654,0.802794,False,29.12
9655,0.853632,False,30.96
9656,0.91087,False,33.04
9657,0.819196,False,29.71
9658,0.840812,False,30.5
9659,0.81663,False,29.62
9660,0.824804,False,29.92
9661,0.831207,False,30.15
9662,0.81936,False,29.72
9663,0.83945,False,30.45
9664,0.836749,False,30.35
9665,0.839654,False,30.46
9666,0.84153,False,30.52
9667,0.888482,False,32.23
9668,0.882585,False,32.01
9669,0.855447,False,31.03
9670,0.853786,False,30.97
9671,0.87327,False,31.68
9672,0.864626,False,31.36
9673,0.988403,True,35.85
9674,0.910196,False,33.02
9675,1.017839,True,36.92
9676,0.923821,False,33.51
9677,0.89395,False,32.43
9678,0.673463,False,24.43
9679,0.575799,False,20.89
9680,0.591509,False,21.46
9681,0.469393,False,17.03
9682,0.593424,False,21.53
9683,0.589941,False,21.4
9684,0.494542,False,17.94
9685,0.525815,False,19.07
9686,0.489776,False,17.77
9687,0.466013,False,16.9
9688,0.463385,False,16.81
9689,0.493045,False,17.88
9690,0.479786,False,17.4
9691,0.487305,False,17.68
9692,0.480342,False,17.42
9693,0.479972,False,17.41
9694,0.472845,False,17.15
9695,0.507015,False,18.39
9696,0.538459,False,19.53
9697,0.506374,False,18.37
9698,0.511966,False,18.57
9699,0.50114,False,18.18
9700,0.497805,False,18.06
9701,0.511877,False,18.57
9702,0.551252,False,20.0
9703,0.621645,False,22.55
9704,0.51881,False,18.82
9705,0.516518,False,18.74
9706,0.593624,False,21.53
9707,0.660752,False,23.97
9708,0.645903,False,23.43
9709,0.552943,False,20.06
9710,0.542106,False,19.66
9711,0.568298,False,20.61
9712,0.607462,False,22.03
9713,0.628633,False,22.8
9714,0.559622,False,20.3
9715,0.452407,False,16.41
9716,0.450326,False,16.33
9717,0.453708,False,16.46
9718,0.48725,False,17.67
9719,0.445374,False,16.15
9720,0.442826,False,16.06
9721,0.442551,False,16.05
9722,0.433262,False,15.72
9723,0.449858,False,16.32
9724,0.436232,False,15.82
9725,0.523447,False,18.99
9726,0.46386,False,16.83
9727,0.430906,False,15.63
9728,0.444431,False,16.12
9729,0.439429,False,15.94
9730,0.425921,False,15.45
9731,0.450159,False,16.33
9732,0.438248,False,15.9
9733,0.428022,False,15.53
9734,0.466172,False,16.91
9735,0.557357,False,20.22
9736,0.467919,False,16.97
9737,0.527919,False,19.15
9738,0.437501,False,15.87
9739,0.482904,False,17.52
9740,0.443001,False,16.07
9741,0.466902,False,16.94
9742,0.468683,False,17.0
9743,0.441281,False,16.01
9744,0.437768,False,15.88
9745,0.489422,False,17.75
9746,0.490241,False,17.78
9747,0.57773,False,20.96
9748,0.531837,False,19.29
9749,0.578883,False,21.0
9750,0.514139,False,18.65
9751,0.560197,False,20.32
9752,0.518701,False,18.81
9753,0.48423,False,17.56
9754,0.510336,False,18.51
9755,0.473436,False,17.17
9756,0.486865,False,17.66
9757,0.447292,False,16.22
9758,0.444212,False,16.11
9759,0.451179,False,16.37
9760,0.497797,False,18.06
9761,0.417936,False,15.16
9762,0.411177,False,14.91
9763,0.431583,False,15.65
9764,0.407806,False,14.79
9765,0.395727,False,14.35
9766,0.404004,False,14.65
9767,0.39192,False,14.22
9768,0.413541,False,15.0
9769,0.421921,False,15.3
9770,0.370667,False,13.45
9771,0.421164,False,15.28
9772,0.469892,False,17.04
9773,0.439595,False,15.95
9774,0.421716,False,15.3
9775,0.459712,False,16.68
9776,0.367178,False,13.32
9777,0.388327,False,14.09
9778,0.365702,False,13.27
9779,0.427747,False,15.52
9780,0.449498,False,16.3
9781,0.371794,False,13.49
9782,0.455766,False,16.53
9783,0.378787,False,13.74
9784,0.465097,False,16.87
9785,0.504208,False,18.29
9786,0.425393,False,15.43
9787,0.388563,False,14.09
9788,0.392743,False,14.25
9789,0.361089,False,13.1
9790,0.387958,False,14.07
9791,0.430485,False,15.61
9792,0.371583,False,13.48
9793,0.417619,False,15.15
9794,0.373729,False,13.56
9795,0.368279,False,13.36
9796,0.377389,False,13.69
9797,0.448488,False,16.27
9798,0.386105,False,14.01
9799,0.405828,False,14.72
9800,0.393269,False,14.26
9801,0.42876,False,15.55
9802,0.568005,False,20.6
9803,0.49147,False,17.83
9804,0.498625,False,18.09
9805,0.483402,False,17.53
9806,0.629015,False,22.82
9807,0.580699,False,21.06
9808,0.547201,False,19.85
9809,0.624592,False,22.66
9810,0.615776,False,22.34
9811,1.010812,True,36.67
9812,0.998054,True,36.2
9813,1.009491,True,36.62
9814,1.077333,True,39.08
9815,1.042797,True,37.83
9816,1.065229,True,38.64
9817,1.074495,True,38.98
9818,1.560216,True,56.59
9819,0.57098,False,20.71
9820,0.674541,False,24.47
9821,0.59562,False,21.6
9822,0.437941,False,15.89
9823,0.41465,False,15.04
9824,0.400976,False,14.54
9825,0.415344,False,15.07
9826,0.384116,False,13.93
9827,0.370038,False,13.42
9828,0.349857,False,12.69
9829,0.358048,False,12.99
9830,0.370808,False,13.45
9831,0.573773,False,20.81
9832,0.526206,False,19.09
9833,0.528597,False,19.17
9834,0.524652,False,19.03
9835,0.516215,False,18.72
9836,0.51136,False,18.55
9837,0.520119,False,18.87
9838,0.517441,False,18.77
9839,0.484939,False,17.59
9840,0.492698,False,17.87
9841,0.489382,False,17.75
9842,0.492832,False,17.88
9843,0.568399,False,20.62
9844,0.495444,False,17.97
9845,0.472245,False,17.13
9846,0.545948,False,19.8
9847,0.578071,False,20.97
9848,0.474609,False,17.22
9849,0.482343,False,17.5
9850,0.525589,False,19.06
9851,0.520911,False,18.89
9852,0.501839,False,18.2
9853,0.510462,False,18.52
9854,0.56678,False,20.56
9855,0.583241,False,21.16
9856,0.518332,False,18.8
9857,0.52684,False,19.11
9858,0.50143,False,18.19
9859,0.504941,False,18.32
9860,0.528615,False,19.17
9861,0.487244,False,17.67
9862,0.482119,False,17.49
9863,0.500044,False,18.14
9864,0.507078,False,18.39
9865,0.518486,False,18.81
9866,0.484861,False,17.59
9867,0.448732,False,16.28
9868,0.450105,False,16.33
9869,0.435921,False,15.81
9870,0.438471,False,15.9
9871,0.430446,False,15.61
9872,0.427551,False,15.51
9873,0.466902,False,16.94
9874,0.425199,False,15.42
9875,0.422277,False,15.32
9876,0.415798,False,15.08
9877,0.51544,False,18.7
9878,0.454131,False,16.47
9879,0.414008,False,15.02
9880,0.413547,False,15.0
9881,0.399029,False,14.47
9882,0.40737,False,14.78
9883,0.471771,False,17.11
9884,0.392038,False,14.22
9885,0.391232,False,14.19
9886,0.396411,False,14.38
9887,0.424343,False,15.39
9888,0.373597,False,13.55
9889,0.396076,False,14.37
9890,0.448987,False,16.29
9891,0.522698,False,18.96
9892,0.357825,False,12.98
9893,0.347892,False,12.62
9894,0.375248,False,13.61
9895,0.347691,False,12.61
9896,0.326034,False,11.83
9897,0.41298,False,14.98
9898,0.342259,False,12.41
9899,0.482753,False,17.51
9900,0.317531,False,11.52
9901,0.340071,False,12.34
9902,0.314575,False,11.41
9903,0.421407,False,15.29
9904,0.430673,False,15.62
9905,0.35082,False,12.73
9906,0.381181,False,13.83
9907,0.324639,False,11.78
9908,0.325643,False,11.81
9909,0.330112,False,11.97
9910,0.426964,False,15.49
9911,0.324982,False,11.79
9912,0.365768,False,13.27
9913,0.45213,False,16.4
9914,0.542427,False,19.68
9915,0.53738,False,19.49
9916,0.450496,False,16.34
9917,0.506563,False,18.37
9918,0.471389,False,17.1
9919,1.259067,True,45.67
9920,0.235682,False,8.55
9921,0.243487,False,8.83
9922,0.245293,False,8.9
9923,0.43572,False,15.8
9924,0.43232,False,15.68
9925,0.332619,False,12.07
9926,0.340002,False,12.33
9927,0.349902,False,12.69
9928,0.301056,False,10.92
9929,0.293119,False,10.63
9930,0.278466,False,10.1
9931,0.285679,False,10.36
9932,0.264178,False,9.58
9933,0.276719,False,10.04
9934,0.260926,False,9.46
9935,0.259142,False,9.4
9936,0.30915,False,11.21
9937,0.251374,False,9.12
9938,0.34761,False,12.61
9939,0.257678,False,9.35
9940,0.258191,False,9.37
9941,0.260838,False,9.46
9942,0.275501,False,9.99
9943,0.362433,False,13.15
9944,0.272795,False,9.9
9945,0.270506,False,9.81
9946,0.249586,False,9.05
9947,0.269293,False,9.77
9948,0.285211,False,10.35
9949,0.298057,False,10.81
9950,0.25703,False,9.32
9951,0.262346,False,9.52
9952,0.263921,False,9.57
9953,0.282204,False,10.24
9954,0.379924,False,13.78
9955,0.348928,False,12.66
9956,0.337188,False,12.23
9957,0.282587,False,10.25
9958,0.391953,False,14.22
9959,0.314133,False,11.39
9960,0.273998,False,9.94
9961,0.327148,False,11.87
9962,0.326491,False,11.84
9963,0.312715,False,11.34
9964,0.319452,False,11.59
9965,0.30868,False,11.2
9966,0.270198,False,9.8
9967,0.308226,False,11.18
9968,0.285165,False,10.34
9969,0.378569,False,13.73
9970,0.246899,False,8.96
9971,0.335195,False,12.16
9972,0.353434,False,12.82
9973,0.277922,False,10.08
9974,0.271724,False,9.86
9975,0.263467,False,9.56
9976,0.27243,False,9.88
9977,0.313628,False,11.38
9978,0.29785,False,10.8
9979,0.28835,False,10.46
9980,0.379387,False,13.76
9981,0.439924,False,15.96
9982,0.638973,False,23.18
9983,0.635104,False,23.04
9984,0.56009,False,20.32
9985,0.620311,False,22.5
9986,0.700328,False,25.4
9987,0.537413,False,19.49
9988,0.545066,False,19.77
9989,0.549084,False,19.92
9990,0.658216,False,23.88
9991,0.633506,False,22.98
9992,0.626656,False,22.73
9993,0.691316,False,25.08
9994,0.604773,False,21.94
9995,0.66948,False,24.28
9996,0.591277,False,21.45
9997,0.586804,False,21.29
9998,0.57219,False,20.75
9999,0.556896,False,20.2
10000,0.586177,False,21.26
10001,0.550769,False,19.98
10002,0.578128,False,20.97
10003,0.525419,False,19.06
10004,0.529551,False,19.21
10005,0.555496,False,20.15
10006,0.512158,False,18.58
10007,0.50224,False,18.22
10008,0.503403,False,18.26
10009,0.595532,False,21.6
10010,0.493781,False,17.91
10011,0.508416,False,18.44
10012,0.509177,False,18.47
10013,0.567075,False,20.57
10014,0.448789,False,16.28
10015,0.718915,False,26.08
10016,0.587446,False,21.31
10017,0.583525,False,21.17
10018,0.577723,False,20.96
10019,0.56297,False,20.42
10020,0.63353,False,22.98
10021,0.552853,False,20.05
10022,0.621664,False,22.55
10023,0.581164,False,21.08
10024,0.587932,False,21.33
10025,0.551016,False,19.99
10026,0.522539,False,18.95
10027,0.578319,False,20.98
10028,0.511129,False,18.54
10029,0.560155,False,20.32
10030,0.522132,False,18.94
10031,0.530482,False,19.24
10032,0.50791,False,18.42
10033,0.532496,False,19.32
10034,0.524616,False,19.03
10035,0.526308,False,19.09
10036,0.54096,False,19.62
10037,0.531776,False,19.29
10038,0.50509,False,18.32
10039,0.615662,False,22.33
10040,0.508486,False,18.44
10041,0.495115,False,17.96
10042,0.572508,False,20.77
10043,0.528859,False,19.18
10044,0.507754,False,18.42
10045,0.537115,False,19.48
10046,0.525285,False,19.05
10047,0.608017,False,22.05
10048,0.510952,False,18.53
10049,0.544796,False,19.76
10050,0.545638,False,19.79
10051,0.508132,False,18.43
10052,0.536692,False,19.47
10053,0.521287,False,18.91
10054,0.572673,False,20.77
10055,0.638612,False,23.16
10056,0.532455,False,19.31
10057,0.542505,False,19.68
10058,0.600873,False,21.8
10059,0.582041,False,21.11
10060,0.524238,False,19.02
10061,0.539016,False,19.55
10062,0.513649,False,18.63
10063,0.480742,False,17.44
10064,0.518081,False,18.79
10065,0.569814,False,20.67
10066,0.648077,False,23.51
10067,0.497288,False,18.04
10068,0.629547,False,22.84
10069,0.511278,False,18.55
10070,0.539328,False,19.56
10071,0.572598,False,20.77
10072,0.575367,False,20.87
10073,0.627637,False,22.77
10074,0.570921,False,20.71
10075,0.586386,False,21.27
10076,0.61086,False,22.16
10077,0.645503,False,23.41
10078,0.589598,False,21.39
10079,0.607549,False,22.04
10080,0.607829,False,22.05
10081,0.846095,False,30.69
10082,0.844741,False,30.64
10083,0.866093,False,31.42
10084,0.926487,False,33.61
10085,0.946101,True,34.32
10086,0.970757,True,35.21
10087,1.005661,True,36.48
10088,0.987995,True,35.84
10089,1.06441,True,38.61
10090,1.360274,True,49.34
10091,0.446819,False,16.21
10092,0.342033,False,12.41
10093,0.321575,False,11.66
10094,0.79444,False,28.82
10095,0.873619,False,31.69
10096,0.848937,False,30.79
10097,0.820875,False,29.78
10098,0.757778,False,27.49
10099,0.760207,False,27.57
10100,0.730567,False,26.5
10101,0.763144,False,27.68
10102,0.705924,False,25.61
10103,0.716533,False,25.99
10104,0.6898,False,25.02
10105,0.717271,False,26.02
10106,0.720663,False,26.14
10107,0.691613,False,25.09
10108,0.644446,False,23.38
10109,0.681816,False,24.73
10110,0.667228,False,24.2
10111,0.652505,False,23.67
10112,0.633719,False,22.99
10113,0.588708,False,21.35
10114,0.595104,False,21.59
10115,0.603695,False,21.9
10116,0.555447,False,20.15
10117,0.541928,False,19.66
10118,0.606891,False,22.01
10119,0.565513,False,20.51
10120,0.568434,False,20.62
10121,0.569857,False,20.67
10122,0.569948,False,20.67
10123,0.532422,False,19.31
10124,0.58897,False,21.36
10125,0.49034,False,17.79
10126,0.531693,False,19.29
10127,0.524271,False,19.02
10128,0.469482,False,17.03
10129,0.483438,False,17.54
10130,0.491302,False,17.82
10131,0.462906,False,16.79
10132,0.538139,False,19.52
10133,0.475751,False,17.26
10134,0.535599,False,19.43
10135,0.454143,False,16.47
10136,0.435032,False,15.78
10137,0.532779,False,19.33
10138,0.452307,False,16.41
10139,0.454637,False,16.49
10140,0.456217,False,16.55
10141,0.515822,False,18.71
10142,0.517038,False,18.75
10143,0.463943,False,16.83
10144,0.440203,False,15.97
10145,0.518501,False,18.81
10146,0.45665,False,16.56
10147,0.462601,False,16.78
10148,0.411425,False,14.92
10149,0.435052,False,15.78
10150,0.415877,False,15.09
10151,0.432893,False,15.7
10152,0.5216,False,18.92
10153,0.45129,False,16.37
10154,0.435323,False,15.79
10155,0.451394,False,16.37
10156,0.438432,False,15.9
10157,0.417682,False,15.15
10158,0.484214,False,17.56
10159,0.418041,False,15.16
10160,0.467103,False,16.94
10161,0.431041,False,15.64
10162,0.466596,False,16.92
10163,0.740647,False,26.87
10164,0.743526,False,26.97
10165,0.768277,False,27.87
10166,0.742263,False,26.92
10167,0.75863,False,27.52
10168,0.76259,False,27.66
10169,0.738848,False,26.8
10170,0.820555,False,29.76
10171,0.822475,False,29.83
10172,0.864555,False,31.36
10173,0.775951,False,28.15
10174,0.78005,False,28.29
10175,0.735438,False,26.68
10176,0.747586,False,27.12
10177,0.866407,False,31.43
10178,0.745176,False,27.03
10179,0.809078,False,29.35
10180,0.789438,False,28.64
10181,0.781301,False,28.34
10182,0.782691,False,28.39
10183,0.806577,False,29.26
10184,0.760409,False,27.58
10185,0.877842,False,31.84
10186,0.750327,False,27.22
10187,0.87131,False,31.6
10188,0.746001,False,27.06
10189,0.781821,False,28.36
10190,0.763242,False,27.68
10191,0.779023,False,28.26
10192,0.737853,False,26.76
10193,0.754949,False,27.38
10194,0.860077,False,31.2
10195,0.834685,False,30.28
10196,0.752827,False,27.31
10197,0.780512,False,28.31
10198,0.809154,False,29.35
10199,0.772699,False,28.03
10200,0.800352,False,29.03
10201,0.870533,False,31.58
10202,0.783476,False,28.42
10203,0.730281,False,26.49
10204,0.778761,False,28.25
10205,0.712614,False,25.85
10206,0.864804,False,31.37
10207,0.90405,False,32.79
10208,0.926314,False,33.6
10209,0.898108,False,32.58
10210,0.811555,False,29.44
10211,0.844224,False,30.62
10212,0.838961,False,30.43
10213,0.807816,False,29.3
10214,0.86564,False,31.4
10215,0.80961,False,29.37
10216,0.86386,False,31.33
10217,0.792732,False,28.75
10218,0.789731,False,28.65
10219,0.7979,False,28.94
10220,0.781274,False,28.34
10221,0.80352,False,29.15
10222,0.827451,False,30.01
10223,0.794763,False,28.83
10224,0.780221,False,28.3
10225,0.771303,False,27.98
10226,0.814541,False,29.55
10227,0.757931,False,27.49
10228,0.808832,False,29.34
10229,0.759397,False,27.55
10230,0.762272,False,27.65
10231,0.254745,False,9.24
10232,0.353392,False,12.82
10233,0.284879,False,10.33
10234,0.38897,False,14.11
10235,0.398454,False,14.45
10236,0.360041,False,13.06
10237,0.347519,False,12.61
10238,0.417324,False,15.14
10239,0.340322,False,12.34
10240,0.344641,False,12.5
10241,0.332316,False,12.05
10242,0.46987,False,17.04
10243,0.301457,False,10.93
10244,0.432739,False,15.7
10245,0.279814,False,10.15
10246,0.274655,False,9.96
10247,0.3013,False,10.93
10248,0.27254,False,9.89
10249,0.265851,False,9.64
10250,0.27145,False,9.85
10251,0.391682,False,14.21
10252,0.271868,False,9.86
10253,0.25484,False,9.24
10254,0.241258,False,8.75
10255,0.265688,False,9.64
10256,0.242027,False,8.78
10257,0.250035,False,9.07
10258,0.281295,False,10.2
10259,0.315248,False,11.43
10260,0.299008,False,10.85
10261,0.328708,False,11.92
10262,0.229284,False,8.32
10263,0.295637,False,10.72
10264,0.230834,False,8.37
10265,0.24532,False,8.9
10266,0.295151,False,10.71
10267,0.340256,False,12.34
10268,0.256341,False,9.3
10269,0.268884,False,9.75
10270,0.234402,False,8.5
10271,0.284514,False,10.32
10272,0.32391,False,11.75
10273,0.267382,False,9.7
10274,0.337729,False,12.25
10275,0.367075,False,13.31
10276,0.287965,False,10.45
10277,0.238527,False,8.65
10278,0.293208,False,10.64
10279,0.274038,False,9.94
10280,0.251046,False,9.11
10281,0.262455,False,9.52
10282,0.312537,False,11.34
10283,0.306246,False,11.11
10284,0.255321,False,9.26
10285,0.261673,False,9.49
10286,0.314958,False,11.42
10287,0.248022,False,9.0
10288,0.26428,False,9.59
10289,0.283418,False,10.28
10290,0.300876,False,10.91
10291,0.29108,False,10.56
10292,0.337166,False,12.23
10293,0.425343,False,15.43
10294,0.535339,False,19.42
10295,0.460008,False,16.69
10296,0.497826,False,18.06
10297,0.440617,False,15.98
10298,0.517174,False,18.76
10299,0.442116,False,16.04
10300,0.455758,False,16.53
10301,0.467467,False,16.96
10302,0.507873,False,18.42
10303,0.455806,False,16.53
10304,0.509521,False,18.48
10305,0.517614,False,18.78
10306,0.482158,False,17.49
10307,0.611229,False,22.17
10308,0.493026,False,17.88
10309,0.515218,False,18.69
10310,0.503339,False,18.26
10311,0.572867,False,20.78
10312,0.843449,False,30.59
10313,0.849026,False,30.8
10314,1.070493,True,38.83
10315,0.862879,False,31.3
10316,0.856985,False,31.09
10317,0.84115,False,30.51
10318,0.816003,False,29.6
10319,0.880523,False,31.94
10320,0.798681,False,28.97
10321,0.841584,False,30.53
10322,0.822435,False,29.83
10323,0.751832,False,27.27
10324,0.811859,False,29.45
10325,0.736812,False,26.73
10326,0.826811,False,29.99
10327,0.738816,False,26.8
10328,0.775845,False,28.14
10329,0.847246,False,30.73
10330,0.773005,False,28.04
10331,0.763973,False,27.71
10332,0.795178,False,28.84
10333,0.799554,False,29.0
10334,0.8997,False,32.63
10335,0.983496,True,35.67
10336,0.965624,True,35.03
10337,0.987123,True,35.81
10338,0.986739,True,35.79
10339,0.939098,True,34.06
10340,1.012281,True,36.72
10341,1.013696,True,36.77
10342,1.029531,True,37.34
10343,1.14558,True,41.55
10344,1.056307,True,38.32
10345,1.033992,True,37.51
10346,1.038268,True,37.66
10347,1.068756,True,38.77
10348,0.686823,False,24.91
10349,0.730359,False,26.49
10350,0.903571,False,32.78
10351,0.7248,False,26.29
10352,0.702339,False,25.48
10353,0.692602,False,25.12
10354,0.698571,False,25.34
10355,0.694175,False,25.18
10356,0.717134,False,26.01
10357,0.673707,False,24.44
10358,0.668997,False,24.27
10359,0.738336,False,26.78
10360,0.672094,False,24.38
10361,0.771732,False,27.99
10362,0.667544,False,24.21
10363,0.725427,False,26.31
10364,0.654764,False,23.75
10365,0.738671,False,26.79
10366,0.688123,False,24.96
10367,0.690792,False,25.06
10368,0.69643,False,25.26
10369,0.655644,False,23.78
10370,0.64899,False,23.54
10371,0.682833,False,24.77
10372,0.667878,False,24.23
10373,0.686205,False,24.89
10374,0.663605,False,24.07
10375,0.681969,False,24.74
10376,0.6963,False,25.26
10377,0.654668,False,23.75
10378,0.671875,False,24.37
10379,0.677003,False,24.56
10380,0.64976,False,23.57
10381,0.681401,False,24.72
10382,0.763922,False,27.71
10383,0.736551,False,26.72
10384,0.699978,False,25.39
10385,0.686585,False,24.9
10386,0.700658,False,25.41
10387,0.743983,False,26.99
10388,0.711563,False,25.81
10389,0.696463,False,25.26
10390,0.701052,False,25.43
10391,0.697656,False,25.31
10392,0.757312,False,27.47
10393,0.71093,False,25.79
10394,0.69784,False,25.31
10395,0.685613,False,24.87
10396,0.721092,False,26.16
10397,0.790069,False,28.66
10398,1.009616,True,36.62
10399,1.001192,True,36.32
10400,1.247572,True,45.25
10401,1.190452,True,43.18
10402,1.221893,True,44.32
10403,1.615307,True,58.59
10404,0.58178,False,21.1
10405,0.588104,False,21.33
10406,0.72419,False,26.27
10407,0.515333,False,18.69
10408,0.503689,False,18.27
10409,0.497474,False,18.04
10410,0.568548,False,20.62
10411,0.543519,False,19.71
10412,0.569242,False,20.65
10413,0.444859,False,16.14
10414,0.517028,False,18.75
10415,0.563027,False,20.42
10416,0.631276,False,22.9
10417,0.497466,False,18.04
10418,0.488964,False,17.74
10419,0.602141,False,21.84
10420,0.537593,False,19.5
10421,0.660907,False,23.97
10422,0.50651,False,18.37
10423,0.514857,False,18.68
10424,0.569268,False,20.65
10425,0.599993,False,21.76
10426,0.481044,False,17.45
10427,0.482728,False,17.51
10428,0.511947,False,18.57
10429,0.469334,False,17.02
10430,0.530264,False,19.23
10431,0.490872,False,17.81
10432,0.502685,False,18.23
10433,0.482753,False,17.51
10434,0.46844,False,16.99
10435,0.570118,False,20.68
10436,0.492265,False,17.86
10437,0.515585,False,18.7
10438,0.581752,False,21.1
10439,0.531572,False,19.28
10440,0.52339,False,18.98
10441,0.58128,False,21.08
10442,0.483314,False,17.53
10443,0.493795,False,17.91
10444,0.49983,False,18.13
10445,0.499781,False,18.13
10446,0.507474,False,18.41
10447,0.54428,False,19.74
10448,0.577803,False,20.96
10449,0.524702,False,19.03
10450,0.531538,False,19.28
10451,0.649313,False,23.55
10452,0.518691,False,18.81
10453,0.526529,False,19.1
10454,0.527947,False,19.15
10455,0.55618,False,20.17
10456,0.548673,False,19.9
10457,0.608232,False,22.06
10458,0.592263,False,21.48
10459,0.577302,False,20.94
10460,0.590038,False,21.4
10461,0.574791,False,20.85
10462,0.624169,False,22.64
10463,0.619932,False,22.49
10464,0.610491,False,22.14
10465,0.681761,False,24.73
10466,0.805063,False,29.2
10467,0.721528,False,26.17
10468,0.729935,False,26.48
10469,0.775851,False,28.14
10470,0.745299,False,27.03
10471,0.732105,False,26.56
10472,0.984743,True,35.72
10473,0.906247,False,32.87
10474,0.910955,False,33.04
10475,0.970304,True,35.2
10476,0.970842,True,35.22
10477,0.935594,False,33.94
10478,0.959031,True,34.79
10479,1.035761,True,37.57
10480,1.464753,True,53.13
10481,0.830994,False,30.14
10482,0.798901,False,28.98
10483,0.809305,False,29.36
10484,0.698894,False,25.35
10485,0.68095,False,24.7
10486,0.736781,False,26.73
10487,0.66078,False,23.97
10488,0.656017,False,23.8
10489,0.645856,False,23.43
10490,0.654093,False,23.73
10491,0.655869,False,23.79
10492,0.619256,False,22.46
10493,0.66356,False,24.07
10494,0.615542,False,22.33
10495,0.617273,False,22.39
10496,0.600521,False,21.78
10497,0.593284,False,21.52
10498,0.623224,False,22.61
10499,0.5852,False,21.23
10500,0.601836,False,21.83
10501,0.602576,False,21.86
10502,0.6047,False,21.93
10503,0.585372,False,21.23
10504,0.578057,False,20.97
10505,0.570877,False,20.71
10506,0.573668,False,20.81
10507,0.615608,False,22.33
10508,0.559071,False,20.28
10509,0.564946,False,20.49
10510,0.565996,False,20.53
10511,0.566748,False,20.56
10512,0.559608,False,20.3
10513,0.560374,False,20.33
10514,0.594953,False,21.58
10515,0.579814,False,21.03
10516,0.621645,False,22.55
10517,0.576342,False,20.91
10518,0.580574,False,21.06
10519,0.594239,False,21.55
10520,0.668626,False,24.25
10521,0.682916,False,24.77
10522,0.585787,False,21.25
10523,0.591251,False,21.45
10524,0.568458,False,20.62
10525,0.591332,False,21.45
10526,0.583867,False,21.18
10527,0.701844,False,25.46
10528,0.569641,False,20.66
10529,0.622888,False,22.59
10530,0.576657,False,20.92
10531,0.5711,False,20.72
10532,0.55864,False,20.26
10533,0.585474,False,21.24
10534,0.621531,False,22.54
10535,0.573693,False,20.81
10536,0.646485,False,23.45
10537,0.732005,False,26.55
10538,0.645671,False,23.42
10539,0.645731,False,23.42
10540,0.597167,False,21.66
10541,0.58189,False,21.11
10542,0.572798,False,20.78
10543,0.594459,False,21.56
10544,0.531406,False,19.28
10545,0.544589,False,19.75
10546,0.529567,False,19.21
10547,0.539866,False,19.58
10548,0.62628,False,22.72
10549,0.548259,False,19.89
10550,0.601888,False,21.83
10551,0.552182,False,20.03
10552,0.560534,False,20.33
10553,0.573986,False,20.82
10554,0.542785,False,19.69
10555,0.635985,False,23.07
10556,0.580462,False,21.06
10557,0.588455,False,21.34
10558,0.594261,False,21.56
10559,0.620378,False,22.5
10560,0.59251,False,21.49
10561,0.553448,False,20.08
10562,0.530895,False,19.26
10563,0.543081,False,19.7
10564,0.520836,False,18.89
10565,0.517597,False,18.77
10566,0.50166,False,18.2
10567,0.495724,False,17.98
10568,0.518818,False,18.82
10569,0.483789,False,17.55
10570,0.479955,False,17.41
10571,0.502957,False,18.24
10572,0.548096,False,19.88
10573,0.488289,False,17.71
10574,0.457468,False,16.59
10575,0.468404,False,16.99
10576,0.466994,False,16.94
10577,0.462741,False,16.78
10578,0.4501,False,16.33
10579,0.467682,False,16.96
10580,0.433612,False,15.73
10581,0.487527,False,17.68
10582,0.433256,False,15.72
10583,0.415174,False,15.06
10584,0.443367,False,16.08
10585,0.412543,False,14.96
10586,0.413761,False,15.01
10587,0.501752,False,18.2
10588,0.425509,False,15.43
10589,0.416876,False,15.12
10590,0.435562,False,15.8
10591,0.378376,False,13.72
10592,0.377251,False,13.68
10593,0.37591,False,13.64
10594,0.434696,False,15.77
10595,0.397105,False,14.4
10596,0.351854,False,12.76
10597,0.400721,False,14.54
10598,0.358626,False,13.01
10599,0.388517,False,14.09
10600,0.342274,False,12.42
10601,0.374922,False,13.6
10602,0.339509,False,12.31
10603,0.356934,False,12.95
10604,0.332165,False,12.05
10605,0.318526,False,11.55
10606,0.336313,False,12.2
10607,0.340097,False,12.34
10608,0.317418,False,11.51
10609,0.449522,False,16.31
10610,0.311733,False,11.31
10611,0.336855,False,12.22
10612,0.484241,False,17.56
10613,0.460468,False,16.7
10614,0.531867,False,19.29
10615,0.443119,False,16.07
10616,0.523685,False,19.0
10617,0.797263,False,28.92
10618,0.744979,False,27.02
10619,0.628804,False,22.81
10620,0.619349,False,22.47
10621,0.616393,False,22.36
10622,0.568216,False,20.61
10623,0.551606,False,20.01
10624,0.544804,False,19.76
10625,0.569228,False,20.65
10626,0.554586,False,20.12
10627,0.548827,False,19.91
10628,0.53765,False,19.5
10629,0.506907,False,18.39
10630,0.495119,False,17.96
10631,0.563089,False,20.42
10632,0.585434,False,21.24
10633,0.579945,False,21.04
10634,0.584341,False,21.2
10635,0.533454,False,19.35
10636,0.476418,False,17.28
10637,0.519245,False,18.83
10638,0.577354,False,20.94
10639,0.453753,False,16.46
10640,0.513297,False,18.62
10641,0.53858,False,19.54
10642,0.557303,False,20.21
10643,0.503967,False,18.28
10644,0.506516,False,18.37
10645,0.556626,False,20.19
10646,0.500501,False,18.15
10647,0.536101,False,19.45
10648,0.517425,False,18.77
10649,0.585855,False,21.25
10650,0.535901,False,19.44
10651,0.554858,False,20.13
10652,0.506546,False,18.37
10653,0.572454,False,20.76
10654,0.500749,False,18.16
10655,0.494374,False,17.93
10656,0.531638,False,19.28
10657,0.53706,False,19.48
10658,0.574044,False,20.82
10659,0.501799,False,18.2
10660,0.556672,False,20.19
10661,0.494463,False,17.94
10662,0.52634,False,19.09
10663,0.504224,False,18.29
10664,0.555173,False,20.14
10665,0.530846,False,19.26
10666,0.508091,False,18.43
10667,0.501439,False,18.19
10668,0.507421,False,18.41
10669,0.620808,False,22.52
10670,0.541871,False,19.66
10671,0.544797,False,19.76
10672,0.509364,False,18.48
10673,0.529807,False,19.22
10674,0.545945,False,19.8
10675,0.544179,False,19.74
10676,0.53799,False,19.51
10677,0.562059,False,20.39
10678,0.62232,False,22.57
10679,0.609092,False,22.09
10680,0.565095,False,20.5
10681,0.558371,False,20.25
10682,0.571213,False,20.72
10683,0.574448,False,20.84
10684,0.565048,False,20.5
10685,0.594034,False,21.55
10686,0.56433,False,20.47
10687,0.567152,False,20.57
10688,0.59381,False,21.54
10689,0.604613,False,21.93
10690,0.636829,False,23.1
10691,0.609095,False,22.09
10692,0.701209,False,25.43
10693,0.619984,False,22.49
10694,0.617375,False,22.39
10695,0.6406,False,23.24
10696,0.67001,False,24.3
10697,0.28087,False,10.19
10698,0.280377,False,10.17
10699,0.345834,False,12.54
10700,0.395444,False,14.34
10701,0.409238,False,14.84
10702,0.450045,False,16.32
10703,0.427872,False,15.52
10704,0.487761,False,17.69
10705,0.425695,False,15.44
10706,0.466372,False,16.92
10707,0.528131,False,19.16
10708,0.379871,False,13.78
10709,0.37532,False,13.61
10710,0.374797,False,13.59
10711,0.38229,False,13.87
10712,0.353185,False,12.81
10713,0.379021,False,13.75
10714,0.381304,False,13.83
10715,0.470308,False,17.06
10716,0.39598,False,14.36
10717,0.369722,False,13.41
10718,0.336473,False,12.2
10719,0.316916,False,11.5
10720,0.317051,False,11.5
10721,0.317738,False,11.53
10722,0.330837,False,12.0
10723,0.332973,False,12.08
10724,0.316969,False,11.5
10725,0.342332,False,12.42
10726,0.302151,False,10.96
10727,0.366505,False,13.29
10728,0.315651,False,11.45
10729,0.315068,False,11.43
10730,0.378809,False,13.74
10731,0.298534,False,10.83
10732,0.320183,False,11.61
10733,0.298005,False,10.81
10734,0.336708,False,12.21
10735,0.331376,False,12.02
10736,0.317665,False,11.52
10737,0.309882,False,11.24
10738,0.319998,False,11.61
10739,0.32343,False,11.73
10740,0.355786,False,12.91
10741,0.456521,False,16.56
10742,0.339026,False,12.3
10743,0.313443,False,11.37
10744,0.341983,False,12.4
10745,0.359558,False,13.04
10746,0.329686,False,11.96
10747,0.321371,False,11.66
10748,0.307398,False,11.15
10749,0.332335,False,12.05
10750,0.316425,False,11.48
10751,0.381312,False,13.83
10752,0.321805,False,11.67
10753,0.311155,False,11.29
10754,0.333722,False,12.11
10755,0.426565,False,15.47
10756,0.335468,False,12.17
10757,0.40837,False,14.81
10758,0.42346,False,15.36
10759,0.674415,False,24.46
10760,0.379978,False,13.78
10761,0.394483,False,14.31
10762,0.38896,False,14.11
10763,0.489034,False,17.74
10764,0.522365,False,18.95
10765,0.264052,False,9.58
10766,0.436301,False,15.83
10767,0.298806,False,10.84
10768,0.236439,False,8.58
10769,0.208598,False,7.57
10770,0.696809,False,25.28
10771,0.686205,False,24.89
10772,0.753968,False,27.35
10773,0.667674,False,24.22
10774,0.684803,False,24.84
10775,0.705981,False,25.61
10776,0.700556,False,25.41
10777,0.69436,False,25.19
10778,0.714233,False,25.91
10779,0.666906,False,24.19
10780,0.603297,False,21.88
10781,0.664543,False,24.1
10782,0.598677,False,21.72
10783,0.602452,False,21.85
10784,0.634532,False,23.02
10785,0.579945,False,21.04
10786,0.639969,False,23.21
10787,0.619967,False,22.49
10788,1.469444,True,53.3
10789,0.54962,False,19.94
10790,0.595106,False,21.59
10791,0.538494,False,19.53
10792,0.533926,False,19.37
10793,0.540301,False,19.6
10794,0.596802,False,21.65
10795,0.590146,False,21.41
10796,0.625147,False,22.68
10797,0.564666,False,20.48
10798,0.528567,False,19.17
10799,0.555998,False,20.17
10800,0.584499,False,21.2
10801,0.521425,False,18.91
10802,0.535857,False,19.44
10803,0.561784,False,20.38
10804,0.619386,False,22.47
10805,0.548419,False,19.89
10806,0.557901,False,20.24
10807,0.550764,False,19.98
10808,0.539504,False,19.57
10809,0.510115,False,18.5
10810,0.55519,False,20.14
10811,0.565658,False,20.52
10812,0.520675,False,18.89
10813,0.544918,False,19.77
10814,0.629581,False,22.84
10815,0.508137,False,18.43
10816,0.51931,False,18.84
10817,0.509288,False,18.47
10818,0.543645,False,19.72
10819,0.545941,False,19.8
10820,0.512925,False,18.61
10821,0.513681,False,18.63
10822,0.515828,False,18.71
10823,0.586926,False,21.29
10824,0.556019,False,20.17
10825,0.645994,False,23.43
10826,0.53165,False,19.28
10827,0.838057,False,30.4
10828,0.804186,False,29.17
10829,0.909329,False,32.98
10830,0.84908,False,30.8
10831,0.75342,False,27.33
10832,0.75091,False,27.24
10833,0.729925,False,26.48
10834,0.750015,False,27.21
10835,0.807652,False,29.3
10836,0.736632,False,26.72
10837,0.735951,False,26.7
10838,0.658081,False,23.87
10839,0.74313,False,26.96
10840,0.683252,False,24.78
10841,0.639146,False,23.18
10842,0.76761,False,27.84
10843,0.648594,False,23.53
10844,0.68178,False,24.73
10845,0.767954,False,27.86
10846,0.610774,False,22.15
10847,0.585604,False,21.24
10848,0.604336,False,21.92
10849,0.609038,False,22.09
10850,0.648738,False,23.53
10851,0.678284,False,24.6
10852,0.704931,False,25.57
10853,0.622751,False,22.59
10854,0.601255,False,21.81
10855,0.587168,False,21.3
10856,0.654588,False,23.74
10857,0.627238,False,22.75
10858,0.638801,False,23.17
10859,0.625265,False,22.68
10860,0.671437,False,24.35
10861,0.642118,False,23.29
10862,0.642458,False,23.3
10863,0.673183,False,24.42
10864,0.664022,False,24.09
10865,0.773302,False,28.05
10866,0.766644,False,27.81
10867,0.696776,False,25.27
10868,0.702079,False,25.47
10869,0.760908,False,27.6
10870,0.72029,False,26.13
10871,0.727781,False,26.4
10872,0.760959,False,27.6
10873,0.822333,False,29.83
10874,0.762915,False,27.67
10875,0.78085,False,28.32
10876,0.781677,False,28.35
10877,0.796825,False,28.9
10878,0.83494,False,30.29
10879,0.826325,False,29.97
10880,0.936313,False,33.96
10881,0.924115,False,33.52
10882,0.917277,False,33.27
10883,0.94616,True,34.32
10884,0.923897,False,33.51
10885,0.947333,True,34.36
10886,1.655966,True,60.07
10887,0.336848,False,12.22
10888,0.49335,False,17.9
10889,0.42373,False,15.37
10890,0.398062,False,14.44
10891,0.366082,False,13.28
10892,0.496736,False,18.02
10893,0.452979,False,16.43
10894,0.429377,False,15.57
10895,0.397515,False,14.42
10896,0.423721,False,15.37
10897,0.36579,False,13.27
10898,0.365506,False,13.26
10899,0.363311,False,13.18
10900,0.330145,False,11.98
10901,0.369313,False,13.4
10902,0.300213,False,10.89
10903,0.292567,False,10.61
10904,0.358775,False,13.01
10905,0.344037,False,12.48
10906,0.274924,False,9.97
10907,0.259547,False,9.41
10908,0.312589,False,11.34
10909,0.290545,False,10.54
10910,0.30735,False,11.15
10911,0.283513,False,10.28
10912,0.27023,False,9.8
10913,0.368416,False,13.36
10914,0.323426,False,11.73
10915,0.244585,False,8.87
10916,0.228089,False,8.27
10917,0.231137,False,8.38
10918,0.223966,False,8.12
10919,0.208056,False,7.55
10920,0.217156,False,7.88
10921,0.191097,False,6.93
10922,0.351793,False,12.76
10923,0.238515,False,8.65
10924,0.234464,False,8.5
10925,0.458194,False,16.62
10926,0.196932,False,7.14
10927,0.219382,False,7.96
10928,0.305951,False,11.1
10929,0.267319,False,9.7
10930,0.219807,False,7.97
10931,0.314025,False,11.39
10932,0.19916,False,7.22
10933,0.235172,False,8.53
10934,0.27801,False,10.08
10935,0.39159,False,14.2
10936,0.304094,False,11.03
10937,0.244335,False,8.86
10938,0.213431,False,7.74
10939,0.223866,False,8.12
10940,0.261874,False,9.5
10941,0.396858,False,14.4
10942,0.301131,False,10.92
10943,0.348395,False,12.64
10944,0.288718,False,10.47
10945,0.381025,False,13.82
10946,0.312823,False,11.35
10947,0.313446,False,11.37
10948,0.288523,False,10.47
10949,0.329677,False,11.96
10950,0.359424,False,13.04
10951,0.473274,False,17.17
10952,0.363513,False,13.19
10953,0.391086,False,14.19
10954,0.375931,False,13.64
10955,0.542898,False,19.69
10956,0.505892,False,18.35
10957,0.512607,False,18.59
10958,0.565612,False,20.52
10959,0.582589,False,21.13
10960,0.537554,False,19.5
10961,0.518187,False,18.8
10962,0.509683,False,18.49
10963,0.545749,False,19.8
10964,0.499118,False,18.1
10965,0.541148,False,19.63
10966,0.496521,False,18.01
10967,0.477176,False,17.31
10968,0.467169,False,16.95
10969,0.468661,False,17.0
10970,0.483287,False,17.53
10971,0.540649,False,19.61
10972,0.527457,False,19.13
10973,0.450837,False,16.35
10974,0.54561,False,19.79
10975,0.437936,False,15.89
10976,0.467433,False,16.96
10977,0.428462,False,15.54
10978,0.426979,False,15.49
10979,0.562117,False,20.39
10980,0.469156,False,17.02
10981,0.416784,False,15.12
10982,0.408119,False,14.8
10983,0.483612,False,17.54
10984,0.491043,False,17.81
10985,0.435665,False,15.8
10986,0.403207,False,14.63
10987,0.42697,False,15.49
10988,0.402574,False,14.6
10989,0.405327,False,14.7
10990,0.425655,False,15.44
10991,0.437676,False,15.88
10992,0.395422,False,14.34
10993,0.473287,False,17.17
10994,0.362978,False,13.17
10995,0.43191,False,15.67
10996,0.37026,False,13.43
10997,0.417371,False,15.14
10998,0.364766,False,13.23
10999,0.363522,False,13.19
11000,0.350763,False,12.72
11001,0.358759,False,13.01
11002,0.424601,False,15.4
11003,0.338362,False,12.27
11004,0.362246,False,13.14
11005,0.39486,False,14.32
11006,0.363879,False,13.2
11007,0.340619,False,12.36
11008,0.374191,False,13.57
11009,0.416721,False,15.12
11010,0.348461,False,12.64
11011,0.337762,False,12.25
11012,0.334347,False,12.13
11013,0.383947,False,13.93
11014,0.363324,False,13.18
11015,0.372107,False,13.5
11016,0.415715,False,15.08
11017,0.374735,False,13.59
11018,0.395895,False,14.36
11019,0.418409,False,15.18
11020,0.380018,False,13.78
11021,0.428406,False,15.54
11022,0.412601,False,14.97
11023,0.441062,False,16.0
11024,0.42576,False,15.44
11025,0.386353,False,14.01
11026,0.378688,False,13.74
11027,0.377516,False,13.69
11028,0.419505,False,15.22
11029,0.466383,False,16.92
11030,0.414094,False,15.02
11031,1.243868,True,45.12
11032,1.066948,True,38.7
11033,1.025913,True,37.21
11034,1.045398,True,37.92
11035,0.969689,True,35.17
11036,0.933845,False,33.87
11037,0.970391,True,35.2
11038,1.512387,True,54.86
11039,0.371629,False,13.48
11040,0.348276,False,12.63
11041,0.384824,False,13.96
11042,0.452195,False,16.4
11043,0.438264,False,15.9
11044,0.384098,False,13.93
11045,0.361954,False,13.13
11046,0.352244,False,12.78
11047,0.393568,False,14.28
11048,0.328197,False,11.9
11049,0.313229,False,11.36
11050,0.326985,False,11.86
11051,0.308757,False,11.2
11052,0.346405,False,12.57
11053,0.324705,False,11.78
11054,0.313583,False,11.37
11055,0.381736,False,13.85
11056,0.273221,False,9.91
11057,0.248807,False,9.02
11058,0.246528,False,8.94
11059,0.261749,False,9.49
11060,0.218419,False,7.92
11061,0.234906,False,8.52
11062,0.211172,False,7.66
11063,0.24197,False,8.78
11064,0.206101,False,7.48
11065,0.287666,False,10.43
11066,0.267446,False,9.7
11067,0.253806,False,9.21
11068,0.24535,False,8.9
11069,0.229037,False,8.31
11070,0.240275,False,8.72
11071,0.243459,False,8.83
11072,0.314692,False,11.41
11073,0.261316,False,9.48
11074,0.253744,False,9.2
11075,0.382136,False,13.86
11076,0.252101,False,9.14
11077,1.180859,True,42.83
11078,0.583494,False,21.17
11079,0.629396,False,22.83
11080,0.519573,False,18.85
11081,0.531854,False,19.29
11082,0.509376,False,18.48
11083,0.508626,False,18.45
11084,0.511122,False,18.54
11085,0.513192,False,18.61
11086,0.610592,False,22.15
11087,0.511033,False,18.54
11088,0.51567,False,18.7
11089,0.525935,False,19.08
11090,0.515633,False,18.7
11091,0.523427,False,18.99
11092,0.551088,False,19.99
11093,0.52579,False,19.07
11094,0.581133,False,21.08
11095,0.54221,False,19.67
11096,0.301761,False,10.95
11097,0.303133,False,11.0
11098,0.332935,False,12.08
11099,0.459806,False,16.68
11100,0.398028,False,14.44
11101,0.559296,False,20.29
11102,0.595832,False,21.61
11103,0.535567,False,19.43
11104,0.515477,False,18.7
11105,0.510226,False,18.51
11106,0.501173,False,18.18
11107,0.503887,False,18.28
11108,0.499397,False,18.11
11109,0.472883,False,17.15
11110,0.470859,False,17.08
11111,0.467367,False,16.95
11112,0.4589,False,16.65
11113,0.482722,False,17.51
11114,0.441842,False,16.03
11115,0.439491,False,15.94
11116,0.457153,False,16.58
11117,0.437714,False,15.88
11118,0.448161,False,16.26
11119,0.472893,False,17.15
11120,0.423275,False,15.35
11121,0.42286,False,15.34
11122,0.402392,False,14.6
11123,0.420883,False,15.27
11124,0.397691,False,14.43
11125,0.390734,False,14.17
11126,0.424772,False,15.41
11127,0.415043,False,15.05
11128,0.378706,False,13.74
11129,0.377906,False,13.71
11130,0.426923,False,15.49
11131,0.410137,False,14.88
11132,0.421606,False,15.29
11133,0.396242,False,14.37
11134,1.109609,True,40.25
11135,0.386058,False,14.0
11136,0.390104,False,14.15
11137,0.398372,False,14.45
11138,0.398563,False,14.46
11139,0.490124,False,17.78
11140,0.402653,False,14.61
11141,0.447761,False,16.24
11142,0.416304,False,15.1
11143,0.486557,False,17.65
11144,0.450144,False,16.33
11145,0.440077,False,15.96
11146,0.444711,False,16.13
11147,0.45043,False,16.34
11148,0.441977,False,16.03
11149,0.483164,False,17.53
11150,0.458446,False,16.63
11151,0.457985,False,16.61
11152,0.453164,False,16.44
11153,0.451526,False,16.38
11154,0.477099,False,17.31
11155,0.493322,False,17.89
11156,0.483496,False,17.54
11157,0.573308,False,20.8
11158,0.478214,False,17.35
11159,0.477205,False,17.31
11160,0.511345,False,18.55
11161,1.069604,True,38.8
11162,1.078505,True,39.12
11163,1.188651,True,43.12
11164,1.240347,True,44.99
11165,1.222857,True,44.36
11166,1.350459,True,48.99
11167,1.317633,True,47.79
11168,1.427529,True,51.78
11169,1.883947,True,68.34
11170,0.722475,False,26.21
11171,0.691657,False,25.09
11172,0.71338,False,25.88
11173,0.79497,False,28.84
11174,0.693944,False,25.17
11175,0.783544,False,28.42
11176,0.72952,False,26.46
11177,0.719484,False,26.1
11178,0.761451,False,27.62
11179,0.732855,False,26.58
11180,0.71566,False,25.96
11181,0.733497,False,26.61
11182,0.851756,False,30.9
11183,0.67001,False,24.3
11184,0.692044,False,25.1
11185,0.662545,False,24.03
11186,0.661944,False,24.01
11187,0.668468,False,24.25
11188,0.634583,False,23.02
11189,0.678981,False,24.63
11190,0.740423,False,26.86
11191,0.810673,False,29.41
11192,0.67988,False,24.66
11193,0.680287,False,24.68
11194,0.626258,False,22.72
11195,0.764101,False,27.72
11196,0.701545,False,25.45
11197,0.64697,False,23.47
11198,0.683964,False,24.81
11199,0.667712,False,24.22
11200,0.722631,False,26.21
11201,0.690227,False,25.04
11202,0.724243,False,26.27
11203,0.6753,False,24.5
11204,0.686158,False,24.89
11205,0.750412,False,27.22
11206,0.671826,False,24.37
11207,0.663783,False,24.08
11208,0.724056,False,26.26
11209,0.688988,False,24.99
11210,0.699385,False,25.37
11211,0.680364,False,24.68
11212,0.704557,False,25.56
11213,1.304981,True,47.34
11214,0.737899,False,26.77
11215,0.709041,False,25.72
11216,0.651739,False,23.64
11217,0.668554,False,24.25
11218,0.731135,False,26.52
11219,0.750923,False,27.24
11220,0.67426,False,24.46
11221,0.652287,False,23.66
11222,0.697345,False,25.29
11223,0.708873,False,25.71
11224,0.844294,False,30.62
11225,0.828624,False,30.06
11226,0.818191,False,29.68
11227,0.925141,False,33.56
11228,0.905415,False,32.84
11229,0.941273,True,34.14
11230,0.954528,True,34.62
11231,0.998138,True,36.21
11232,1.006596,True,36.51
11233,1.358274,True,49.27
11234,0.873249,False,31.68
11235,0.878232,False,31.86
11236,0.86569,False,31.4
11237,0.666975,False,24.19
11238,0.65098,False,23.61
11239,0.689133,False,25.0
11240,0.650476,False,23.59
11241,0.620123,False,22.49
11242,0.64386,False,23.35
11243,0.676693,False,24.55
11244,0.649108,False,23.55
11245,0.633124,False,22.97
11246,0.632267,False,22.93
11247,0.611103,False,22.17
11248,0.676416,False,24.54
11249,0.663785,False,24.08
11250,0.659858,False,23.93
11251,0.651151,False,23.62
11252,0.611663,False,22.19
11253,0.616613,False,22.37
11254,0.610311,False,22.14
11255,0.657629,False,23.85
11256,0.641109,False,23.25
11257,0.622365,False,22.57
11258,0.659001,False,23.9
11259,0.65287,False,23.68
11260,0.636663,False,23.09
11261,0.62755,False,22.76
11262,0.62056,False,22.51
11263,0.670302,False,24.31
11264,0.688862,False,24.99
11265,0.638397,False,23.16
11266,0.641626,False,23.27
11267,0.706576,False,25.63
11268,0.714805,False,25.93
11269,0.648665,False,23.53
11270,0.685629,False,24.87
11271,0.664715,False,24.11
11272,0.630796,False,22.88
11273,0.664008,False,24.09
11274,0.73807,False,26.77
11275,0.689696,False,25.02
11276,0.659978,False,23.94
11277,0.687433,False,24.94
11278,0.707931,False,25.68
11279,0.710066,False,25.76
11280,0.690422,False,25.04
11281,0.749598,False,27.19
11282,0.706594,False,25.63
11283,0.69776,False,25.31
11284,0.735857,False,26.69
11285,0.782294,False,28.38
11286,0.759185,False,27.54
11287,0.764128,False,27.72
11288,0.75686,False,27.45
11289,0.739421,False,26.82
11290,0.760518,False,27.59
11291,0.763751,False,27.7
11292,0.767413,False,27.84
11293,0.78009,False,28.3
11294,0.837487,False,30.38
11295,0.794493,False,28.82
11296,0.825181,False,29.93
11297,0.852841,False,30.93
11298,0.854704,False,31.0
11299,0.876046,False,31.78
11300,0.903371,False,32.77
11301,0.86802,False,31.49
11302,0.922517,False,33.46
11303,0.759621,False,27.55
11304,0.762523,False,27.66
11305,0.790806,False,28.68
11306,0.680686,False,24.69
11307,0.666086,False,24.16
11308,0.717285,False,26.02
11309,0.687846,False,24.95
11310,0.659581,False,23.92
11311,0.64546,False,23.41
11312,0.663546,False,24.07
11313,0.732949,False,26.59
11314,0.692611,False,25.12
11315,0.626242,False,22.72
11316,0.633556,False,22.98
11317,0.627313,False,22.75
11318,0.625675,False,22.7
11319,0.627383,False,22.76
11320,0.608417,False,22.07
11321,0.625755,False,22.7
11322,0.613796,False,22.26
11323,0.6353,False,23.04
11324,0.621158,False,22.53
11325,0.633037,False,22.96
11326,0.597632,False,21.68
11327,0.587696,False,21.32
11328,0.578074,False,20.97
11329,0.58647,False,21.27
11330,0.581996,False,21.11
11331,0.592047,False,21.48
11332,0.57389,False,20.82
11333,0.595072,False,21.58
11334,0.576514,False,20.91
11335,0.599251,False,21.74
11336,0.55722,False,20.21
11337,0.572774,False,20.78
11338,0.637858,False,23.14
11339,0.619995,False,22.49
11340,0.587019,False,21.29
11341,0.629458,False,22.83
11342,0.618799,False,22.45
11343,0.625103,False,22.67
11344,0.620096,False,22.49
11345,0.606587,False,22.0
11346,0.666747,False,24.18
11347,0.268085,False,9.72
11348,0.305566,False,11.08
11349,0.393701,False,14.28
11350,0.549557,False,19.93
11351,0.484737,False,17.58
11352,0.512934,False,18.61
11353,0.4588,False,16.64
11354,0.465928,False,16.9
11355,0.482208,False,17.49
11356,0.487769,False,17.69
11357,0.441723,False,16.02
11358,0.519418,False,18.84
11359,0.441568,False,16.02
11360,0.473559,False,17.18
11361,0.414095,False,15.02
11362,0.411602,False,14.93
11363,0.402584,False,14.6
11364,0.413822,False,15.01
11365,0.42071,False,15.26
11366,0.381561,False,13.84
11367,0.382132,False,13.86
11368,0.37221,False,13.5
11369,0.387153,False,14.04
11370,0.374965,False,13.6
11371,0.464562,False,16.85
11372,0.411085,False,14.91
11373,0.373969,False,13.56
11374,0.409393,False,14.85
11375,0.359066,False,13.02
11376,0.349987,False,12.7
11377,0.34965,False,12.68
11378,0.426773,False,15.48
11379,0.38777,False,14.07
11380,0.434202,False,15.75
11381,0.378806,False,13.74
11382,0.341253,False,12.38
11383,0.390501,False,14.16
11384,0.327222,False,11.87
11385,0.346537,False,12.57
11386,0.362452,False,13.15
11387,0.329095,False,11.94
11388,0.321721,False,11.67
11389,0.338556,False,12.28
11390,0.422311,False,15.32
11391,0.338539,False,12.28
11392,0.409853,False,14.87
11393,0.349059,False,12.66
11394,0.392866,False,14.25
11395,0.392002,False,14.22
11396,0.361914,False,13.13
11397,0.430887,False,15.63
11398,0.382694,False,13.88
11399,0.409162,False,14.84
11400,0.423331,False,15.36
11401,0.411875,False,14.94
11402,0.478787,False,17.37
11403,0.455319,False,16.52
11404,0.510392,False,18.51
11405,0.451647,False,16.38
11406,0.863071,False,31.31
11407,0.868017,False,31.49
11408,0.881521,False,31.98
11409,0.943615,True,34.23
11410,0.950684,True,34.48
11411,0.903693,False,32.78
11412,0.884302,False,32.08
11413,0.902818,False,32.75
11414,0.987498,True,35.82
11415,1.407104,True,51.04
11416,0.65062,False,23.6
11417,0.703127,False,25.5
11418,0.6594,False,23.92
11419,0.739439,False,26.82
11420,0.732955,False,26.59
11421,0.728749,False,26.43
11422,0.734591,False,26.65
11423,0.736507,False,26.72
11424,0.82337,False,29.87
11425,0.835943,False,30.32
11426,0.700144,False,25.4
11427,0.67755,False,24.58
11428,0.742963,False,26.95
11429,0.721078,False,26.16
11430,0.699986,False,25.39
11431,0.680268,False,24.68
11432,0.682854,False,24.77
11433,0.703163,False,25.51
11434,0.688756,False,24.98
11435,0.678302,False,24.6
11436,0.690331,False,25.04
11437,0.709049,False,25.72
11438,0.74148,False,26.9
11439,0.665394,False,24.14
11440,0.692324,False,25.11
11441,0.667601,False,24.22
11442,0.672685,False,24.4
11443,0.737327,False,26.74
11444,0.685545,False,24.87
11445,0.678261,False,24.6
11446,0.687124,False,24.92
11447,0.794349,False,28.81
11448,0.702334,False,25.48
11449,0.69535,False,25.22
11450,0.732011,False,26.55
11451,0.71667,False,26.0
11452,0.765706,False,27.77
11453,0.725735,False,26.32
11454,0.690001,False,25.03
11455,0.696418,False,25.26
11456,0.678069,False,24.6
11457,0.720277,False,26.13
11458,0.716711,False,26.0
11459,0.697327,False,25.29
11460,0.686908,False,24.92
11461,0.715001,False,25.94
11462,0.674578,False,24.47
11463,0.671995,False,24.38
11464,0.666456,False,24.17
11465,0.697369,False,25.3
11466,0.676984,False,24.56
11467,0.712394,False,25.84
11468,0.673445,False,24.43
11469,0.816354,False,29.61
11470,0.74401,False,26.99
11471,0.713784,False,25.89
11472,0.685486,False,24.86
11473,0.815121,False,29.57
11474,0.775174,False,28.12
11475,0.686772,False,24.91
11476,0.667801,False,24.22
11477,0.670745,False,24.33
11478,0.818485,False,29.69
11479,0.747123,False,27.1
11480,0.631614,False,22.91
11481,0.744588,False,27.01
11482,0.619517,False,22.47
11483,0.626387,False,22.72
11484,0.625726,False,22.7
11485,0.634493,False,23.01
11486,0.606498,False,22.0
11487,0.600398,False,21.78
11488,0.647716,False,23.49
11489,0.624228,False,22.64
11490,0.665487,False,24.14
11491,0.648182,False,23.51
11492,0.564142,False,20.46
11493,0.513453,False,18.62
11494,0.556916,False,20.2
11495,0.532389,False,19.31
11496,0.510852,False,18.53
11497,0.497376,False,18.04
11498,0.504788,False,18.31
11499,0.530203,False,19.23
11500,0.575548,False,20.88
11501,0.492223,False,17.85
11502,0.480891,False,17.44
11503,0.508662,False,18.45
11504,0.507244,False,18.4
11505,0.472426,False,17.14
11506,0.539029,False,19.55
11507,0.638481,False,23.16
11508,0.442175,False,16.04
11509,0.473156,False,17.16
11510,0.434986,False,15.78
11511,0.560508,False,20.33
11512,0.438386,False,15.9
11513,0.53881,False,19.54
11514,0.439066,False,15.93
11515,0.503014,False,18.25
11516,0.455937,False,16.54
11517,0.558568,False,20.26
11518,0.538924,False,19.55
11519,0.434923,False,15.78
11520,0.372399,False,13.51
11521,0.386744,False,14.03
11522,0.333347,False,12.09
11523,0.335417,False,12.17
11524,0.326136,False,11.83
11525,0.4222,False,15.31
11526,0.339822,False,12.33
11527,0.310997,False,11.28
11528,0.327114,False,11.87
11529,0.274871,False,9.97
11530,0.272316,False,9.88
11531,0.276412,False,10.03
11532,0.296522,False,10.76
11533,0.254053,False,9.22
11534,0.30377,False,11.02
11535,0.329945,False,11.97
11536,0.27974,False,10.15
11537,0.530246,False,19.23
11538,0.533214,False,19.34
11539,0.503669,False,18.27
11540,0.519357,False,18.84
11541,0.504023,False,18.28
11542,0.566661,False,20.55
11543,0.477545,False,17.32
11544,0.537023,False,19.48
11545,0.529136,False,19.19
11546,0.49456,False,17.94
11547,0.47642,False,17.28
11548,0.46184,False,16.75
11549,0.452379,False,16.41
11550,0.449633,False,16.31
11551,0.455402,False,16.52
11552,0.446106,False,16.18
11553,0.481483,False,17.46
11554,0.501557,False,18.19
11555,0.451735,False,16.39
11556,0.489082,False,17.74
11557,0.446304,False,16.19
11558,0.447468,False,16.23
11559,0.436213,False,15.82
11560,0.455584,False,16.53
11561,0.526444,False,19.1
11562,0.49945,False,18.12
11563,0.501972,False,18.21
11564,0.517614,False,18.78
11565,0.559502,False,20.29
11566,0.495767,False,17.98
11567,0.504711,False,18.31
11568,0.591054,False,21.44
11569,0.520586,False,18.88
11570,0.569083,False,20.64
11571,0.577501,False,20.95
11572,0.501147,False,18.18
11573,0.539279,False,19.56
11574,0.508315,False,18.44
11575,0.52689,False,19.11
11576,0.515915,False,18.71
11577,0.532258,False,19.31
11578,0.529407,False,19.2
11579,0.532477,False,19.31
11580,0.544899,False,19.77
11581,0.540137,False,19.59
11582,0.529205,False,19.2
11583,0.5285,False,19.17
11584,0.552997,False,20.06
11585,0.569899,False,20.67
11586,0.622723,False,22.59
11587,0.611736,False,22.19
11588,0.740055,False,26.84
11589,0.543727,False,19.72
11590,0.537355,False,19.49
11591,0.643043,False,23.33
11592,0.541519,False,19.64
11593,0.497389,False,18.04
11594,0.625188,False,22.68
11595,0.51474,False,18.67
11596,0.555379,False,20.15
11597,0.539535,False,19.57
11598,0.573496,False,20.8
11599,0.71004,False,25.76
11600,0.514762,False,18.67
11601,0.567424,False,20.58
11602,0.533559,False,19.35
11603,0.595798,False,21.61
11604,0.573878,False,20.82
11605,0.54961,False,19.94
11606,0.724667,False,26.29
11607,0.567198,False,20.57
11608,0.735422,False,26.68
11609,0.607743,False,22.04
11610,0.601931,False,21.83
11611,0.643814,False,23.35
11612,0.588766,False,21.36
11613,0.59502,False,21.58
11614,0.74734,False,27.11
11615,0.630718,False,22.88
11616,0.628932,False,22.81
11617,0.630501,False,22.87
11618,0.638915,False,23.18
11619,0.715314,False,25.95
11620,0.670661,False,24.33
11621,0.819112,False,29.71
11622,0.707706,False,25.67
11623,0.708463,False,25.7
11624,0.75309,False,27.32
11625,0.833421,False,30.23
11626,0.883959,False,32.06
11627,0.886687,False,32.16
11628,0.961109,True,34.86
11629,0.723224,False,26.23
11630,0.701054,False,25.43
11631,0.696654,False,25.27
11632,0.73873,False,26.8
11633,0.723208,False,26.23
11634,0.663973,False,24.08
11635,0.66917,False,24.27
11636,0.681365,False,24.72
11637,0.664939,False,24.12
11638,0.657163,False,23.84
11639,0.651515,False,23.63
11640,0.652244,False,23.66
11641,0.619136,False,22.46
11642,0.70796,False,25.68
11643,0.702506,False,25.48
11644,0.624215,False,22.64
11645,0.611764,False,22.19
11646,0.653956,False,23.72
11647,0.649469,False,23.56
11648,0.607486,False,22.04
11649,0.598355,False,21.7
11650,0.603495,False,21.89
11651,0.596481,False,21.64
11652,0.593329,False,21.52
11653,0.603684,False,21.9
11654,0.612648,False,22.22
11655,0.544888,False,19.76
11656,0.637025,False,23.11
11657,0.559023,False,20.28
11658,0.588108,False,21.33
11659,0.626644,False,22.73
11660,0.544153,False,19.74
11661,0.636802,False,23.1
11662,0.632579,False,22.95
11663,0.675055,False,24.49
11664,0.584933,False,21.22
11665,0.599082,False,21.73
11666,0.624757,False,22.66
11667,0.623219,False,22.61
11668,0.608498,False,22.07
11669,0.620758,False,22.52
11670,0.647477,False,23.49
11671,0.541198,False,19.63
11672,0.600052,False,21.77
11673,0.551976,False,20.02
11674,0.580986,False,21.07
11675,0.575042,False,20.86
11676,0.662045,False,24.01
11677,0.595923,False,21.62
11678,0.569693,False,20.66
11679,0.583316,False,21.16
11680,0.622717,False,22.59
11681,0.561965,False,20.38
11682,0.605285,False,21.96
11683,0.589355,False,21.38
11684,0.666477,False,24.18
11685,0.592989,False,21.51
11686,0.757342,False,27.47
11687,0.733234,False,26.6
11688,0.702504,False,25.48
11689,0.735587,False,26.68
11690,0.729127,False,26.45
11691,0.715987,False,25.97
11692,0.75668,False,27.45
11693,0.70143,False,25.44
11694,0.732302,False,26.56
11695,0.717469,False,26.02
11696,0.706077,False,25.61
11697,0.799975,False,29.02
11698,0.623518,False,22.62
11699,0.641955,False,23.29
11700,0.61303,False,22.24
11701,0.685282,False,24.86
11702,0.625906,False,22.7
11703,0.60803,False,22.05
11704,0.563332,False,20.43
11705,0.555692,False,20.16
11706,0.546129,False,19.81
11707,0.554904,False,20.13
11708,0.540475,False,19.6
11709,0.565086,False,20.5
11710,0.517611,False,18.78
11711,0.509362,False,18.48
11712,0.506673,False,18.38
11713,0.496649,False,18.01
11714,0.495403,False,17.97
11715,0.50405,False,18.28
11716,0.511208,False,18.54
11717,0.587393,False,21.31
11718,0.486802,False,17.66
11719,0.476864,False,17.3
11720,0.470126,False,17.05
11721,0.483672,False,17.54
11722,0.511171,False,18.54
11723,0.467811,False,16.97
11724,0.467496,False,16.96
11725,0.47145,False,17.1
11726,0.469491,False,17.03
11727,0.457228,False,16.58
11728,0.480416,False,17.43
11729,0.523934,False,19.0
11730,0.487087,False,17.67
11731,0.4817,False,17.47
11732,0.517185,False,18.76
11733,0.490744,False,17.8
11734,0.511572,False,18.56
11735,0.478407,False,17.35
11736,0.53075,False,19.25
11737,0.536772,False,19.47
11738,0.480965,False,17.45
11739,0.597935,False,21.69
11740,0.511583,False,18.56
11741,0.503197,False,18.25
11742,0.519273,False,18.84
11743,0.523817,False,19.0
11744,0.500059,False,18.14
11745,0.494885,False,17.95
11746,0.517646,False,18.78
11747,0.38526,False,13.97
11748,0.465075,False,16.87
11749,0.519281,False,18.84
11750,0.569262,False,20.65
11751,0.634271,False,23.01
11752,0.506458,False,18.37
11753,0.492765,False,17.87
11754,0.455465,False,16.52
11755,0.490904,False,17.81
11756,0.557284,False,20.21
11757,0.434438,False,15.76
11758,0.516539,False,18.74
11759,0.41591,False,15.09
11760,0.428738,False,15.55
11761,0.416612,False,15.11
11762,0.437918,False,15.88
11763,0.393001,False,14.26
11764,0.391955,False,14.22
11765,0.413705,False,15.01
11766,0.385546,False,13.98
11767,0.410928,False,14.91
11768,0.411519,False,14.93
11769,0.403873,False,14.65
11770,0.381127,False,13.82
11771,0.374115,False,13.57
11772,0.489869,False,17.77
11773,0.382593,False,13.88
11774,0.397922,False,14.43
11775,0.448633,False,16.27
11776,0.389507,False,14.13
11777,0.393653,False,14.28
11778,0.371299,False,13.47
11779,0.388981,False,14.11
11780,0.40818,False,14.81
11781,0.383666,False,13.92
11782,0.400808,False,14.54
11783,0.498809,False,18.09
11784,0.408434,False,14.82
11785,0.410157,False,14.88
11786,0.415919,False,15.09
11787,0.471973,False,17.12
11788,0.438654,False,15.91
11789,0.425371,False,15.43
11790,0.467443,False,16.96
11791,0.444388,False,16.12
11792,0.453265,False,16.44
11793,0.47312,False,17.16
11794,0.468724,False,17.0
11795,0.484435,False,17.57
11796,0.475743,False,17.26
11797,0.525747,False,19.07
11798,0.506848,False,18.38
11799,0.503683,False,18.27
11800,0.568632,False,20.63
11801,0.542182,False,19.67
11802,0.564339,False,20.47
11803,0.585763,False,21.25
11804,0.557734,False,20.23
11805,0.560571,False,20.33
11806,0.568817,False,20.63
11807,0.639891,False,23.21
11808,0.698543,False,25.34
11809,0.573307,False,20.8
11810,0.577562,False,20.95
11811,0.503872,False,18.28
11812,0.504832,False,18.31
11813,0.496187,False,18.0
11814,0.519982,False,18.86
11815,0.518151,False,18.79
11816,0.533623,False,19.36
11817,0.501029,False,18.17
11818,0.494711,False,17.94
11819,0.488917,False,17.73
11820,0.51242,False,18.59
11821,0.506264,False,18.36
11822,0.493898,False,17.92
11823,0.568976,False,20.64
11824,0.503812,False,18.27
11825,0.571858,False,20.74
11826,0.509616,False,18.49
11827,0.541155,False,19.63
11828,0.65261,False,23.67
11829,0.774407,False,28.09
11830,0.77511,False,28.12
11831,0.671681,False,24.36
11832,0.708613,False,25.7
11833,0.667303,False,24.2
11834,0.669515,False,24.29
11835,0.673375,False,24.43
11836,0.643097,False,23.33
11837,0.638966,False,23.18
11838,0.634695,False,23.02
11839,0.624394,False,22.65
11840,0.639653,False,23.2
11841,0.666185,False,24.16
11842,0.64695,False,23.47
11843,0.622885,False,22.59
11844,0.626077,False,22.71
11845,0.619697,False,22.48
11846,1.029715,True,37.35
11847,0.805659,False,29.22
11848,0.835015,False,30.29
11849,0.767699,False,27.85
11850,0.803695,False,29.15
11851,0.734474,False,26.64
11852,0.74758,False,27.12
11853,0.764441,False,27.73
11854,0.720877,False,26.15
11855,0.827689,False,30.02
11856,0.803724,False,29.15
11857,0.838011,False,30.4
11858,0.789831,False,28.65
11859,0.826689,False,29.99
11860,0.734412,False,26.64
11861,0.731921,False,26.55
11862,0.771268,False,27.98
11863,0.756921,False,27.46
11864,0.745061,False,27.03
11865,0.746831,False,27.09
11866,0.800273,False,29.03
11867,0.756527,False,27.44
11868,0.783695,False,28.43
11869,0.784566,False,28.46
11870,0.798302,False,28.96
11871,0.788067,False,28.59
11872,0.857372,False,31.1
11873,0.776057,False,28.15
11874,0.782753,False,28.39
11875,0.790676,False,28.68
11876,0.802773,False,29.12
11877,0.798226,False,28.95
11878,0.807696,False,29.3
11879,0.81371,False,29.52
11880,0.820166,False,29.75
11881,0.834476,False,30.27
11882,0.761974,False,27.64
11883,0.764069,False,27.71
11884,0.766961,False,27.82
11885,0.791279,False,28.7
11886,0.796553,False,28.89
11887,0.67074,False,24.33
11888,0.685347,False,24.86
11889,0.670668,False,24.33
11890,0.680541,False,24.69
11891,0.653961,False,23.72
11892,0.648873,False,23.54
11893,0.66385,False,24.08
11894,0.649296,False,23.55
11895,0.637663,False,23.13
11896,0.633656,False,22.98
11897,0.643022,False,23.32
11898,0.627648,False,22.77
11899,0.642142,False,23.29
11900,0.64756,False,23.49
11901,0.628003,False,22.78
11902,0.658087,False,23.87
11903,0.65473,False,23.75
11904,0.600981,False,21.8
11905,0.600958,False,21.8
11906,0.597359,False,21.67
11907,0.641992,False,23.29
11908,0.604026,False,21.91
11909,0.622103,False,22.57
11910,0.584198,False,21.19
11911,0.612145,False,22.2
11912,0.596035,False,21.62
11913,0.587875,False,21.32
11914,0.588865,False,21.36
11915,0.614573,False,22.29
11916,0.574477,False,20.84
11917,0.56842,False,20.62
11918,0.57617,False,20.9
11919,0.660125,False,23.94
11920,0.592282,False,21.48
11921,0.558175,False,20.25
11922,0.576963,False,20.93
11923,0.583544,False,21.17
11924,0.580342,False,21.05
11925,0.57476,False,20.85
11926,0.649776,False,23.57
11927,0.557302,False,20.21
11928,0.564838,False,20.49
11929,0.540164,False,19.59
11930,0.665273,False,24.13
11931,0.60727,False,22.03
11932,0.638486,False,23.16
11933,0.539866,False,19.58
11934,0.650201,False,23.58
11935,0.554235,False,20.1
11936,0.544576,False,19.75
11937,0.538788,False,19.54
11938,0.579716,False,21.03
11939,0.53695,False,19.48
11940,0.583519,False,21.17
11941,0.538392,False,19.53
11942,0.547617,False,19.86
11943,0.543292,False,19.71
11944,0.556947,False,20.2
11945,0.607211,False,22.03
11946,0.550539,False,19.97
11947,0.557463,False,20.22
11948,0.549502,False,19.93
11949,0.548613,False,19.9
11950,0.572419,False,20.76
11951,0.573359,False,20.8
11952,0.55911,False,20.28
11953,0.561822,False,20.38
11954,0.572294,False,20.76
11955,0.627287,False,22.75
11956,1.370262,True,49.7
11957,0.88252,False,32.01
11958,0.886944,False,32.17
11959,0.8817,False,31.98
11960,1.032492,True,37.45
11961,0.985786,True,35.76
11962,1.003493,True,36.4
11963,1.081637,True,39.23
11964,1.497528,True,54.32
11965,0.802818,False,29.12
11966,0.850962,False,30.87
11967,0.88474,False,32.09
11968,0.711547,False,25.81
11969,0.653689,False,23.71
11970,0.659907,False,23.94
11971,0.648813,False,23.53
11972,0.657651,False,23.85
11973,0.655872,False,23.79
11974,0.64535,False,23.41
11975,0.655043,False,23.76
11976,0.683498,False,24.79
11977,0.741621,False,26.9
11978,0.620673,False,22.51
11979,0.617933,False,22.41
11980,0.617549,False,22.4
11981,0.62657,False,22.73
11982,0.654945,False,23.76
11983,0.685817,False,24.88
11984,0.681773,False,24.73
11985,0.620995,False,22.53
11986,0.609728,False,22.12
11987,0.604589,False,21.93
11988,0.61565,False,22.33
11989,0.593042,False,21.51
11990,0.635253,False,23.04
11991,0.669406,False,24.28
11992,0.580617,False,21.06
11993,0.591424,False,21.45
11994,0.580065,False,21.04
11995,0.64232,False,23.3
11996,0.581833,False,21.1
11997,0.573015,False,20.78
11998,0.589342,False,21.38
11999,0.585151,False,21.23
12000,0.588476,False,21.35
12001,0.604662,False,21.93
12002,0.580224,False,21.05
12003,0.277466,False,10.06
12004,0.293165,False,10.63
12005,0.315199,False,11.43
12006,0.404957,False,14.69
12007,0.395302,False,14.34
12008,0.452368,False,16.41
12009,0.443593,False,16.09
12010,0.522099,False,18.94
12011,0.483773,False,17.55
12012,0.4424,False,16.05
12013,0.53751,False,19.5
12014,0.527456,False,19.13
12015,0.508551,False,18.45
12016,0.51624,False,18.73
12017,0.556343,False,20.18
12018,0.565832,False,20.52
12019,0.520056,False,18.86
12020,0.452232,False,16.4
12021,0.546159,False,19.81
12022,0.479386,False,17.39
12023,0.429771,False,15.59
12024,0.478621,False,17.36
12025,0.420422,False,15.25
12026,0.502776,False,18.24
12027,0.387661,False,14.06
12028,0.397555,False,14.42
12029,0.417823,False,15.16
12030,0.377582,False,13.7
12031,0.384047,False,13.93
12032,0.365192,False,13.25
12033,0.359887,False,13.05
12034,0.4659,False,16.9
12035,0.3637,False,13.19
12036,0.442862,False,16.06
12037,0.440742,False,15.99
12038,0.376791,False,13.67
12039,0.402863,False,14.61
12040,0.372731,False,13.52
12041,0.481392,False,17.46
12042,0.366231,False,13.28
12043,0.366455,False,13.29
12044,0.419735,False,15.22
12045,0.451129,False,16.36
12046,0.37066,False,13.44
12047,0.361098,False,13.1
12048,0.488093,False,17.7
12049,0.397232,False,14.41
12050,0.468652,False,17.0
12051,0.35834,False,13.0
12052,0.402962,False,14.62
12053,0.406731,False,14.75
12054,0.360018,False,13.06
12055,0.408392,False,14.81
12056,0.379169,False,13.75
12057,0.366487,False,13.29
12058,0.464213,False,16.84
12059,0.36922,False,13.39
12060,0.407998,False,14.8
12061,0.349032,False,12.66
12062,0.345323,False,12.53
12063,0.459579,False,16.67
12064,0.463002,False,16.79
12065,0.458469,False,16.63
12066,0.468406,False,16.99
12067,0.451824,False,16.39
12068,0.438138,False,15.89
12069,0.412601,False,14.97
12070,0.406956,False,14.76
12071,0.423555,False,15.36
12072,0.435336,False,15.79
12073,0.37915,False,13.75
12074,1.130479,True,41.01
12075,0.466961,False,16.94
12076,0.407996,False,14.8
12077,0.356623,False,12.94
12078,0.348856,False,12.65
12079,0.409165,False,14.84
12080,0.335979,False,12.19
12081,0.348035,False,12.62
12082,0.347555,False,12.61
12083,0.339543,False,12.32
12084,0.332233,False,12.05
12085,0.332677,False,12.07
12086,0.353163,False,12.81
12087,0.34362,False,12.46
12088,0.357711,False,12.98
12089,0.37414,False,13.57
12090,0.369376,False,13.4
12091,0.363519,False,13.19
12092,0.416953,False,15.12
12093,0.404084,False,14.66
12094,0.392662,False,14.24
12095,0.483464,False,17.54
12096,0.430442,False,15.61
12097,0.448673,False,16.27
12098,0.447276,False,16.22
12099,0.46503,False,16.87
12100,0.465085,False,16.87
12101,0.502792,False,18.24
12102,0.489964,False,17.77
12103,0.470092,False,17.05
12104,0.465763,False,16.89
12105,0.493425,False,17.9
12106,0.479031,False,17.38
12107,0.516898,False,18.75
12108,0.564139,False,20.46
12109,0.485769,False,17.62
12110,0.514786,False,18.67
12111,0.508426,False,18.44
12112,0.495206,False,17.96
12113,0.541352,False,19.64
12114,0.612129,False,22.2
12115,0.497437,False,18.04
12116,1.224077,True,44.4
12117,0.668354,False,24.24
12118,0.703693,False,25.52
12119,0.777674,False,28.21
12120,0.715242,False,25.94
12121,0.643883,False,23.36
12122,0.742062,False,26.92
12123,0.663701,False,24.07
12124,0.625481,False,22.69
12125,0.601037,False,21.8
12126,0.65069,False,23.6
12127,0.630831,False,22.88
12128,0.638203,False,23.15
12129,0.540329,False,19.6
12130,0.574994,False,20.86
12131,0.528967,False,19.19
12132,0.597835,False,21.69
12133,0.518974,False,18.82
12134,0.535413,False,19.42
12135,0.475207,False,17.24
12136,0.492638,False,17.87
12137,0.541181,False,19.63
12138,0.475217,False,17.24
12139,0.506642,False,18.38
12140,0.578186,False,20.97
12141,0.498729,False,18.09
12142,0.507809,False,18.42
12143,0.603252,False,21.88
12144,0.564583,False,20.48
12145,0.536561,False,19.46
12146,0.482414,False,17.5
12147,0.453835,False,16.46
12148,0.538558,False,19.54
12149,0.446402,False,16.19
12150,0.47771,False,17.33
12151,0.456864,False,16.57
12152,0.483759,False,17.55
12153,0.475973,False,17.26
12154,0.449324,False,16.3
12155,0.456078,False,16.54
12156,0.480537,False,17.43
12157,0.509604,False,18.48
12158,0.456713,False,16.57
12159,0.522985,False,18.97
12160,0.470833,False,17.08
12161,0.53458,False,19.39
12162,0.535173,False,19.41
12163,0.483932,False,17.55
12164,0.482498,False,17.5
12165,0.517847,False,18.78
12166,0.502171,False,18.22
12167,0.496494,False,18.01
12168,0.49474,False,17.95
12169,0.533859,False,19.36
12170,0.520052,False,18.86
12171,0.586932,False,21.29
12172,0.556037,False,20.17
12173,0.563789,False,20.45
12174,0.539038,False,19.55
12175,0.578295,False,20.98
12176,0.546372,False,19.82
12177,0.593052,False,21.51
12178,0.633918,False,22.99
12179,0.686168,False,24.89
12180,0.696441,False,25.26
12181,0.756367,False,27.44
12182,0.683558,False,24.79
12183,0.684676,False,24.84
12184,0.731988,False,26.55
12185,0.757187,False,27.47
12186,1.016859,True,36.88
12187,1.007979,True,36.56
12188,1.130833,True,41.02
12189,1.090999,True,39.57
12190,1.141848,True,41.42
12191,1.599386,True,58.01
12192,0.858843,False,31.15
12193,0.897425,False,32.55
12194,0.867071,False,31.45
12195,0.956908,True,34.71
12196,0.935416,False,33.93
12197,0.9477,True,34.38
12198,0.901265,False,32.69
12199,1.050922,True,38.12
12200,1.046253,True,37.95
12201,1.060115,True,38.45
12202,1.042004,True,37.8
12203,1.072179,True,38.89
12204,1.030145,True,37.37
12205,1.031538,True,37.42
12206,1.039787,True,37.72
12207,1.020614,True,37.02
12208,1.026978,True,37.25
12209,1.00461,True,36.44
12210,1.028067,True,37.29
12211,1.013051,True,36.75
12212,1.014789,True,36.81
12213,1.006551,True,36.51
12214,0.999881,True,36.27
12215,1.039107,True,37.69
12216,0.98206,True,35.62
12217,1.005166,True,36.46
12218,0.986298,True,35.78
12219,0.97454,True,35.35
12220,0.989091,True,35.88
12221,0.971573,True,35.24
12222,0.984935,True,35.73
12223,0.971214,True,35.23
12224,0.968869,True,35.14
12225,0.976272,True,35.41
12226,0.978262,True,35.48
12227,1.014791,True,36.81
12228,0.973715,True,35.32
12229,0.960037,True,34.82
12230,0.960395,True,34.84
12231,0.965083,True,35.01
12232,0.962525,True,34.91
12233,1.003027,True,36.38
12234,0.968483,True,35.13
12235,0.969183,True,35.16
12236,0.981651,True,35.61
12237,0.971754,True,35.25
12238,0.978354,True,35.49
12239,0.981087,True,35.59
12240,1.007085,True,36.53
12241,0.98353,True,35.68
12242,0.985974,True,35.76
12243,0.998977,True,36.24
12244,0.986113,True,35.77
12245,0.996999,True,36.16
12246,0.991292,True,35.96
12247,1.002021,True,36.35
12248,1.008417,True,36.58
12249,0.335333,False,12.16
12250,0.342194,False,12.41
12251,0.377779,False,13.7
12252,0.438008,False,15.89
12253,0.436729,False,15.84
12254,0.356403,False,12.93
12255,0.340482,False,12.35
12256,0.357412,False,12.96
12257,0.320974,False,11.64
12258,0.310396,False,11.26
12259,0.299816,False,10.88
12260,0.314154,False,11.4
12261,0.284349,False,10.31
12262,0.374274,False,13.58
12263,0.265691,False,9.64
12264,0.321833,False,11.67
12265,0.250647,False,9.09
12266,0.376438,False,13.65
12267,0.241425,False,8.76
12268,0.246989,False,8.96
12269,0.234674,False,8.51
12270,0.216934,False,7.87
12271,0.238473,False,8.65
12272,0.268999,False,9.76
12273,0.232393,False,8.43
12274,0.204271,False,7.41
12275,0.26073,False,9.46
12276,0.305764,False,11.09
12277,0.206666,False,7.5
12278,0.279861,False,10.15
12279,0.204941,False,7.43
12280,0.205176,False,7.44
12281,0.399467,False,14.49
12282,0.302157,False,10.96
12283,0.246412,False,8.94
12284,0.247729,False,8.99
12285,0.22562,False,8.18
12286,0.264406,False,9.59
12287,0.258447,False,9.37
12288,0.287806,False,10.44
12289,0.356477,False,12.93
12290,0.236223,False,8.57
12291,0.312745,False,11.34
12292,0.453924,False,16.47
12293,0.256551,False,9.31
12294,0.293436,False,10.64
12295,0.262642,False,9.53
12296,0.365397,False,13.25
12297,0.266255,False,9.66
12298,0.429215,False,15.57
12299,0.324589,False,11.77
12300,0.338651,False,12.28
12301,0.358521,False,13.0
12302,0.335295,False,12.16
12303,0.368633,False,13.37
12304,0.359377,False,13.04
12305,0.312046,False,11.32
12306,0.334214,False,12.12
12307,1.366692,True,49.57
12308,0.599582,False,21.75
12309,0.599243,False,21.74
12310,0.594855,False,21.58
12311,0.592265,False,21.48
12312,0.604298,False,21.92
12313,0.59798,False,21.69
12314,0.601671,False,21.82
12315,0.61618,False,22.35
12316,0.600074,False,21.77
12317,0.615171,False,22.31
12318,0.630332,False,22.86
12319,0.619332,False,22.46
12320,0.650577,False,23.6
12321,0.625302,False,22.68
12322,0.664822,False,24.11
12323,0.672301,False,24.39
12324,0.82138,False,29.79
12325,0.824312,False,29.9
12326,1.044909,True,37.9
12327,0.92713,False,33.63
12328,0.893725,False,32.42
12329,0.875358,False,31.75
12330,0.852129,False,30.91
12331,0.857126,False,31.09
12332,0.853796,False,30.97
12333,0.847345,False,30.74
12334,0.789896,False,28.65
12335,0.791544,False,28.71
12336,0.795896,False,28.87
12337,0.793883,False,28.8
12338,0.80903,False,29.35
12339,0.774421,False,28.09
12340,0.772032,False,28.0
12341,0.782483,False,28.38
12342,0.739914,False,26.84
12343,0.713577,False,25.88
12344,0.744126,False,26.99
12345,0.739327,False,26.82
12346,0.706474,False,25.63
12347,0.69994,False,25.39
12348,0.682329,False,24.75
12349,0.668463,False,24.25
12350,0.666536,False,24.18
12351,0.666195,False,24.16
12352,0.718436,False,26.06
12353,0.660378,False,23.95
12354,0.710247,False,25.76
12355,0.676661,False,24.54
12356,0.722546,False,26.21
12357,0.637691,False,23.13
12358,0.661291,False,23.99
12359,0.67332,False,24.42
12360,0.635892,False,23.07
12361,0.69208,False,25.1
12362,0.626393,False,22.72
12363,0.696842,False,25.28
12364,0.672708,False,24.4
12365,0.643377,False,23.34
12366,0.631939,False,22.92
12367,0.666362,False,24.17
12368,0.63376,False,22.99
12369,0.680025,False,24.67
12370,0.65634,False,23.81
12371,0.723764,False,26.25
12372,0.708746,False,25.71
12373,0.656324,False,23.81
12374,0.718789,False,26.07
12375,0.695195,False,25.22
12376,0.669234,False,24.28
12377,0.700505,False,25.41
12378,0.723495,False,26.24
12379,0.750291,False,27.22
12380,1.645025,True,59.67
12381,0.379637,False,13.77
12382,0.27204,False,9.87
12383,0.259829,False,9.42
12384,0.365207,False,13.25
12385,0.43471,False,15.77
12386,0.531488,False,19.28
12387,0.548875,False,19.91
12388,0.495243,False,17.96
12389,0.477037,False,17.3
12390,0.518593,False,18.81
12391,0.433932,False,15.74
12392,0.432283,False,15.68
12393,0.420802,False,15.26
12394,0.403213,False,14.63
12395,0.417444,False,15.14
12396,0.397656,False,14.42
12397,0.38935,False,14.12
12398,0.392576,False,14.24
12399,0.380664,False,13.81
12400,0.384059,False,13.93
12401,0.36662,False,13.3
12402,0.363824,False,13.2
12403,0.363204,False,13.17
12404,0.411265,False,14.92
12405,0.360919,False,13.09
12406,0.376143,False,13.64
12407,0.345964,False,12.55
12408,0.366133,False,13.28
12409,0.347912,False,12.62
12410,0.343983,False,12.48
12411,0.364686,False,13.23
12412,0.338952,False,12.29
12413,0.357961,False,12.98
12414,0.35149,False,12.75
12415,0.528938,False,19.19
12416,0.360372,False,13.07
12417,0.356171,False,12.92
12418,0.469169,False,17.02
12419,0.33946,False,12.31
12420,0.341008,False,12.37
12421,0.421624,False,15.29
12422,0.423362,False,15.36
12423,0.367877,False,13.34
12424,0.349154,False,12.66
12425,0.352428,False,12.78
12426,0.356421,False,12.93
12427,0.358212,False,12.99
12428,0.360223,False,13.07
12429,0.350878,False,12.73
12430,0.381356,False,13.83
12431,0.334896,False,12.15
12432,0.378408,False,13.73
12433,0.363095,False,13.17
12434,0.411918,False,14.94
12435,0.409541,False,14.86
12436,0.492728,False,17.87
12437,0.513722,False,18.63
12438,0.510476,False,18.52
12439,0.350999,False,12.73
12440,0.315229,False,11.43
12441,0.385235,False,13.97
12442,0.392177,False,14.23
12443,0.310846,False,11.28
12444,0.26879,False,9.75
12445,0.262587,False,9.52
12446,0.378004,False,13.71
12447,0.320964,False,11.64
12448,0.268871,False,9.75
12449,0.254229,False,9.22
12450,0.234971,False,8.52
12451,0.246817,False,8.95
12452,0.250987,False,9.1
12453,0.247362,False,8.97
12454,0.269973,False,9.79
12455,0.267954,False,9.72
12456,0.224089,False,8.13
12457,0.284766,False,10.33
12458,0.237787,False,8.63
12459,0.239365,False,8.68
12460,0.234076,False,8.49
12461,0.223281,False,8.1
12462,0.267836,False,9.72
12463,0.251131,False,9.11
12464,0.364308,False,13.21
12465,0.245559,False,8.91
12466,0.256687,False,9.31
12467,0.383814,False,13.92
12468,0.275526,False,9.99
12469,0.295952,False,10.74
12470,0.309419,False,11.22
12471,0.308364,False,11.19
12472,0.340098,False,12.34
12473,0.318167,False,11.54
12474,0.33156,False,12.03
12475,0.315807,False,11.46
12476,0.387232,False,14.05
12477,0.339103,False,12.3
12478,0.367267,False,13.32
12479,0.323443,False,11.73
12480,0.320924,False,11.64
12481,0.300282,False,10.89
12482,0.309948,False,11.24
12483,0.385286,False,13.98
12484,0.421518,False,15.29
12485,0.373157,False,13.54
12486,0.366591,False,13.3
12487,0.381147,False,13.83
12488,0.383767,False,13.92
12489,0.361148,False,13.1
12490,0.435353,False,15.79
12491,0.39128,False,14.19
12492,0.346828,False,12.58
12493,0.354541,False,12.86
12494,0.423951,False,15.38
12495,0.409626,False,14.86
12496,0.696708,False,25.27
12497,0.597974,False,21.69
12498,0.690454,False,25.04
12499,0.623037,False,22.6
12500,0.630345,False,22.86
12501,0.556078,False,20.17
12502,0.609454,False,22.11
12503,0.723596,False,26.25
12504,0.717992,False,26.04
12505,0.721821,False,26.18
12506,0.815317,False,29.57
12507,0.80255,False,29.11
12508,0.768966,False,27.89
12509,0.773517,False,28.06
12510,0.789325,False,28.63
12511,0.746691,False,27.08
12512,0.741617,False,26.9
12513,0.766648,False,27.81
12514,0.726877,False,26.37
12515,0.712888,False,25.86
12516,0.708856,False,25.71
12517,0.692089,False,25.1
12518,0.700467,False,25.41
12519,0.680805,False,24.69
12520,0.666313,False,24.17
12521,0.666586,False,24.18
12522,0.756137,False,27.43
12523,0.648632,False,23.53
12524,0.642241,False,23.3
12525,0.643778,False,23.35
12526,0.733384,False,26.6
12527,0.645056,False,23.4
12528,0.630626,False,22.87
12529,0.639733,False,23.2
12530,0.625351,False,22.68
12531,0.624558,False,22.65
12532,0.639571,False,23.2
12533,0.721728,False,26.18
12534,0.621355,False,22.54
12535,0.898088,False,32.58
12536,0.917479,False,33.28
12537,1.074855,True,38.99
12538,0.94141,True,34.15
12539,0.911255,False,33.05
12540,0.993785,True,36.05
12541,0.997401,True,36.18
12542,0.927815,False,33.65
12543,0.957433,True,34.73
12544,0.905433,False,32.84
12545,0.89686,False,32.53
12546,0.951952,True,34.53
12547,0.974088,True,35.33
12548,0.835701,False,30.31
12549,0.850058,False,30.83
12550,0.942287,True,34.18
12551,0.930885,False,33.77
12552,0.810414,False,29.4
12553,0.918427,False,33.31
12554,0.890339,False,32.3
12555,0.943657,True,34.23
12556,0.837076,False,30.36
12557,0.883609,False,32.05
12558,0.909131,False,32.98
12559,0.815954,False,29.6
12560,0.986929,True,35.8
12561,0.863714,False,31.33
12562,0.874839,False,31.73
12563,0.906453,False,32.88
12564,0.813781,False,29.52
12565,0.923929,False,33.51
12566,0.849214,False,30.8
12567,0.866027,False,31.41
12568,0.832832,False,30.21
12569,0.910359,False,33.02
12570,0.856214,False,31.06
12571,0.861671,False,31.26
12572,0.805798,False,29.23
12573,0.884717,False,32.09
12574,0.871362,False,31.61
12575,0.893113,False,32.4
12576,0.923752,False,33.51
12577,0.788754,False,28.61
12578,0.816416,False,29.61
12579,0.922655,False,33.47
12580,0.837878,False,30.39
12581,0.911158,False,33.05
12582,0.813915,False,29.52
12583,0.873941,False,31.7
12584,0.82406,False,29.89
12585,0.814315,False,29.54
12586,0.808205,False,29.32
12587,0.849033,False,30.8
12588,0.830975,False,30.14
12589,0.90914,False,32.98
12590,0.711553,False,25.81
12591,0.71212,False,25.83
12592,0.729243,False,26.45
12593,0.606806,False,22.01
12594,0.630958,False,22.89
12595,0.593859,False,21.54
12596,0.579183,False,21.01
12597,0.565518,False,20.51
12598,0.535908,False,19.44
12599,0.54221,False,19.67
12600,0.540266,False,19.6
12601,0.515418,False,18.7
12602,0.532948,False,19.33
12603,0.544996,False,19.77
12604,0.547267,False,19.85
12605,0.514008,False,18.64
12606,0.502084,False,18.21
12607,0.503012,False,18.25
12608,0.56758,False,20.59
12609,0.511433,False,18.55
12610,0.532377,False,19.31
12611,0.539399,False,19.57
12612,0.526095,False,19.08
12613,0.547964,False,19.88
12614,0.64281,False,23.32
12615,0.535449,False,19.42
12616,0.531349,False,19.27
12617,0.557182,False,20.21
12618,0.551286,False,20.0
12619,0.536447,False,19.46
12620,1.04504,True,37.91
12621,1.015083,True,36.82
12622,1.080853,True,39.21
12623,0.749377,False,27.18
12624,0.780993,False,28.33
12625,0.826627,False,29.98
12626,0.76395,False,27.71
12627,0.729467,False,26.46
12628,0.739065,False,26.81
12629,0.752235,False,27.29
12630,0.725742,False,26.32
12631,0.738124,False,26.77
12632,0.752798,False,27.31
12633,0.718586,False,26.07
12634,0.71429,False,25.91
12635,0.677873,False,24.59
12636,0.70174,False,25.45
12637,0.673988,False,24.45
12638,0.672443,False,24.39
12639,0.720183,False,26.12
12640,0.732069,False,26.55
12641,0.708026,False,25.68
12642,0.692419,False,25.12
12643,0.730468,False,26.5
12644,0.678519,False,24.61
12645,0.685887,False,24.88
12646,0.635477,False,23.05
12647,0.683333,False,24.79
12648,0.658559,False,23.89
12649,0.660941,False,23.97
12650,0.685313,False,24.86
12651,0.770869,False,27.96
12652,0.684168,False,24.82
12653,0.692049,False,25.1
12654,0.641088,False,23.25
12655,0.646931,False,23.47
12656,0.760867,False,27.6
12657,0.651176,False,23.62
12658,0.63749,False,23.12
12659,0.642627,False,23.31
12660,0.706537,False,25.63
12661,0.655914,False,23.79
12662,0.645892,False,23.43
12663,0.665268,False,24.13
12664,0.715987,False,25.97
12665,0.681638,False,24.72
12666,0.775573,False,28.13
12667,0.679548,False,24.65
12668,0.684166,False,24.82
12669,0.706722,False,25.63
12670,0.707455,False,25.66
12671,0.707191,False,25.65
12672,0.717355,False,26.02
12673,0.778378,False,28.23
12674,0.793064,False,28.77
12675,0.753686,False,27.34
12676,0.722222,False,26.2
12677,0.740167,False,26.85
12678,0.720399,False,26.13
12679,0.83888,False,30.43
12680,0.781622,False,28.35
12681,0.79082,False,28.69
12682,0.878306,False,31.86
12683,0.85783,False,31.12
12684,0.853871,False,30.97
12685,0.853966,False,30.98
12686,0.705946,False,25.61
12687,0.610498,False,22.14
12688,0.581331,False,21.09
12689,0.509561,False,18.48
12690,0.476655,False,17.29
12691,0.505026,False,18.32
12692,0.484182,False,17.56
12693,0.592179,False,21.48
12694,0.48837,False,17.71
12695,0.488161,False,17.71
12696,0.544993,False,19.77
12697,0.492838,False,17.88
12698,0.536111,False,19.45
12699,0.595511,False,21.6
12700,0.639603,False,23.2
12701,0.629773,False,22.84
12702,0.45615,False,16.55
12703,0.539548,False,19.57
12704,0.634072,False,23.0
12705,0.631814,False,22.92
12706,0.588713,False,21.35
12707,0.663168,False,24.06
12708,0.601257,False,21.81
12709,0.5633,False,20.43
12710,0.590047,False,21.4
12711,0.557739,False,20.23
12712,0.629083,False,22.82
12713,0.57443,False,20.84
12714,0.535011,False,19.41
12715,0.576963,False,20.93
12716,0.516912,False,18.75
12717,0.539277,False,19.56
12718,0.591545,False,21.46
12719,0.522547,False,18.95
12720,0.590345,False,21.41
12721,0.519762,False,18.85
12722,0.568233,False,20.61
12723,0.515272,False,18.69
12724,0.511417,False,18.55
12725,0.653088,False,23.69
12726,0.52646,False,19.1
12727,0.528237,False,19.16
12728,0.739055,False,26.81
12729,0.626024,False,22.71
12730,0.731914,False,26.55
12731,0.627257,False,22.75
12732,0.65996,False,23.94
12733,0.660493,False,23.96
12734,0.751161,False,27.25
12735,0.686698,False,24.91
12736,0.680032,False,24.67
12737,0.648776,False,23.53
12738,0.704086,False,25.54
12739,0.725674,False,26.32
12740,0.705828,False,25.6
12741,0.719299,False,26.09
12742,0.72182,False,26.18
12743,0.769709,False,27.92
12744,0.717997,False,26.04
12745,0.716208,False,25.98
12746,0.680531,False,24.68
12747,0.693968,False,25.17
12748,0.820018,False,29.74
12749,0.725777,False,26.33
12750,0.747052,False,27.1
12751,0.669149,False,24.27
12752,0.716575,False,25.99
12753,0.648202,False,23.51
12754,0.604114,False,21.91
12755,0.689591,False,25.01
12756,0.603787,False,21.9
12757,0.613719,False,22.26
12758,0.585242,False,21.23
12759,0.577153,False,20.93
12760,0.574302,False,20.83
12761,0.510648,False,18.52
12762,0.637522,False,23.12
12763,0.599633,False,21.75
12764,0.495398,False,17.97
12765,0.512616,False,18.59
12766,0.479061,False,17.38
12767,0.469058,False,17.01
12768,0.472753,False,17.15
12769,0.492934,False,17.88
12770,0.514008,False,18.64
12771,0.473475,False,17.17
12772,0.49348,False,17.9
12773,0.457695,False,16.6
12774,0.561743,False,20.38
12775,0.440704,False,15.99
12776,0.487231,False,17.67
12777,0.493606,False,17.9
12778,0.465433,False,16.88
12779,0.436227,False,15.82
12780,0.449317,False,16.3
12781,0.456161,False,16.55
12782,0.475796,False,17.26
12783,0.523895,False,19.0
12784,0.452456,False,16.41
12785,0.476466,False,17.28
12786,0.456425,False,16.56
12787,0.498318,False,18.08
12788,0.584323,False,21.2
12789,0.46719,False,16.95
12790,0.477181,False,17.31
12791,0.478233,False,17.35
12792,0.494062,False,17.92
12793,0.499735,False,18.13
12794,0.543526,False,19.72
12795,0.519875,False,18.86
12796,0.533271,False,19.34
12797,0.548227,False,19.89
12798,0.516551,False,18.74
12799,0.519234,False,18.83
12800,0.571253,False,20.72
12801,0.547067,False,19.84
12802,0.609684,False,22.11
12803,0.552503,False,20.04
12804,0.573473,False,20.8
12805,0.559623,False,20.3
12806,0.553401,False,20.07
12807,0.64239,False,23.3
12808,0.575447,False,20.87
12809,0.631833,False,22.92
12810,0.718791,False,26.07
12811,0.593082,False,21.51
12812,0.587994,False,21.33
12813,0.513567,False,18.63
12814,0.492519,False,17.87
12815,0.489604,False,17.76
12816,0.510505,False,18.52
12817,0.530946,False,19.26
12818,0.486997,False,17.66
12819,0.489214,False,17.75
12820,0.497974,False,18.06
12821,0.502184,False,18.22
12822,0.506716,False,18.38
12823,0.493006,False,17.88
12824,0.497133,False,18.03
12825,0.505061,False,18.32
12826,0.50591,False,18.35
12827,0.612532,False,22.22
12828,0.524723,False,19.03
12829,0.523933,False,19.0
12830,0.640314,False,23.23
12831,0.667558,False,24.21
12832,0.629997,False,22.85
12833,0.721713,False,26.18
12834,0.705607,False,25.59
12835,0.71118,False,25.8
12836,0.679297,False,24.64
12837,0.66443,False,24.1
12838,0.658364,False,23.88
12839,0.643203,False,23.33
12840,0.635475,False,23.05
12841,0.623956,False,22.63
12842,0.632734,False,22.95
12843,0.628967,False,22.81
12844,0.6489,False,23.54
12845,0.603239,False,21.88
12846,0.580903,False,21.07
12847,0.564825,False,20.49
12848,0.580148,False,21.04
12849,0.591491,False,21.46
12850,0.570619,False,20.7
12851,0.560778,False,20.34
12852,0.606405,False,22.0
12853,0.516718,False,18.74
12854,0.537205,False,19.49
12855,0.508653,False,18.45
12856,0.556453,False,20.18
12857,0.49999,False,18.14
12858,0.490543,False,17.79
12859,0.488868,False,17.73
12860,0.493893,False,17.91
12861,0.486984,False,17.66
12862,0.480467,False,17.43
12863,0.516915,False,18.75
12864,0.536912,False,19.48
12865,0.479705,False,17.4
12866,0.547136,False,19.85
12867,0.614198,False,22.28
12868,0.507501,False,18.41
12869,0.479144,False,17.38
12870,0.482091,False,17.49
12871,0.508307,False,18.44
12872,0.503113,False,18.25
12873,0.558744,False,20.27
12874,0.477938,False,17.34
12875,0.48569,False,17.62
12876,0.479184,False,17.38
12877,0.515231,False,18.69
12878,0.509934,False,18.5
12879,0.482616,False,17.51
12880,0.483787,False,17.55
12881,0.494321,False,17.93
12882,0.510246,False,18.51
12883,0.605645,False,21.97
12884,0.553279,False,20.07
12885,0.537589,False,19.5
12886,0.540069,False,19.59
12887,0.537421,False,19.49
12888,0.540266,False,19.6
12889,0.5953,False,21.59
12890,0.693472,False,25.15
12891,0.707664,False,25.67
12892,0.615245,False,22.32
12893,0.638565,False,23.16
12894,0.601263,False,21.81
12895,0.624176,False,22.64
12896,0.603092,False,21.88
12897,0.583612,False,21.17
12898,0.622368,False,22.58
12899,0.586287,False,21.27
12900,0.658429,False,23.88
12901,0.576052,False,20.9
12902,0.569532,False,20.66
12903,0.570276,False,20.69
12904,0.632836,False,22.95
12905,0.5665,False,20.55
12906,0.565427,False,20.51
12907,0.583277,False,21.16
12908,0.609782,False,22.12
12909,0.581653,False,21.1
12910,0.651273,False,23.62
12911,0.593461,False,21.53
12912,0.595155,False,21.59
12913,0.603212,False,21.88
12914,0.60546,False,21.96
12915,0.610787,False,22.15
12916,0.620636,False,22.51
12917,0.622726,False,22.59
12918,0.678356,False,24.61
12919,0.666332,False,24.17
12920,0.630172,False,22.86
12921,0.646833,False,23.46
12922,0.660392,False,23.95
12923,0.665249,False,24.13
12924,0.681245,False,24.71
12925,0.700031,False,25.39
12926,0.666236,False,24.17
12927,0.706566,False,25.63
12928,0.677131,False,24.56
12929,0.712882,False,25.86
12930,0.738314,False,26.78
12931,0.722258,False,26.2
12932,0.729352,False,26.46
12933,0.706602,False,25.63
12934,0.722629,False,26.21
12935,0.732036,False,26.55
12936,0.412859,False,14.98
12937,0.449783,False,16.31
12938,0.419177,False,15.2
12939,0.499862,False,18.13
12940,0.535499,False,19.42
12941,0.316574,False,11.48
12942,0.276612,False,10.03
12943,0.2536,False,9.2
12944,0.260765,False,9.46
12945,0.312594,False,11.34
12946,0.228595,False,8.29
12947,0.22862,False,8.29
12948,0.223345,False,8.1
12949,0.206714,False,7.5
12950,0.206835,False,7.5
12951,0.182211,False,6.61
12952,0.323064,False,11.72
12953,0.171558,False,6.22
12954,0.224883,False,8.16
12955,0.175799,False,6.38
12956,0.26034,False,9.44
12957,0.341057,False,12.37
12958,0.211676,False,7.68
12959,0.206791,False,7.5
12960,0.230902,False,8.38
12961,0.267889,False,9.72
12962,0.261946,False,9.5
12963,0.196986,False,7.15
12964,0.171642,False,6.23
12965,0.328125,False,11.9
12966,0.212872,False,7.72
12967,0.288393,False,10.46
12968,0.308998,False,11.21
12969,0.20535,False,7.45
12970,0.195449,False,7.09
12971,0.248332,False,9.01
12972,0.202928,False,7.36
12973,0.206157,False,7.48
12974,0.223766,False,8.12
12975,0.259181,False,9.4
12976,0.370021,False,13.42
12977,0.251574,False,9.13
12978,0.296037,False,10.74
12979,1.230356,True,44.63
12980,0.506191,False,18.36
12981,0.493883,False,17.91
12982,0.511361,False,18.55
12983,0.640509,False,23.23
12984,0.578078,False,20.97
12985,0.594587,False,21.57
12986,0.505183,False,18.32
12987,0.636123,False,23.07
12988,0.507815,False,18.42
12989,0.512909,False,18.6
12990,0.523987,False,19.01
12991,0.637683,False,23.13
12992,0.663144,False,24.05
12993,0.540616,False,19.61
12994,0.641323,False,23.26
12995,0.529324,False,19.2
12996,0.585752,False,21.25
12997,0.55299,False,20.06
12998,0.548986,False,19.91
12999,0.557195,False,20.21
13000,0.549021,False,19.91
13001,0.554051,False,20.1
13002,0.596313,False,21.63
13003,0.584646,False,21.21
13004,0.618663,False,22.44
13005,0.761296,False,27.61
13006,0.685156,False,24.85
13007,0.680951,False,24.7
13008,0.711426,False,25.81
13009,0.664744,False,24.11
13010,0.668714,False,24.26
13011,0.632284,False,22.93
13012,0.653339,False,23.7
13013,0.661448,False,23.99
13014,0.693245,False,25.15
13015,0.643119,False,23.33
13016,0.718776,False,26.07
13017,0.633176,False,22.97
13018,0.65206,False,23.65
13019,0.645386,False,23.41
13020,0.651157,False,23.62
13021,0.656809,False,23.82
13022,0.662249,False,24.02
13023,0.644467,False,23.38
13024,0.643525,False,23.34
13025,0.717912,False,26.04
13026,0.642559,False,23.31
13027,0.659567,False,23.92
13028,0.748648,False,27.16
13029,0.65255,False,23.67
13030,0.65272,False,23.68
13031,0.657836,False,23.86
13032,0.74247,False,26.93
13033,0.689561,False,25.01
13034,0.692519,False,25.12
13035,0.673365,False,24.42
13036,0.727536,False,26.39
13037,0.745966,False,27.06
13038,0.68642,False,24.9
13039,0.661246,False,23.99
13040,0.667964,False,24.23
13041,0.722032,False,26.19
13042,0.646532,False,23.45
13043,0.695712,False,25.24
13044,0.774586,False,28.1
13045,0.738578,False,26.79
13046,0.665833,False,24.15
13047,0.704902,False,25.57
13048,0.622874,False,22.59
13049,0.619805,False,22.48
13050,0.71593,False,25.97
13051,0.643357,False,23.34
13052,0.61027,False,22.14
13053,0.824071,False,29.89
13054,0.855818,False,31.04
13055,0.866113,False,31.42
13056,0.838663,False,30.42
13057,0.852789,False,30.93
13058,0.956207,True,34.68
13059,0.946237,True,34.32
13060,0.997147,True,36.17
13061,1.356603,True,49.21
13062,0.382567,False,13.88
13063,0.371359,False,13.47
13064,0.369436,False,13.4
13065,0.475981,False,17.27
13066,0.510139,False,18.5
13067,0.281969,False,10.23
13068,0.298587,False,10.83
13069,0.314474,False,11.41
13070,0.306554,False,11.12
13071,0.264517,False,9.59
13072,0.263694,False,9.56
13073,0.278056,False,10.09
13074,0.268808,False,9.75
13075,0.251857,False,9.14
13076,0.219865,False,7.98
13077,0.232121,False,8.42
13078,0.226371,False,8.21
13079,0.318631,False,11.56
13080,0.237232,False,8.61
13081,0.197166,False,7.15
13082,0.261979,False,9.5
13083,0.217112,False,7.88
13084,0.236655,False,8.58
13085,0.24557,False,8.91
13086,0.397559,False,14.42
13087,0.227983,False,8.27
13088,0.214935,False,7.8
13089,0.220821,False,8.01
13090,0.223416,False,8.1
13091,0.235732,False,8.55
13092,0.250423,False,9.08
13093,1.370697,True,49.72
13094,0.397881,False,14.43
13095,0.382116,False,13.86
13096,0.58112,False,21.08
13097,0.402951,False,14.62
13098,0.413912,False,15.01
13099,0.476574,False,17.29
13100,0.474691,False,17.22
13101,0.408873,False,14.83
13102,0.483559,False,17.54
13103,0.408158,False,14.81
13104,0.465984,False,16.9
13105,0.426227,False,15.46
13106,0.424656,False,15.4
13107,0.463503,False,16.81
13108,0.470473,False,17.07
13109,0.505941,False,18.35
13110,0.504209,False,18.29
13111,0.552644,False,20.05
13112,0.496813,False,18.02
13113,0.480318,False,17.42
13114,0.496002,False,17.99
13115,0.540811,False,19.62
13116,0.487463,False,17.68
13117,0.49635,False,18.0
13118,0.500993,False,18.17
13119,0.494028,False,17.92
13120,0.506498,False,18.37
13121,0.505758,False,18.35
13122,0.517517,False,18.77
13123,0.630661,False,22.88
13124,0.622011,False,22.56
13125,0.567515,False,20.59
13126,0.573647,False,20.81
13127,0.556348,False,20.18
13128,0.624128,False,22.64
13129,0.547359,False,19.85
13130,0.578371,False,20.98
13131,0.637229,False,23.11
13132,0.563154,False,20.43
13133,0.601047,False,21.8
13134,0.600849,False,21.79
13135,0.584515,False,21.2
13136,0.572691,False,20.77
13137,0.587786,False,21.32
13138,0.611637,False,22.19
13139,0.88026,False,31.93
13140,0.954699,True,34.63
13141,0.961545,True,34.88
13142,0.987257,True,35.81
13143,0.987591,True,35.82
13144,0.973177,True,35.3
13145,0.986224,True,35.77
13146,1.021115,True,37.04
13147,1.483406,True,53.81
13148,0.779633,False,28.28
13149,0.796648,False,28.9
13150,0.780465,False,28.31
13151,0.680176,False,24.67
13152,0.670046,False,24.3
13153,0.688147,False,24.96
13154,0.668229,False,24.24
13155,0.684238,False,24.82
13156,0.643575,False,23.34
13157,0.681933,False,24.74
13158,0.630137,False,22.86
13159,0.661083,False,23.98
13160,0.658525,False,23.89
13161,0.617795,False,22.41
13162,0.637366,False,23.12
13163,0.611073,False,22.17
13164,0.604714,False,21.93
13165,0.609944,False,22.12
13166,0.609562,False,22.11
13167,0.646927,False,23.47
13168,1.33526,True,48.43
13169,0.981886,True,35.62
13170,0.953638,True,34.59
13171,0.98815,True,35.84
13172,0.972308,True,35.27
13173,0.962265,True,34.9
13174,1.032718,True,37.46
13175,0.975985,True,35.4
13176,1.006114,True,36.49
13177,1.08203,True,39.25
13178,1.059236,True,38.42
13179,1.52815,True,55.43
13180,0.410865,False,14.9
13181,0.38341,False,13.91
13182,0.380826,False,13.81
13183,0.485311,False,17.6
13184,0.462389,False,16.77
13185,0.300516,False,10.9
13186,0.359059,False,13.02
13187,0.289043,False,10.48
13188,0.343002,False,12.44
13189,0.264673,False,9.6
13190,0.297594,False,10.79
13191,0.401648,False,14.57
13192,0.277699,False,10.07
13193,0.237163,False,8.6
13194,0.290492,False,10.54
13195,0.242375,False,8.79
13196,0.219277,False,7.95
13197,0.398791,False,14.47
13198,0.208055,False,7.55
13199,0.259835,False,9.42
13200,0.35075,False,12.72
13201,0.331828,False,12.04
13202,0.207329,False,7.52
13203,0.179546,False,6.51
13204,0.210204,False,7.62
13205,0.24517,False,8.89
13206,0.201977,False,7.33
13207,0.250729,False,9.09
13208,0.317131,False,11.5
13209,0.256353,False,9.3
13210,0.291264,False,10.56
13211,0.349636,False,12.68
13212,0.236267,False,8.57
13213,0.284375,False,10.32
13214,0.22947,False,8.32
13215,0.220766,False,8.01
13216,0.260139,False,9.44
13217,0.237382,False,8.61
13218,0.213702,False,7.75
13219,0.282767,False,10.26
13220,0.313237,False,11.36
13221,0.244768,False,8.88
13222,0.249304,False,9.04
13223,0.234228,False,8.5
13224,0.236704,False,8.59
13225,0.262786,False,9.53
13226,0.231357,False,8.39
13227,0.274881,False,9.97
13228,0.280608,False,10.18
13229,0.318402,False,11.55
13230,0.292605,False,10.61
13231,0.362232,False,13.14
13232,0.288938,False,10.48
13233,0.279768,False,10.15
13234,0.339621,False,12.32
13235,0.284874,False,10.33
13236,0.314664,False,11.41
13237,0.325474,False,11.81
13238,0.338751,False,12.29
13239,0.396546,False,14.38
13240,0.368601,False,13.37
13241,0.341348,False,12.38
13242,0.454053,False,16.47
13243,0.356609,False,12.94
13244,0.356212,False,12.92
13245,0.410745,False,14.9
13246,0.399888,False,14.51
13247,0.467469,False,16.96
13248,0.421261,False,15.28
13249,0.507166,False,18.4
13250,0.399018,False,14.47
13251,0.412054,False,14.95
13252,0.459052,False,16.65
13253,1.026458,True,37.23
13254,1.041269,True,37.77
13255,1.028023,True,37.29
13256,0.948799,True,34.42
13257,0.908895,False,32.97
13258,0.906807,False,32.89
13259,0.897072,False,32.54
13260,0.89409,False,32.43
13261,0.891541,False,32.34
13262,0.887085,False,32.18
13263,0.909813,False,33.0
13264,0.95603,True,34.68
13265,0.865091,False,31.38
13266,0.856637,False,31.07
13267,0.853418,False,30.96
13268,0.859285,False,31.17
13269,0.842914,False,30.57
13270,0.895009,False,32.46
13271,0.848425,False,30.77
13272,0.836143,False,30.33
13273,0.841764,False,30.53
13274,0.856586,False,31.07
13275,0.855385,False,31.03
13276,0.825001,False,29.93
13277,0.839541,False,30.45
13278,0.816281,False,29.61
13279,0.80403,False,29.16
13280,0.841578,False,30.53
13281,0.819256,False,29.72
13282,0.80049,False,29.04
13283,0.863758,False,31.33
13284,0.787457,False,28.56
13285,0.783189,False,28.41
13286,0.787126,False,28.55
13287,0.803051,False,29.13
13288,0.783295,False,28.41
13289,0.786063,False,28.51
13290,0.766566,False,27.81
13291,0.756068,False,27.42
13292,0.760261,False,27.58
13293,0.808529,False,29.33
13294,0.805924,False,29.23
13295,0.745317,False,27.03
13296,0.752309,False,27.29
13297,0.757671,False,27.48
13298,0.751011,False,27.24
13299,0.746717,False,27.09
13300,1.413272,True,51.26
13301,0.612816,False,22.23
13302,0.565442,False,20.51
13303,0.581309,False,21.09
13304,0.632004,False,22.92
13305,0.648404,False,23.52
13306,0.626181,False,22.71
13307,0.566362,False,20.54
13308,0.617192,False,22.39
13309,0.532655,False,19.32
13310,0.555717,False,20.16
13311,0.512764,False,18.6
13312,0.480648,False,17.43
13313,0.483815,False,17.55
13314,0.567338,False,20.58
13315,0.476152,False,17.27
13316,0.432942,False,15.7
13317,0.435384,False,15.79
13318,0.457569,False,16.6
13319,0.429735,False,15.59
13320,0.410413,False,14.89
13321,0.39316,False,14.26
13322,0.405699,False,14.72
13323,0.446807,False,16.21
13324,0.420752,False,15.26
13325,0.381594,False,13.84
13326,0.378869,False,13.74
13327,0.50278,False,18.24
13328,0.377941,False,13.71
13329,0.376239,False,13.65
13330,0.409406,False,14.85
13331,0.93319,False,33.85
13332,0.889221,False,32.25
13333,1.05744,True,38.36
13334,0.970264,True,35.19
13335,0.954267,True,34.61
13336,0.99729,True,36.17
13337,0.950496,True,34.48
13338,0.948428,True,34.4
13339,0.927314,False,33.64
13340,0.916957,False,33.26
13341,0.911101,False,33.05
13342,0.947155,True,34.36
13343,0.959721,True,34.81
13344,0.903371,False,32.77
13345,0.917507,False,33.28
13346,0.929605,False,33.72
13347,0.893725,False,32.42
13348,0.888515,False,32.23
13349,0.893166,False,32.4
13350,0.895763,False,32.49
13351,0.875154,False,31.74
13352,0.885674,False,32.13
13353,0.894844,False,32.46
13354,0.89801,False,32.57
13355,0.881509,False,31.97
13356,0.918143,False,33.3
13357,0.883582,False,32.05
13358,0.882325,False,32.0
13359,0.874028,False,31.7
13360,0.863573,False,31.32
13361,0.84617,False,30.69
13362,0.84978,False,30.82
13363,1.742673,True,63.21
13364,1.028414,True,37.3
13365,0.996496,True,36.15
13366,0.966818,True,35.07
13367,0.974111,True,35.33
13368,0.982038,True,35.62
13369,0.966218,True,35.05
13370,0.969523,True,35.17
13371,0.96862,True,35.13
13372,0.987139,True,35.81
13373,1.004176,True,36.42
13374,0.988134,True,35.84
13375,0.995051,True,36.09
13376,0.993697,True,36.04
13377,0.988912,True,35.87
13378,1.051704,True,38.15
13379,1.043329,True,37.84
13380,1.043968,True,37.87
13381,1.046374,True,37.95
13382,1.049052,True,38.05
13383,1.077949,True,39.1
13384,1.079585,True,39.16
13385,1.069634,True,38.8
13386,1.059519,True,38.43
13387,1.085602,True,39.38
13388,1.105094,True,40.08
13389,1.134081,True,41.14
13390,0.328949,False,11.93
13391,0.365249,False,13.25
13392,0.383762,False,13.92
13393,0.459832,False,16.68
13394,0.438886,False,15.92
13395,0.341025,False,12.37
13396,0.314094,False,11.39
13397,0.311174,False,11.29
13398,0.387682,False,14.06
13399,0.288067,False,10.45
13400,0.311261,False,11.29
13401,0.308573,False,11.19
13402,0.266073,False,9.65
13403,0.341228,False,12.38
13404,0.321165,False,11.65
13405,0.253143,False,9.18
13406,0.285345,False,10.35
13407,0.238066,False,8.64
13408,0.275021,False,9.98
13409,0.407281,False,14.77
13410,0.235209,False,8.53
13411,0.210105,False,7.62
13412,0.231577,False,8.4
13413,0.233537,False,8.47
13414,0.325503,False,11.81
13415,0.263151,False,9.55
13416,0.415781,False,15.08
13417,0.200111,False,7.26
13418,0.256877,False,9.32
13419,0.223437,False,8.1
13420,0.216037,False,7.84
13421,0.322456,False,11.7
13422,0.316771,False,11.49
13423,0.263446,False,9.56
13424,0.279766,False,10.15
13425,0.25805,False,9.36
13426,0.367785,False,13.34
13427,0.255942,False,9.28
13428,0.264455,False,9.59
13429,0.341918,False,12.4
13430,0.241548,False,8.76
13431,0.302691,False,10.98
13432,0.28588,False,10.37
13433,0.482404,False,17.5
13434,0.296281,False,10.75
13435,0.371438,False,13.47
13436,0.382178,False,13.86
13437,0.288494,False,10.46
13438,0.367216,False,13.32
13439,0.367724,False,13.34
13440,0.422027,False,15.31
13441,0.345506,False,12.53
13442,0.328266,False,11.91
13443,0.385768,False,13.99
13444,0.29584,False,10.73
13445,0.286053,False,10.38
13446,0.290366,False,10.53
13447,0.295571,False,10.72
13448,0.328656,False,11.92
13449,0.627815,False,22.77
13450,0.617542,False,22.4
13451,0.608852,False,22.08
13452,0.439028,False,15.92
13453,0.454535,False,16.49
13454,0.473272,False,17.17
13455,0.428577,False,15.55
13456,0.434924,False,15.78
13457,0.408941,False,14.83
13458,0.428689,False,15.55
13459,0.408132,False,14.8
13460,0.413009,False,14.98
13461,0.644043,False,23.36
13462,0.645318,False,23.41
13463,0.683037,False,24.78
13464,0.540419,False,19.6
13465,0.59254,False,21.49
13466,0.54064,False,19.61
13467,0.512764,False,18.6
13468,0.534004,False,19.37
13469,0.520015,False,18.86
13470,0.487498,False,17.68
13471,0.477969,False,17.34
13472,0.502959,False,18.24
13473,0.477137,False,17.31
13474,0.512516,False,18.59
13475,0.517969,False,18.79
13476,0.50659,False,18.38
13477,0.5383,False,19.53
13478,0.534175,False,19.38
13479,0.481289,False,17.46
13480,0.467918,False,16.97
13481,0.470438,False,17.06
13482,0.475613,False,17.25
13483,0.468025,False,16.98
13484,0.571359,False,20.72
13485,0.473276,False,17.17
13486,0.474927,False,17.23
13487,0.493814,False,17.91
13488,0.63918,False,23.18
13489,0.61473,False,22.3
13490,0.587756,False,21.32
13491,0.487999,False,17.7
13492,0.483363,False,17.53
13493,0.483226,False,17.53
13494,0.489453,False,17.75
13495,0.60273,False,21.86
13496,0.643311,False,23.33
13497,0.596334,False,21.63
13498,0.511874,False,18.57
13499,0.495021,False,17.96
13500,0.494628,False,17.94
13501,0.511772,False,18.56
13502,0.484477,False,17.57
13503,0.510156,False,18.5
13504,0.532271,False,19.31
13505,0.518161,False,18.8
13506,0.508704,False,18.45
13507,0.53595,False,19.44
13508,0.619773,False,22.48
13509,0.564369,False,20.47
13510,0.55005,False,19.95
13511,0.512289,False,18.58
13512,0.558041,False,20.24
13513,0.581213,False,21.08
13514,0.684942,False,24.84
13515,0.706385,False,25.62
13516,0.696072,False,25.25
13517,0.634139,False,23.0
13518,0.645619,False,23.42
13519,0.614403,False,22.29
13520,0.605529,False,21.96
13521,0.595062,False,21.58
13522,0.58292,False,21.14
13523,0.560453,False,20.33
13524,0.54983,False,19.94
13525,0.536104,False,19.45
13526,0.706548,False,25.63
13527,0.731438,False,26.53
13528,0.700322,False,25.4
13529,0.700882,False,25.42
13530,0.753094,False,27.32
13531,0.686871,False,24.91
13532,0.715032,False,25.94
13533,0.788615,False,28.61
13534,0.737682,False,26.76
13535,0.666711,False,24.18
13536,0.705768,False,25.6
13537,0.658463,False,23.88
13538,0.706571,False,25.63
13539,0.656687,False,23.82
13540,0.652601,False,23.67
13541,0.66507,False,24.12
13542,0.652747,False,23.68
13543,0.60731,False,22.03
13544,0.578148,False,20.97
13545,0.570244,False,20.68
13546,0.455304,False,16.52
13547,0.475523,False,17.25
13548,0.432358,False,15.68
13549,0.45757,False,16.6
13550,0.528601,False,19.17
13551,0.432906,False,15.7
13552,0.427382,False,15.5
13553,0.426978,False,15.49
13554,0.481522,False,17.47
13555,0.420297,False,15.25
13556,0.4198,False,15.23
13557,0.421133,False,15.28
13558,0.42082,False,15.26
13559,0.439065,False,15.93
13560,0.433775,False,15.73
13561,0.431691,False,15.66
13562,0.430289,False,15.61
13563,0.448039,False,16.25
13564,0.500314,False,18.15
13565,0.47768,False,17.33
13566,0.43487,False,15.77
13567,0.436422,False,15.83
13568,0.455885,False,16.54
13569,0.451249,False,16.37
13570,0.470012,False,17.05
13571,0.520252,False,18.87
13572,0.467103,False,16.94
13573,0.494313,False,17.93
13574,0.492454,False,17.86
13575,0.490085,False,17.78
13576,0.47981,False,17.4
13577,0.498371,False,18.08
13578,0.512371,False,18.59
13579,0.529996,False,19.22
13580,0.533011,False,19.33
13581,0.612386,False,22.21
13582,0.55785,False,20.23
13583,0.545671,False,19.79
13584,0.541277,False,19.63
13585,0.540229,False,19.6
13586,0.782663,False,28.39
13587,0.787336,False,28.56
13588,0.781937,False,28.36
13589,0.652068,False,23.65
13590,0.65308,False,23.69
13591,0.655967,False,23.79
13592,0.647388,False,23.48
13593,0.638132,False,23.15
13594,0.669973,False,24.3
13595,0.630025,False,22.85
13596,0.66929,False,24.28
13597,0.620354,False,22.5
13598,0.660796,False,23.97
13599,0.626258,False,22.72
13600,0.656239,False,23.8
13601,0.642061,False,23.29
13602,0.644123,False,23.36
13603,0.602614,False,21.86
13604,0.687273,False,24.93
13605,0.650826,False,23.61
13606,0.605108,False,21.95
13607,0.655577,False,23.78
13608,0.656547,False,23.81
13609,0.603571,False,21.89
13610,0.610655,False,22.15
13611,0.618862,False,22.45
13612,0.617529,False,22.4
13613,0.634635,False,23.02
13614,0.689171,False,25.0
13615,0.665187,False,24.13
13616,0.643149,False,23.33
13617,0.617336,False,22.39
13618,0.875288,False,31.75
13619,0.87059,False,31.58
13620,1.021789,True,37.06
13621,0.909766,False,33.0
13622,0.877316,False,31.82
13623,0.879564,False,31.9
13624,0.87414,False,31.71
13625,0.87021,False,31.57
13626,0.861627,False,31.25
13627,0.883617,False,32.05
13628,0.840754,False,30.5
13629,0.830294,False,30.12
13630,0.841694,False,30.53
13631,0.856505,False,31.07
13632,0.828804,False,30.06
13633,0.825981,False,29.96
13634,0.84059,False,30.49
13635,0.815335,False,29.57
13636,0.821149,False,29.79
13637,0.816744,False,29.63
13638,0.84553,False,30.67
13639,0.839617,False,30.46
13640,0.826608,False,29.98
13641,0.856718,False,31.08
13642,0.828368,False,30.05
13643,0.840124,False,30.47
13644,0.826811,False,29.99
13645,0.849941,False,30.83
13646,0.86716,False,31.45
13647,0.877327,False,31.82
13648,0.889192,False,32.25
13649,0.899757,False,32.64
13650,0.919664,False,33.36
13651,0.938651,True,34.05
13652,0.945229,True,34.29
13653,0.946818,True,34.34
13654,1.338191,True,48.54
13655,0.57375,False,20.81
13656,0.553895,False,20.09
13657,0.569889,False,20.67
13658,0.69663,False,25.27
13659,0.684699,False,24.84
13660,0.740817,False,26.87
13661,0.673425,False,24.43
13662,0.73393,False,26.62
13663,0.680859,False,24.7
13664,0.684159,False,24.82
13665,0.67301,False,24.41
13666,1.395556,True,50.62
13667,0.777817,False,28.21
13668,0.638982,False,23.18
13669,0.642727,False,23.31
13670,0.595678,False,21.61
13671,0.668508,False,24.25
13672,0.597029,False,21.66
13673,0.601135,False,21.8
13674,0.713717,False,25.89
13675,0.684318,False,24.82
13676,0.757622,False,27.48
13677,0.652847,False,23.68
13678,0.738082,False,26.77
13679,0.662314,False,24.02
13680,0.876047,False,31.78
13681,0.776719,False,28.17
13682,0.709291,False,25.73
13683,0.702973,False,25.5
13684,0.728169,False,26.41
13685,0.701424,False,25.44
13686,0.745475,False,27.04
13687,0.655658,False,23.78
13688,0.807226,False,29.28
13689,0.722816,False,26.22
13690,0.616617,False,22.37
13691,0.628889,False,22.81
13692,0.709047,False,25.72
13693,0.680235,False,24.67
13694,0.71803,False,26.05
13695,0.646066,False,23.43
13696,0.666032,False,24.16
13697,0.661259,False,23.99
13698,0.750542,False,27.22
13699,0.736931,False,26.73
13700,0.803056,False,29.13
13701,0.819136,False,29.71
13702,0.76689,False,27.82
13703,0.500936,False,18.17
13704,0.570407,False,20.69
13705,0.565058,False,20.5
13706,0.453443,False,16.45
13707,0.518887,False,18.82
13708,0.484284,False,17.57
13709,0.541043,False,19.63
13710,0.512112,False,18.58
13711,0.48366,False,17.54
13712,0.471394,False,17.1
13713,0.438045,False,15.89
13714,0.460594,False,16.71
13715,0.453367,False,16.44
13716,0.5094,False,18.48
13717,0.460013,False,16.69
13718,0.801573,False,29.08
13719,0.835343,False,30.3
13720,1.030717,True,37.39
13721,0.810999,False,29.42
13722,0.855968,False,31.05
13723,0.800404,False,29.03
13724,0.861021,False,31.23
13725,0.7964,False,28.89
13726,0.84096,False,30.5
13727,0.808445,False,29.32
13728,0.748171,False,27.14
13729,0.719329,False,26.09
13730,0.688212,False,24.96
13731,0.686984,False,24.92
13732,0.699093,False,25.36
13733,0.669054,False,24.27
13734,0.707997,False,25.68
13735,0.713611,False,25.88
13736,0.701464,False,25.44
13737,0.755489,False,27.4
13738,0.70917,False,25.72
13739,0.722279,False,26.2
13740,0.766378,False,27.8
13741,0.707823,False,25.67
13742,0.67761,False,24.58
13743,0.6936,False,25.16
13744,0.672924,False,24.41
13745,0.659822,False,23.93
13746,0.651026,False,23.61
13747,0.707606,False,25.67
13748,0.743193,False,26.96
13749,0.640035,False,23.22
13750,0.636459,False,23.09
13751,0.662859,False,24.04
13752,0.693427,False,25.15
13753,0.695118,False,25.21
13754,0.647822,False,23.5
13755,0.654395,False,23.74
13756,0.650132,False,23.58
13757,0.654546,False,23.74
13758,0.682374,False,24.75
13759,0.663296,False,24.06
13760,0.663149,False,24.05
13761,0.686342,False,24.9
13762,0.742826,False,26.94
13763,0.667899,False,24.23
13764,0.76278,False,27.67
13765,0.704998,False,25.57
13766,0.692811,False,25.13
13767,0.680321,False,24.68
13768,0.695315,False,25.22
13769,0.752422,False,27.29
13770,0.693608,False,25.16
13771,0.666706,False,24.18
13772,0.69409,False,25.18
13773,0.809691,False,29.37
13774,0.807587,False,29.29
13775,0.683891,False,24.81
13776,0.731474,False,26.53
13777,0.749718,False,27.19
13778,0.80604,False,29.24
13779,0.767601,False,27.84
13780,0.424855,False,15.41
13781,0.551383,False,20.0
13782,0.408511,False,14.82
13783,0.512696,False,18.6
13784,0.517275,False,18.76
13785,0.469098,False,17.02
13786,0.442444,False,16.05
13787,0.466445,False,16.92
13788,0.481517,False,17.47
13789,0.511536,False,18.55
13790,0.409508,False,14.85
13791,0.402575,False,14.6
13792,0.446845,False,16.21
13793,0.39928,False,14.48
13794,0.468026,False,16.98
13795,0.434073,False,15.75
13796,0.387794,False,14.07
13797,0.518571,False,18.81
13798,0.481618,False,17.47
13799,0.362106,False,13.13
13800,0.334167,False,12.12
13801,0.354562,False,12.86
13802,0.329247,False,11.94
13803,0.350324,False,12.71
13804,0.331554,False,12.03
13805,0.36311,False,13.17
13806,0.38345,False,13.91
13807,0.378435,False,13.73
13808,0.340232,False,12.34
13809,0.322637,False,11.7
13810,0.355959,False,12.91
13811,0.354405,False,12.86
13812,0.339391,False,12.31
13813,0.347868,False,12.62
13814,0.384941,False,13.96
13815,0.347421,False,12.6
13816,0.356855,False,12.94
13817,0.355181,False,12.88
13818,0.372909,False,13.53
13819,0.373293,False,13.54
13820,0.401588,False,14.57
13821,1.174915,True,42.62
13822,0.45657,False,16.56
13823,0.429252,False,15.57
13824,0.431255,False,15.64
13825,0.419531,False,15.22
13826,0.436206,False,15.82
13827,0.459747,False,16.68
13828,0.464275,False,16.84
13829,0.571583,False,20.73
13830,0.504732,False,18.31
13831,0.479169,False,17.38
13832,0.467132,False,16.94
13833,0.470746,False,17.08
13834,0.485901,False,17.63
13835,0.941972,True,34.17
13836,0.9299,False,33.73
13837,0.977765,True,35.47
13838,0.854202,False,30.98
13839,0.847399,False,30.74
13840,0.851604,False,30.89
13841,0.839011,False,30.43
13842,0.880137,False,31.93
13843,0.8423,False,30.55
13844,0.841353,False,30.52
13845,0.843838,False,30.61
13846,0.85056,False,30.85
13847,0.857945,False,31.12
13848,0.501498,False,18.19
13849,0.498097,False,18.07
13850,0.553978,False,20.09
13851,0.607583,False,22.04
13852,0.634707,False,23.02
13853,0.591719,False,21.46
13854,0.585493,False,21.24
13855,0.540354,False,19.6
13856,0.592298,False,21.48
13857,0.561193,False,20.36
13858,0.535468,False,19.42
13859,0.605103,False,21.95
13860,0.537799,False,19.51
13861,0.508837,False,18.46
13862,0.521173,False,18.9
13863,0.473893,False,17.19
13864,0.467119,False,16.94
13865,0.465643,False,16.89
13866,0.467046,False,16.94
13867,0.452298,False,16.41
13868,0.551614,False,20.01
13869,0.550315,False,19.96
13870,0.50691,False,18.39
13871,0.431029,False,15.63
13872,0.499355,False,18.11
13873,0.448612,False,16.27
13874,0.450392,False,16.34
13875,0.474478,False,17.21
13876,0.512082,False,18.57
13877,0.438088,False,15.89
13878,0.449315,False,16.3
13879,0.552545,False,20.04
13880,0.449916,False,16.32
13881,0.437747,False,15.88
13882,0.45555,False,16.52
13883,0.50219,False,18.22
13884,0.462338,False,16.77
13885,0.50805,False,18.43
13886,0.487538,False,17.68
13887,0.480479,False,17.43
13888,0.484052,False,17.56
13889,0.595449,False,21.6
13890,0.583126,False,21.15
13891,0.759774,False,27.56
13892,0.652878,False,23.68
13893,0.648561,False,23.53
13894,0.631376,False,22.9
13895,0.643309,False,23.33
13896,0.665905,False,24.15
13897,0.642917,False,23.32
13898,0.700834,False,25.42
13899,0.717379,False,26.02
13900,0.620949,False,22.52
13901,0.586334,False,21.27
13902,0.6079,False,22.05
13903,0.58088,False,21.07
13904,0.600318,False,21.78
13905,0.611083,False,22.17
13906,0.671346,False,24.35
13907,0.614399,False,22.29
13908,0.643339,False,23.34
13909,0.606376,False,21.99
13910,0.563555,False,20.44
13911,0.66109,False,23.98
13912,0.580293,False,21.05
13913,0.599073,False,21.73
13914,0.572991,False,20.78
13915,0.627408,False,22.76
13916,0.659096,False,23.91
13917,0.599187,False,21.73
13918,0.571074,False,20.71
13919,0.636503,False,23.09
13920,0.562768,False,20.41
13921,0.623292,False,22.61
13922,0.607145,False,22.02
13923,0.654771,False,23.75
13924,0.718512,False,26.06
13925,0.599512,False,21.75
13926,0.631174,False,22.89
13927,0.592286,False,21.48
13928,0.686715,False,24.91
13929,0.564124,False,20.46
13930,0.744742,False,27.01
13931,0.645095,False,23.4
13932,0.579081,False,21.0
13933,0.576643,False,20.92
13934,0.612205,False,22.21
13935,0.402972,False,14.62
13936,0.386896,False,14.03
13937,0.417716,False,15.15
13938,0.509601,False,18.48
13939,0.488611,False,17.72
13940,0.315672,False,11.45
13941,0.340246,False,12.34
13942,0.385177,False,13.97
13943,0.406551,False,14.75
13944,0.290895,False,10.55
13945,0.2947,False,10.69
13946,0.265508,False,9.63
13947,0.306578,False,11.12
13948,0.285404,False,10.35
13949,0.337167,False,12.23
13950,1.369064,True,49.66
13951,0.448454,False,16.27
13952,0.469797,False,17.04
13953,0.428153,False,15.53
13954,0.461362,False,16.73
13955,0.418938,False,15.2
13956,0.411764,False,14.94
13957,0.593564,False,21.53
13958,0.421727,False,15.3
13959,0.410983,False,14.91
13960,0.406651,False,14.75
13961,0.460742,False,16.71
13962,0.394202,False,14.3
13963,0.443039,False,16.07
13964,0.399216,False,14.48
13965,0.408309,False,14.81
13966,0.384569,False,13.95
13967,0.415219,False,15.06
13968,0.426764,False,15.48
13969,0.427428,False,15.5
13970,0.389923,False,14.14
13971,0.401103,False,14.55
13972,0.376361,False,13.65
13973,0.379758,False,13.77
13974,0.380311,False,13.79
13975,0.398311,False,14.45
13976,0.387426,False,14.05
13977,0.394259,False,14.3
13978,0.502408,False,18.22
13979,0.400203,False,14.52
13980,0.551657,False,20.01
13981,0.468511,False,16.99
13982,0.435914,False,15.81
13983,0.43716,False,15.86
13984,0.444447,False,16.12
13985,0.452428,False,16.41
13986,0.446325,False,16.19
13987,0.501492,False,18.19
13988,0.463165,False,16.8
13989,0.622012,False,22.56
13990,0.491406,False,17.82
13991,0.458119,False,16.62
13992,0.523972,False,19.01
13993,0.49796,False,18.06
13994,0.486319,False,17.64
13995,0.603126,False,21.88
13996,0.553056,False,20.06
13997,0.680178,False,24.67
13998,0.636508,False,23.09
13999,0.638846,False,23.17
14000,0.680443,False,24.68
14001,0.63582,False,23.06
14002,0.705442,False,25.59
14003,0.724012,False,26.26
14004,0.654926,False,23.76
14005,0.644291,False,23.37
14006,0.670764,False,24.33
14007,0.646079,False,23.44
14008,0.64957,False,23.56
14009,0.699286,False,25.37
14010,0.694257,False,25.18
14011,0.694214,False,25.18
14012,0.654187,False,23.73
14013,0.515563,False,18.7
14014,0.524776,False,19.04
14015,0.53761,False,19.5
14016,0.499411,False,18.12
14017,0.541882,False,19.66
14018,0.520409,False,18.88
14019,0.513597,False,18.63
14020,0.494742,False,17.95
14021,0.479746,False,17.4
14022,0.485492,False,17.61
14023,0.467324,False,16.95
14024,0.465636,False,16.89
14025,0.466514,False,16.92
14026,0.463982,False,16.83
14027,0.585436,False,21.24
14028,0.499615,False,18.12
14029,0.471926,False,17.12
14030,0.539803,False,19.58
14031,0.452958,False,16.43
14032,0.472088,False,17.12
14033,0.466011,False,16.9
14034,0.461418,False,16.74
14035,0.443993,False,16.1
14036,0.44497,False,16.14
14037,0.496506,False,18.01
14038,0.454014,False,16.47
14039,0.469664,False,17.04
14040,0.474184,False,17.2
14041,0.544347,False,19.75
14042,0.472256,False,17.13
14043,0.513722,False,18.63
14044,0.452491,False,16.41
14045,0.527071,False,19.12
14046,0.446326,False,16.19
14047,0.44325,False,16.08
14048,0.424958,False,15.41
14049,0.404553,False,14.67
14050,0.403173,False,14.62
14051,0.461682,False,16.75
14052,0.458564,False,16.63
14053,0.392115,False,14.22
14054,0.432317,False,15.68
14055,0.404184,False,14.66
14056,0.52468,False,19.03
14057,0.437245,False,15.86
14058,0.413413,False,15.0
14059,0.410505,False,14.89
14060,0.399526,False,14.49
14061,0.435209,False,15.79
14062,0.303722,False,11.02
14063,0.302936,False,10.99
14064,0.469636,False,17.04
14065,0.463597,False,16.82
14066,0.447177,False,16.22
14067,0.351476,False,12.75
14068,0.34991,False,12.69
14069,0.359562,False,13.04
14070,0.34343,False,12.46
14071,0.301188,False,10.92
14072,0.318072,False,11.54
14073,0.420325,False,15.25
14074,0.315911,False,11.46
14075,0.287692,False,10.44
14076,0.269628,False,9.78
14077,0.265144,False,9.62
14078,0.240819,False,8.74
14079,0.235101,False,8.53
14080,0.209698,False,7.61
14081,0.210088,False,7.62
14082,0.205386,False,7.45
14083,0.332071,False,12.05
14084,0.257345,False,9.33
14085,0.195708,False,7.1
14086,0.332352,False,12.06
14087,0.182393,False,6.62
14088,0.265438,False,9.63
14089,0.20692,False,7.51
14090,0.178555,False,6.48
14091,0.189545,False,6.88
14092,0.268283,False,9.73
14093,0.229275,False,8.32
14094,0.377414,False,13.69
14095,0.18933,False,6.87
14096,0.219716,False,7.97
14097,0.217225,False,7.88
14098,0.204755,False,7.43
14099,0.219125,False,7.95
14100,0.239882,False,8.7
14101,0.231278,False,8.39
14102,0.334841,False,12.15
14103,0.286419,False,10.39
14104,0.386353,False,14.01
14105,0.314867,False,11.42
14106,0.381905,False,13.85
14107,0.509993,False,18.5
14108,0.357347,False,12.96
14109,0.470295,False,17.06
14110,0.36031,False,13.07
14111,0.384965,False,13.96
14112,0.357983,False,12.99
14113,0.347717,False,12.61
14114,0.439514,False,15.94
14115,0.364157,False,13.21
14116,0.382762,False,13.88
14117,0.400345,False,14.52
14118,0.331094,False,12.01
14119,0.431483,False,15.65
14120,0.477239,False,17.31
14121,0.578155,False,20.97
14122,0.477892,False,17.33
14123,0.465616,False,16.89
14124,0.481058,False,17.45
14125,0.509365,False,18.48
14126,0.455734,False,16.53
14127,0.45858,False,16.63
14128,0.497186,False,18.03
14129,0.42051,False,15.25
14130,0.439449,False,15.94
14131,0.426684,False,15.48
14132,0.397832,False,14.43
14133,0.43903,False,15.92
14134,0.397761,False,14.43
14135,0.483105,False,17.52
14136,0.387365,False,14.05
14137,0.383247,False,13.9
14138,0.443533,False,16.09
14139,0.407742,False,14.79
14140,0.486914,False,17.66
14141,0.396732,False,14.39
14142,0.445937,False,16.18
14143,0.3954,False,14.34
14144,0.41931,False,15.21
14145,0.437806,False,15.88
14146,0.375308,False,13.61
14147,0.381126,False,13.82
14148,0.399966,False,14.51
14149,0.371569,False,13.48
14150,0.436721,False,15.84
14151,0.38734,False,14.05
14152,0.406017,False,14.73
14153,0.360833,False,13.09
14154,0.42933,False,15.57
14155,0.439903,False,15.96
14156,0.351407,False,12.75
14157,0.355573,False,12.9
14158,0.357587,False,12.97
14159,0.373196,False,13.54
14160,0.354912,False,12.87
14161,0.368517,False,13.37
14162,0.42988,False,15.59
14163,0.417081,False,15.13
14164,0.499946,False,18.13
14165,0.458888,False,16.65
14166,0.448104,False,16.25
14167,0.502058,False,18.21
14168,0.477502,False,17.32
14169,0.451353,False,16.37
14170,0.670598,False,24.32
14171,0.624878,False,22.67
14172,0.650387,False,23.59
14173,0.638826,False,23.17
14174,0.573241,False,20.79
14175,0.598854,False,21.72
14176,0.570636,False,20.7
14177,0.606015,False,21.98
14178,0.587279,False,21.3
14179,0.573499,False,20.8
14180,0.574944,False,20.85
14181,0.603793,False,21.9
14182,0.576315,False,20.9
14183,0.577634,False,20.95
14184,0.573279,False,20.79
14185,0.587301,False,21.3
14186,0.618391,False,22.43
14187,0.591642,False,21.46
14188,0.609874,False,22.12
14189,0.588956,False,21.36
14190,0.613968,False,22.27
14191,0.606955,False,22.02
14192,0.607594,False,22.04
14193,0.612503,False,22.22
14194,0.630491,False,22.87
14195,0.624627,False,22.66
14196,0.61427,False,22.28
14197,0.639389,False,23.19
14198,0.686469,False,24.9
14199,0.697198,False,25.29
14200,0.64276,False,23.31
14201,0.656962,False,23.83
14202,0.69329,False,25.15
14203,0.664185,False,24.09
14204,0.672917,False,24.41
14205,0.582873,False,21.14
14206,0.530194,False,19.23
14207,0.431517,False,15.65
14208,0.542012,False,19.66
14209,0.474507,False,17.21
14210,0.428913,False,15.56
14211,0.440501,False,15.98
14212,0.423155,False,15.35
14213,0.411054,False,14.91
14214,0.425777,False,15.44
14215,0.466971,False,16.94
14216,0.469791,False,17.04
14217,0.444647,False,16.13
14218,0.418321,False,15.17
14219,0.440869,False,15.99
14220,0.415666,False,15.08
14221,0.414608,False,15.04
14222,0.468212,False,16.98
14223,0.438795,False,15.92
14224,0.466986,False,16.94
14225,0.459839,False,16.68
14226,0.434922,False,15.78
14227,0.490685,False,17.8
14228,0.504085,False,18.28
14229,0.440445,False,15.98
14230,0.485065,False,17.59
14231,0.554455,False,20.11
14232,0.467878,False,16.97
14233,0.549252,False,19.92
14234,0.503205,False,18.25
14235,0.475091,False,17.23
14236,0.481289,False,17.46
14237,0.504419,False,18.3
14238,0.554662,False,20.12
14239,0.983645,True,35.68
14240,0.990543,True,35.93
14241,1.000547,True,36.29
14242,0.988602,True,35.86
14243,0.975732,True,35.39
14244,1.015175,True,36.82
14245,1.049214,True,38.06
14246,1.460921,True,52.99
14247,0.783085,False,28.4
14248,0.769608,False,27.92
14249,0.956891,True,34.71
14250,0.8076,False,29.29
14251,0.81138,False,29.43
14252,0.847437,False,30.74
14253,0.786889,False,28.54
14254,0.795138,False,28.84
14255,0.817398,False,29.65
14256,0.779804,False,28.29
14257,0.740124,False,26.85
14258,0.737844,False,26.76
14259,0.722679,False,26.21
14260,0.71197,False,25.83
14261,0.723927,False,26.26
14262,0.769489,False,27.91
14263,0.720956,False,26.15
14264,0.722675,False,26.21
14265,0.716266,False,25.98
14266,0.718621,False,26.07
14267,0.701147,False,25.43
14268,0.694021,False,25.17
14269,0.704822,False,25.57
14270,0.686702,False,24.91
14271,0.679213,False,24.64
14272,0.720233,False,26.12
14273,0.689666,False,25.02
14274,0.742013,False,26.91
14275,0.770455,False,27.95
14276,0.701198,False,25.43
14277,0.673154,False,24.42
14278,0.702879,False,25.5
14279,0.727751,False,26.4
14280,0.731252,False,26.52
14281,0.744456,False,27.0
14282,0.822027,False,29.82
14283,0.754557,False,27.37
14284,0.776312,False,28.16
14285,0.770298,False,27.94
14286,0.754125,False,27.35
14287,1.284852,True,46.61
14288,0.434767,False,15.77
14289,0.407428,False,14.78
14290,0.423842,False,15.37
14291,0.511033,False,18.54
14292,0.538791,False,19.54
14293,0.487403,False,17.68
14294,0.494049,False,17.92
14295,0.471675,False,17.11
14296,0.469118,False,17.02
14297,0.443476,False,16.09
14298,0.447663,False,16.24
14299,0.440287,False,15.97
14300,0.42986,False,15.59
14301,0.500207,False,18.14
14302,0.407967,False,14.8
14303,0.427023,False,15.49
14304,0.399888,False,14.51
14305,0.390032,False,14.15
14306,0.370289,False,13.43
14307,0.460524,False,16.7
14308,0.369091,False,13.39
14309,0.367033,False,13.31
14310,0.431209,False,15.64
14311,0.34335,False,12.45
14312,0.379299,False,13.76
14313,0.353056,False,12.81
14314,0.334742,False,12.14
14315,0.472255,False,17.13
14316,0.349971,False,12.69
14317,0.329715,False,11.96
14318,0.321713,False,11.67
14319,0.364849,False,13.23
14320,0.339145,False,12.3
14321,0.322682,False,11.7
14322,0.332697,False,12.07
14323,0.512351,False,18.58
14324,0.325463,False,11.81
14325,0.437858,False,15.88
14326,0.333244,False,12.09
14327,0.363227,False,13.18
14328,0.337006,False,12.22
14329,0.390521,False,14.17
14330,0.400854,False,14.54
14331,0.48026,False,17.42
14332,0.417062,False,15.13
14333,0.369005,False,13.38
14334,0.382273,False,13.87
14335,0.390169,False,14.15
14336,0.353163,False,12.81
14337,0.350091,False,12.7
14338,0.420896,False,15.27
14339,0.425102,False,15.42
14340,0.517766,False,18.78
14341,0.390785,False,14.17
14342,0.615478,False,22.33
14343,0.64702,False,23.47
14344,0.659089,False,23.91
14345,0.573953,False,20.82
14346,0.566083,False,20.53
14347,0.639636,False,23.2
14348,0.579317,False,21.01
14349,0.608326,False,22.07
14350,0.5763,False,20.9
14351,0.636686,False,23.09
14352,0.574101,False,20.82
14353,0.570568,False,20.7
14354,0.589427,False,21.38
14355,0.583388,False,21.16
14356,0.568757,False,20.63
14357,0.56936,False,20.65
14358,0.572046,False,20.75
14359,0.576543,False,20.91
14360,0.57604,False,20.89
14361,0.577909,False,20.96
14362,0.577441,False,20.95
14363,0.587112,False,21.3
14364,0.583241,False,21.16
14365,0.595486,False,21.6
14366,0.591252,False,21.45
14367,0.648173,False,23.51
14368,0.59904,False,21.73
14369,0.614281,False,22.28
14370,0.612597,False,22.22
14371,0.630961,False,22.89
14372,0.645862,False,23.43
14373,0.669465,False,24.28
14374,0.632532,False,22.94
14375,0.64182,False,23.28
14376,0.646165,False,23.44
14377,0.660391,False,23.95
14378,0.66288,False,24.04
14379,0.662964,False,24.05
14380,0.675996,False,24.52
14381,0.672148,False,24.38
14382,0.678085,False,24.6
14383,0.70224,False,25.47
14384,0.72386,False,26.26
14385,0.701948,False,25.46
14386,0.653159,False,23.69
14387,0.612476,False,22.22
14388,0.523685,False,19.0
14389,0.569426,False,20.65
14390,0.537596,False,19.5
14391,0.509222,False,18.47
14392,0.539272,False,19.56
14393,0.504693,False,18.31
14394,0.501491,False,18.19
14395,0.498939,False,18.1
14396,0.513181,False,18.61
14397,0.518865,False,18.82
14398,0.49458,False,17.94
14399,0.49654,False,18.01
14400,0.539828,False,19.58
14401,0.497786,False,18.06
14402,0.590351,False,21.41
14403,0.50517,False,18.32
14404,0.520333,False,18.87
14405,0.577867,False,20.96
14406,0.521773,False,18.93
14407,0.580116,False,21.04
14408,0.536219,False,19.45
14409,0.577729,False,20.96
14410,0.546024,False,19.81
14411,0.547533,False,19.86
14412,0.654022,False,23.72
14413,0.603355,False,21.89
14414,0.565772,False,20.52
14415,0.572637,False,20.77
14416,0.583856,False,21.18
14417,0.633333,False,22.97
14418,0.595685,False,21.61
14419,0.608685,False,22.08
14420,0.613761,False,22.26
14421,0.650605,False,23.6
14422,0.627183,False,22.75
14423,0.65037,False,23.59
14424,0.69191,False,25.1
14425,0.648986,False,23.54
14426,0.884591,False,32.09
14427,0.90328,False,32.76
14428,0.885675,False,32.13
14429,0.815668,False,29.59
14430,0.783626,False,28.42
14431,0.798701,False,28.97
14432,0.765718,False,27.77
14433,0.835025,False,30.29
14434,0.772026,False,28.0
14435,0.816852,False,29.63
14436,0.775121,False,28.12
14437,0.803437,False,29.14
14438,0.762669,False,27.66
14439,0.742112,False,26.92
14440,0.763478,False,27.69
14441,0.741363,False,26.89
14442,0.751004,False,27.24
14443,0.752314,False,27.29
14444,0.752059,False,27.28
14445,0.760315,False,27.58
14446,0.765932,False,27.78
14447,0.832523,False,30.2
14448,0.794616,False,28.82
14449,0.762743,False,27.67
14450,0.830394,False,30.12
14451,0.781302,False,28.34
14452,0.812525,False,29.47
14453,0.795738,False,28.86
14454,0.870304,False,31.57
14455,0.825781,False,29.95
14456,0.823489,False,29.87
14457,0.845346,False,30.66
14458,0.862915,False,31.3
14459,0.843684,False,30.6
14460,0.819585,False,29.73
14461,0.800981,False,29.05
14462,0.884482,False,32.08
14463,0.895501,False,32.48
14464,0.868871,False,31.52
14465,0.253298,False,9.19
14466,0.287063,False,10.41
14467,0.372931,False,13.53
14468,0.362235,False,13.14
14469,0.37472,False,13.59
14470,0.496893,False,18.02
14471,0.521727,False,18.92
14472,0.440394,False,15.97
14473,0.463645,False,16.82
14474,0.422305,False,15.32
14475,0.441967,False,16.03
14476,0.412202,False,14.95
14477,0.44156,False,16.02
14478,0.434271,False,15.75
14479,0.397022,False,14.4
14480,0.407103,False,14.77
14481,0.471883,False,17.12
14482,0.380194,False,13.79
14483,0.401986,False,14.58
14484,0.395824,False,14.36
14485,0.353879,False,12.84
14486,0.449496,False,16.3
14487,0.424747,False,15.41
14488,0.332939,False,12.08
14489,0.331274,False,12.02
14490,0.342292,False,12.42
14491,0.348764,False,12.65
14492,0.419329,False,15.21
14493,0.323263,False,11.73
14494,0.321104,False,11.65
14495,0.368239,False,13.36
14496,0.312307,False,11.33
14497,0.319811,False,11.6
14498,0.361396,False,13.11
14499,0.324766,False,11.78
14500,0.30977,False,11.24
14501,0.447459,False,16.23
14502,0.315271,False,11.44
14503,0.420299,False,15.25
14504,0.389333,False,14.12
14505,0.350953,False,12.73
14506,0.335599,False,12.17
14507,0.362318,False,13.14
14508,0.328112,False,11.9
14509,0.395549,False,14.35
14510,0.332361,False,12.06
14511,0.396114,False,14.37
14512,0.324263,False,11.76
14513,0.30888,False,11.2
14514,0.309492,False,11.23
14515,0.421226,False,15.28
14516,0.432389,False,15.68
14517,0.32533,False,11.8
14518,0.341314,False,12.38
14519,0.349968,False,12.69
14520,0.349555,False,12.68
14521,0.369152,False,13.39
14522,0.345986,False,12.55
14523,0.337792,False,12.25
14524,0.340698,False,12.36
14525,0.3459,False,12.55
14526,0.363362,False,13.18
14527,0.408993,False,14.84
14528,0.741471,False,26.9
14529,0.775658,False,28.14
14530,0.823485,False,29.87
14531,0.631947,False,22.92
14532,0.631023,False,22.89
14533,0.622025,False,22.56
14534,0.612349,False,22.21
14535,0.607803,False,22.05
14536,0.661015,False,23.98
14537,0.657469,False,23.85
14538,0.624042,False,22.64
14539,0.610119,False,22.13
14540,0.621013,False,22.53
14541,0.612764,False,22.23
14542,0.685227,False,24.86
14543,0.604254,False,21.92
14544,0.644164,False,23.37
14545,0.609345,False,22.1
14546,0.618159,False,22.42
14547,0.621845,False,22.56
14548,0.614177,False,22.28
14549,0.662958,False,24.05
14550,0.618966,False,22.45
14551,0.635259,False,23.04
14552,0.601706,False,21.83
14553,0.621528,False,22.54
14554,0.595048,False,21.58
14555,0.679826,False,24.66
14556,0.632117,False,22.93
14557,0.609791,False,22.12
14558,0.663062,False,24.05
14559,1.587168,True,57.57
14560,0.743348,False,26.96
14561,0.735591,False,26.68
14562,0.781554,False,28.35
14563,0.79685,False,28.9
14564,0.797761,False,28.94
14565,0.906667,False,32.89
14566,0.837046,False,30.36
14567,0.799111,False,28.99
14568,0.88489,False,32.1
14569,0.863716,False,31.33
14570,0.851416,False,30.88
14571,0.73864,False,26.79
14572,0.613493,False,22.25
14573,0.661103,False,23.98
14574,0.505827,False,18.35
14575,0.524898,False,19.04
14576,0.515538,False,18.7
14577,0.64446,False,23.38
14578,0.505501,False,18.34
14579,0.520697,False,18.89
14580,0.512662,False,18.6
14581,0.53777,False,19.51
14582,0.515561,False,18.7
14583,0.51673,False,18.74
14584,1.090432,True,39.55
14585,1.103459,True,40.03
14586,1.211039,True,43.93
14587,1.178986,True,42.77
14588,1.365221,True,49.52
14589,1.419656,True,51.49
14590,1.838553,True,66.69
14591,0.7159,False,25.97
14592,0.768852,False,27.89
14593,0.75456,False,27.37
14594,0.622704,False,22.59
14595,0.57151,False,20.73
14596,0.579892,False,21.03
14597,0.570777,False,20.7
14598,0.592524,False,21.49
14599,0.545688,False,19.79
14600,0.558778,False,20.27
14601,0.545368,False,19.78
14602,0.603598,False,21.89
14603,0.566958,False,20.57
14604,0.580859,False,21.07
14605,0.538138,False,19.52
14606,0.563663,False,20.45
14607,0.547359,False,19.85
14608,0.596987,False,21.65
14609,0.533417,False,19.35
14610,0.533041,False,19.33
14611,0.509409,False,18.48
14612,0.527624,False,19.14
14613,0.555885,False,20.16
14614,0.543911,False,19.73
14615,0.509143,False,18.47
14616,0.53116,False,19.27
14617,0.608182,False,22.06
14618,0.503907,False,18.28
14619,0.558717,False,20.27
14620,0.569592,False,20.66
14621,0.530527,False,19.24
14622,0.547137,False,19.85
14623,0.563323,False,20.43
14624,0.541324,False,19.64
14625,0.558346,False,20.25
14626,0.539791,False,19.58
14627,0.574111,False,20.82
14628,0.542439,False,19.68
14629,0.515846,False,18.71
14630,0.555203,False,20.14
14631,0.552482,False,20.04
14632,0.578699,False,20.99
14633,0.567827,False,20.6
14634,0.528196,False,19.16
14635,0.60321,False,21.88
14636,0.551422,False,20.0
14637,0.545896,False,19.8
14638,0.574917,False,20.85
14639,0.569395,False,20.65
14640,0.558797,False,20.27
14641,0.595509,False,21.6
14642,1.447216,True,52.49
14643,0.925723,False,33.58
14644,0.888025,False,32.21
14645,0.885217,False,32.11
14646,1.016106,True,36.86
14647,1.014138,True,36.79
14648,1.062385,True,38.54
14649,1.083783,True,39.31
14650,1.516948,True,55.02
14651,0.927505,False,33.64
14652,0.773999,False,28.08
14653,0.769685,False,27.92
14654,0.649386,False,23.56
14655,0.653174,False,23.69
14656,0.643982,False,23.36
14657,0.642987,False,23.32
14658,0.681862,False,24.73
14659,0.669242,False,24.28
14660,0.654758,False,23.75
14661,0.649898,False,23.57
14662,0.672845,False,24.41
14663,0.655415,False,23.77
14664,0.652832,False,23.68
14665,0.65993,False,23.94
14666,0.646067,False,23.43
14667,0.664904,False,24.12
14668,0.642606,False,23.31
14669,0.650535,False,23.6
14670,0.656161,False,23.8
14671,0.659075,False,23.91
14672,0.653279,False,23.7
14673,0.662106,False,24.02
14674,0.655856,False,23.79
14675,0.658063,False,23.87
14676,0.661292,False,23.99
14677,0.666365,False,24.17
14678,0.625247,False,22.68
14679,0.725502,False,26.32
14680,0.728898,False,26.44
14681,0.552579,False,20.04
14682,0.636822,False,23.1
14683,0.572002,False,20.75
14684,0.561266,False,20.36
14685,0.542588,False,19.68
14686,0.552357,False,20.04
14687,0.493138,False,17.89
14688,0.490065,False,17.78
14689,0.461227,False,16.73
14690,0.453881,False,16.46
14691,0.456778,False,16.57
14692,0.453231,False,16.44
14693,0.455649,False,16.53
14694,0.530157,False,19.23
14695,0.436411,False,15.83
14696,0.428221,False,15.53
14697,0.478869,False,17.37
14698,0.429134,False,15.57
14699,0.467792,False,16.97
14700,0.470088,False,17.05
14701,0.502607,False,18.23
14702,0.552635,False,20.05
14703,0.565735,False,20.52
14704,0.54037,False,19.6
14705,0.561001,False,20.35
14706,0.54949,False,19.93
14707,0.64772,False,23.49
14708,0.525524,False,19.06
14709,0.555672,False,20.16
14710,0.592147,False,21.48
14711,0.524463,False,19.02
14712,0.561051,False,20.35
14713,0.519677,False,18.85
14714,0.51607,False,18.72
14715,0.523066,False,18.97
14716,0.507609,False,18.41
14717,0.54386,False,19.73
14718,0.543843,False,19.73
14719,0.493232,False,17.89
14720,0.546543,False,19.82
14721,0.472758,False,17.15
14722,0.506899,False,18.39
14723,0.504277,False,18.29
14724,0.461184,False,16.73
14725,0.469263,False,17.02
14726,0.456715,False,16.57
14727,0.458486,False,16.63
14728,0.451192,False,16.37
14729,0.430517,False,15.62
14730,0.670292,False,24.31
14731,0.612497,False,22.22
14732,0.742955,False,26.95
14733,0.630426,False,22.87
14734,0.694135,False,25.18
14735,0.581507,False,21.09
14736,0.570417,False,20.69
14737,0.558836,False,20.27
14738,0.526987,False,19.12
14739,0.520361,False,18.87
14740,0.630091,False,22.86
14741,0.50078,False,18.16
14742,0.520693,False,18.89
14743,0.563359,False,20.43
14744,0.545004,False,19.77
14745,0.503112,False,18.25
14746,0.505614,False,18.34
14747,0.540691,False,19.61
14748,0.538893,False,19.55
14749,0.514007,False,18.64
14750,0.520726,False,18.89
14751,0.538961,False,19.55
14752,0.526332,False,19.09
14753,0.484763,False,17.58
14754,0.606298,False,21.99
14755,0.488287,False,17.71
14756,0.530708,False,19.25
14757,0.49004,False,17.78
14758,0.553496,False,20.08
14759,0.511398,False,18.55
14760,0.519069,False,18.83
14761,0.508484,False,18.44
14762,0.497985,False,18.06
14763,0.500895,False,18.17
14764,0.514671,False,18.67
14765,0.43675,False,15.84
14766,0.483102,False,17.52
14767,0.444507,False,16.12
14768,0.511835,False,18.57
14769,0.521337,False,18.91
14770,0.479728,False,17.4
14771,0.605881,False,21.98
14772,0.520662,False,18.89
14773,0.456241,False,16.55
14774,0.514448,False,18.66
14775,0.440508,False,15.98
14776,0.473243,False,17.17
14777,0.429747,False,15.59
14778,0.560962,False,20.35
14779,0.463881,False,16.83
14780,0.416526,False,15.11
14781,0.478015,False,17.34
14782,0.409179,False,14.84
14783,0.411465,False,14.93
14784,0.449374,False,16.3
14785,0.401648,False,14.57
14786,0.38976,False,14.14
14787,0.45394,False,16.47
14788,0.39954,False,14.49
14789,0.417913,False,15.16
14790,0.378108,False,13.72
14791,0.506854,False,18.39
14792,0.400445,False,14.53
14793,0.409045,False,14.84
14794,0.369662,False,13.41
14795,0.550527,False,19.97
14796,0.368431,False,13.36
14797,0.500492,False,18.15
14798,0.544836,False,19.76
14799,0.381369,False,13.83
14800,0.473733,False,17.18
14801,0.554311,False,20.11
14802,0.376734,False,13.67
14803,0.409894,False,14.87
14804,0.380187,False,13.79
14805,0.41079,False,14.9
14806,0.407339,False,14.78
14807,0.408113,False,14.8
14808,0.547233,False,19.85
14809,0.516172,False,18.72
14810,0.412629,False,14.97
14811,0.470331,False,17.06
14812,0.42459,False,15.4
14813,0.430324,False,15.61
14814,0.439405,False,15.94
14815,0.469143,False,17.02
14816,0.487757,False,17.69
14817,0.610865,False,22.16
14818,0.521892,False,18.93
14819,0.425715,False,15.44
14820,0.406752,False,14.75
14821,0.4096,False,14.86
14822,0.407686,False,14.79
14823,0.405735,False,14.72
14824,0.417368,False,15.14
14825,0.414363,False,15.03
14826,0.454745,False,16.49
14827,0.505622,False,18.34
14828,0.738835,False,26.8
14829,0.744775,False,27.02
14830,0.7639,False,27.71
14831,0.68459,False,24.83
14832,0.687454,False,24.94
14833,0.741737,False,26.9
14834,0.655736,False,23.79
14835,0.639435,False,23.19
14836,0.733001,False,26.59
14837,0.635743,False,23.06
14838,0.630293,False,22.86
14839,0.61387,False,22.27
14840,0.604105,False,21.91
14841,0.616022,False,22.34
14842,0.579343,False,21.01
14843,0.63873,False,23.17
14844,0.559565,False,20.3
14845,0.555731,False,20.16
14846,0.60788,False,22.05
14847,0.547172,False,19.85
14848,0.586859,False,21.29
14849,0.593967,False,21.54
14850,0.576834,False,20.92
14851,0.538028,False,19.52
14852,0.524341,False,19.02
14853,0.526026,False,19.08
14854,0.52641,False,19.09
14855,0.554694,False,20.12
14856,0.506161,False,18.36
14857,0.504476,False,18.3
14858,0.504257,False,18.29
14859,0.59126,False,21.45
14860,0.522465,False,18.95
14861,0.541078,False,19.63
14862,0.48265,False,17.51
14863,0.563065,False,20.42
14864,0.562652,False,20.41
14865,0.492108,False,17.85
14866,0.519251,False,18.83
14867,0.499851,False,18.13
14868,0.519302,False,18.84
14869,0.516702,False,18.74
14870,0.544514,False,19.75
14871,0.53002,False,19.23
14872,0.549643,False,19.94
14873,0.521793,False,18.93
14874,0.51992,False,18.86
14875,0.522052,False,18.94
14876,0.529551,False,19.21
14877,0.562537,False,20.4
14878,0.541701,False,19.65
14879,0.531492,False,19.28
14880,0.5428,False,19.69
14881,0.571119,False,20.72
14882,0.595673,False,21.61
14883,0.555207,False,20.14
14884,0.556634,False,20.19
14885,0.651614,False,23.64
14886,0.564996,False,20.49
14887,0.607228,False,22.03
14888,0.615275,False,22.32
14889,0.655393,False,23.77
14890,0.63111,False,22.89
14891,0.648717,False,23.53
14892,0.642219,False,23.3
14893,0.674746,False,24.47
14894,0.659632,False,23.93
14895,0.934117,False,33.88
14896,0.902428,False,32.73
14897,1.052332,True,38.17
14898,0.844425,False,30.63
14899,0.853227,False,30.95
14900,0.861747,False,31.26
14901,0.865394,False,31.39
14902,0.766468,False,27.8
14903,0.809957,False,29.38
14904,0.960269,True,34.83
14905,0.815263,False,29.57
14906,0.844891,False,30.65
14907,0.822418,False,29.83
14908,0.75716,False,27.46
14909,0.870055,False,31.56
14910,0.772357,False,28.02
14911,0.753156,False,27.32
14912,0.753971,False,27.35
14913,0.77429,False,28.09
14914,0.819226,False,29.72
14915,0.748922,False,27.17
14916,0.793759,False,28.79
14917,0.755644,False,27.41
14918,0.747291,False,27.11
14919,0.754701,False,27.38
14920,0.745073,False,27.03
14921,0.772793,False,28.03
14922,0.85358,False,30.96
14923,0.837183,False,30.37
14924,0.750929,False,27.24
14925,0.871604,False,31.62
14926,0.79308,False,28.77
14927,0.735759,False,26.69
14928,0.779972,False,28.29
14929,0.762497,False,27.66
14930,0.73921,False,26.81
14931,0.780979,False,28.33
14932,0.897196,False,32.54
14933,0.72713,False,26.38
14934,0.79619,False,28.88
14935,0.7986,False,28.97
14936,0.799589,False,29.0
14937,0.855103,False,31.02
14938,0.829782,False,30.1
14939,0.809824,False,29.37
14940,0.816115,False,29.6
14941,0.890187,False,32.29
14942,0.736111,False,26.7
14943,0.734233,False,26.63
14944,0.73515,False,26.67
14945,0.737404,False,26.75
14946,1.728967,True,62.71
14947,0.762078,False,27.64
14948,0.837626,False,30.38
14949,0.840264,False,30.48
14950,0.780982,False,28.33
14951,0.837364,False,30.37
14952,0.823725,False,29.88
14953,0.764698,False,27.74
14954,0.807981,False,29.31
14955,0.798758,False,28.97
14956,0.865982,False,31.41
14957,0.873225,False,31.67
14958,0.863276,False,31.31
14959,0.689977,False,25.03
14960,0.610228,False,22.13
14961,0.574231,False,20.83
14962,0.567439,False,20.58
14963,0.592342,False,21.49
14964,0.529446,False,19.2
14965,0.551742,False,20.01
14966,0.530296,False,19.24
14967,0.520609,False,18.88
14968,0.53818,False,19.52
14969,0.533147,False,19.34
14970,0.528041,False,19.15
14971,0.519905,False,18.86
14972,0.520606,False,18.88
14973,0.512521,False,18.59
14974,0.51566,False,18.7
14975,0.526194,False,19.09
14976,0.570514,False,20.69
14977,0.488255,False,17.71
14978,0.498025,False,18.06
14979,0.497201,False,18.03
14980,0.548842,False,19.91
14981,0.474573,False,17.21
14982,0.49616,False,18.0
14983,0.485563,False,17.61
14984,0.493178,False,17.89
14985,0.481454,False,17.46
14986,0.563683,False,20.45
14987,0.488438,False,17.72
14988,0.535193,False,19.41
14989,0.473378,False,17.17
14990,0.520395,False,18.88
14991,0.472227,False,17.13
14992,0.523585,False,18.99
14993,0.491223,False,17.82
14994,0.487162,False,17.67
14995,0.592506,False,21.49
14996,0.466906,False,16.94
14997,0.484807,False,17.59
14998,0.488877,False,17.73
14999,0.493762,False,17.91
15000,0.469402,False,17.03
15001,0.907505,False,32.92
15002,0.887086,False,32.18
15003,1.094067,True,39.68
15004,0.811504,False,29.44
15005,0.803014,False,29.13
15006,0.796004,False,28.87
15007,0.846434,False,30.7
15008,0.807006,False,29.27
15009,0.812453,False,29.47
15010,0.793288,False,28.77
15011,0.824162,False,29.89
15012,0.762023,False,27.64
15013,0.772252,False,28.01
15014,0.762991,False,27.68
15015,0.760914,False,27.6
15016,0.794652,False,28.82
15017,0.818768,False,29.7
15018,0.748309,False,27.14
15019,0.796923,False,28.91
15020,0.791792,False,28.72
15021,0.812549,False,29.47
15022,0.796388,False,28.89
15023,0.814963,False,29.56
15024,0.877073,False,31.81
15025,0.80281,False,29.12
15026,0.793583,False,28.79
15027,0.795309,False,28.85
15028,0.838641,False,30.42
15029,0.803468,False,29.14
15030,0.776814,False,28.18
15031,0.779361,False,28.27
15032,0.786351,False,28.52
15033,0.781135,False,28.33
15034,0.798491,False,28.96
15035,0.785114,False,28.48
15036,0.797251,False,28.92
15037,0.792507,False,28.75
15038,0.806744,False,29.26
15039,0.808782,False,29.34
15040,0.789217,False,28.63
15041,0.784363,False,28.45
15042,0.793891,False,28.8
15043,0.795347,False,28.85
15044,0.787455,False,28.56
15045,0.790384,False,28.67
15046,0.826015,False,29.96
15047,0.831723,False,30.17
15048,0.812228,False,29.46
15049,0.783097,False,28.41
15050,0.824677,False,29.91
15051,0.812054,False,29.46
15052,0.828989,False,30.07
15053,0.807456,False,29.29
15054,0.783666,False,28.43
15055,0.789287,False,28.63
15056,0.901391,False,32.7
15057,0.801908,False,29.09
15058,0.835793,False,30.32
15059,0.8162,False,29.61
15060,0.810744,False,29.41
15061,0.812653,False,29.48
15062,0.498082,False,18.07
15063,0.577852,False,20.96
15064,0.5618,False,20.38
15065,0.448136,False,16.26
15066,0.459809,False,16.68
15067,0.449685,False,16.31
15068,0.461431,False,16.74
15069,0.429571,False,15.58
15070,0.497394,False,18.04
15071,0.423887,False,15.38
15072,0.413976,False,15.02
15073,0.408095,False,14.8
15074,0.431653,False,15.66
15075,0.402139,False,14.59
15076,0.432552,False,15.69
15077,0.475422,False,17.24
15078,0.402262,False,14.59
15079,0.422366,False,15.32
15080,0.412426,False,14.96
15081,0.404421,False,14.67
15082,0.419082,False,15.2
15083,0.420809,False,15.26
15084,0.390386,False,14.16
15085,0.402518,False,14.6
15086,0.414359,False,15.03
15087,0.412583,False,14.97
15088,0.474692,False,17.22
15089,0.463664,False,16.82
15090,0.44289,False,16.06
15091,0.466471,False,16.92
15092,0.403622,False,14.64
15093,0.432947,False,15.7
15094,0.408935,False,14.83
15095,0.482205,False,17.49
15096,0.437657,False,15.88
15097,0.522261,False,18.94
15098,0.509312,False,18.47
15099,0.50387,False,18.28
15100,0.505886,False,18.35
15101,0.663402,False,24.06
15102,0.660811,False,23.97
15103,0.677307,False,24.57
15104,0.702164,False,25.47
15105,0.702118,False,25.47
15106,0.744228,False,27.0
15107,0.767032,False,27.82
15108,0.769642,False,27.92
15109,0.728673,False,26.43
15110,0.71801,False,26.04
15111,0.684774,False,24.84
15112,0.699668,False,25.38
15113,0.655228,False,23.77
15114,0.631391,False,22.9
15115,0.710893,False,25.79
15116,0.637339,False,23.12
15117,0.674036,False,24.45
15118,0.682045,False,24.74
15119,0.625988,False,22.71
15120,0.649051,False,23.54
15121,0.641299,False,23.26
15122,0.619912,False,22.49
15123,0.657381,False,23.85
15124,0.655405,False,23.77
15125,0.667964,False,24.23
15126,0.688087,False,24.96
15127,0.640645,False,23.24
15128,0.577789,False,20.96
15129,0.648972,False,23.54
15130,0.574755,False,20.85
15131,0.604553,False,21.93
15132,0.578543,False,20.99
15133,0.645038,False,23.4
15134,0.571043,False,20.71
15135,0.603503,False,21.89
15136,0.62666,False,22.73
15137,0.685297,False,24.86
15138,0.493234,False,17.89
15139,0.589993,False,21.4
15140,0.777756,False,28.21
15141,0.638902,False,23.17
15142,0.669093,False,24.27
15143,0.641373,False,23.26
15144,0.589222,False,21.37
15145,0.571851,False,20.74
15146,0.590191,False,21.41
15147,0.621167,False,22.53
15148,0.580152,False,21.04
15149,0.565893,False,20.53
15150,0.59803,False,21.69
15151,0.55646,False,20.18
15152,0.53477,False,19.4
15153,0.566553,False,20.55
15154,0.588986,False,21.36
15155,0.525099,False,19.05
15156,0.54244,False,19.68
15157,0.581605,False,21.1
15158,0.602512,False,21.85
15159,0.511219,False,18.54
15160,0.500509,False,18.15
15161,0.719293,False,26.09
15162,0.679688,False,24.65
15163,0.494529,False,17.94
15164,0.592856,False,21.5
15165,0.556842,False,20.2
15166,0.550118,False,19.95
15167,0.488725,False,17.73
15168,0.531859,False,19.29
15169,0.565523,False,20.51
15170,0.613364,False,22.25
15171,0.486651,False,17.65
15172,0.637308,False,23.12
15173,0.545552,False,19.79
15174,0.5496,False,19.94
15175,0.629751,False,22.84
15176,0.569907,False,20.67
15177,0.47851,False,17.36
15178,0.496229,False,18.0
15179,0.564772,False,20.49
15180,0.586645,False,21.28
15181,0.483427,False,17.54
15182,0.505127,False,18.32
15183,0.494114,False,17.92
15184,0.641724,False,23.28
15185,0.678925,False,24.63
15186,0.504085,False,18.28
15187,0.562436,False,20.4
15188,0.604981,False,21.94
15189,0.587325,False,21.3
15190,0.542936,False,19.69
15191,0.527946,False,19.15
15192,0.481427,False,17.46
15193,0.485296,False,17.6
15194,0.520583,False,18.88
15195,0.551781,False,20.01
15196,0.503483,False,18.26
15197,0.544021,False,19.73
15198,0.479616,False,17.4
15199,0.487818,False,17.69
15200,0.49383,False,17.91
15201,0.448655,False,16.27
15202,0.517037,False,18.75
15203,0.535678,False,19.43
15204,0.430613,False,15.62
15205,0.460011,False,16.69
15206,0.407571,False,14.78
15207,0.396035,False,14.37
15208,0.386558,False,14.02
15209,0.383012,False,13.89
15210,0.372967,False,13.53
15211,0.376275,False,13.65
15212,0.353476,False,12.82
15213,0.346956,False,12.59
15214,0.414467,False,15.03
15215,0.3315,False,12.02
15216,0.381805,False,13.85
15217,0.361763,False,13.12
15218,0.425595,False,15.44
15219,0.339182,False,12.3
15220,0.433476,False,15.72
15221,0.384139,False,13.93
15222,0.359516,False,13.04
15223,0.394534,False,14.31
15224,0.332163,False,12.05
15225,0.308427,False,11.19
15226,0.341883,False,12.4
15227,0.309979,False,11.24
15228,0.349256,False,12.67
15229,0.324143,False,11.76
15230,0.34797,False,12.62
15231,0.415546,False,15.07
15232,0.337175,False,12.23
15233,0.35244,False,12.78
15234,0.384206,False,13.94
15235,0.393013,False,14.26
15236,0.467484,False,16.96
15237,0.472209,False,17.13
15238,0.43631,False,15.83
15239,0.43812,False,15.89
15240,0.522442,False,18.95
15241,0.400344,False,14.52
15242,0.387479,False,14.05
15243,0.372397,False,13.51
15244,0.428695,False,15.55
15245,0.431359,False,15.65
15246,0.459549,False,16.67
15247,0.432912,False,15.7
15248,0.379411,False,13.76
15249,0.75383,False,27.34
15250,0.76468,False,27.74
15251,0.768544,False,27.88
15252,0.662855,False,24.04
15253,0.660446,False,23.96
15254,0.667634,False,24.22
15255,0.644735,False,23.39
15256,0.629346,False,22.83
15257,0.620408,False,22.5
15258,0.62083,False,22.52
15259,0.636903,False,23.1
15260,0.622121,False,22.57
15261,0.630337,False,22.86
15262,0.616004,False,22.34
15263,0.610597,False,22.15
15264,0.612979,False,22.23
15265,0.66085,False,23.97
15266,0.653061,False,23.69
15267,0.611943,False,22.2
15268,0.637171,False,23.11
15269,0.628126,False,22.78
15270,0.628273,False,22.79
15271,0.631572,False,22.91
15272,0.657201,False,23.84
15273,0.672872,False,24.41
15274,0.662281,False,24.02
15275,0.693915,False,25.17
15276,0.697709,False,25.31
15277,0.688214,False,24.96
15278,0.685038,False,24.85
15279,0.721149,False,26.16
15280,0.714151,False,25.9
15281,0.737505,False,26.75
15282,0.717934,False,26.04
15283,0.891471,False,32.34
15284,0.719734,False,26.11
15285,0.695308,False,25.22
15286,0.693695,False,25.16
15287,0.671328,False,24.35
15288,0.72614,False,26.34
15289,0.69352,False,25.16
15290,0.71529,False,25.95
15291,0.687017,False,24.92
15292,0.671597,False,24.36
15293,0.658961,False,23.9
15294,0.633874,False,22.99
15295,0.640643,False,23.24
15296,0.644626,False,23.38
15297,0.675916,False,24.52
15298,0.687826,False,24.95
15299,0.691311,False,25.08
15300,0.72983,False,26.47
15301,0.704547,False,25.56
15302,0.652438,False,23.67
15303,0.664773,False,24.11
15304,0.682178,False,24.74
15305,0.666399,False,24.17
15306,0.737916,False,26.77
15307,0.724191,False,26.27
15308,0.696988,False,25.28
15309,0.659144,False,23.91
15310,0.725285,False,26.31
15311,0.687086,False,24.92
15312,0.693984,False,25.17
15313,0.668936,False,24.26
15314,0.681705,False,24.73
15315,0.654955,False,23.76
15316,0.797298,False,28.92
15317,0.64763,False,23.49
15318,0.726783,False,26.36
15319,0.701081,False,25.43
15320,0.719785,False,26.11
15321,0.653062,False,23.69
15322,0.665349,False,24.13
15323,0.75236,False,27.29
15324,0.732681,False,26.58
15325,0.758192,False,27.5
15326,0.789735,False,28.65
15327,0.694924,False,25.21
15328,0.681262,False,24.71
15329,0.691119,False,25.07
15330,0.718465,False,26.06
15331,0.793278,False,28.77
15332,0.739885,False,26.84
15333,0.728427,False,26.42
15334,0.719357,False,26.09
15335,0.840325,False,30.48
15336,0.724424,False,26.28
15337,0.789411,False,28.63
15338,0.811345,False,29.43
15339,0.700212,False,25.4
15340,0.691719,False,25.09
15341,0.686961,False,24.92
15342,0.813565,False,29.51
15343,0.747844,False,27.13
15344,0.768821,False,27.89
15345,0.75033,False,27.22
15346,0.78347,False,28.42
15347,0.700428,False,25.41
15348,0.75076,False,27.23
15349,0.901255,False,32.69
15350,0.740476,False,26.86
15351,0.735036,False,26.66
15352,0.71723,False,26.02
15353,0.382355,False,13.87
15354,0.391641,False,14.21
15355,0.363964,False,13.2
15356,0.493716,False,17.91
15357,0.392002,False,14.22
15358,0.414021,False,15.02
15359,0.540844,False,19.62
15360,0.378401,False,13.73
15361,0.384502,False,13.95
15362,0.355874,False,12.91
15363,0.331526,False,12.03
15364,0.380886,False,13.82
15365,0.309867,False,11.24
15366,0.302532,False,10.97
15367,0.563832,False,20.45
15368,0.5191,False,18.83
15369,0.495197,False,17.96
15370,0.474475,False,17.21
15371,0.474545,False,17.21
15372,0.460754,False,16.71
15373,0.470595,False,17.07
15374,0.444963,False,16.14
15375,0.435285,False,15.79
15376,0.513247,False,18.62
15377,0.568077,False,20.61
15378,0.41285,False,14.98
15379,0.437077,False,15.85
15380,0.414704,False,15.04
15381,0.40161,False,14.57
15382,0.394512,False,14.31
15383,0.387013,False,14.04
15384,0.411588,False,14.93
15385,0.454806,False,16.5
15386,0.370111,False,13.42
15387,0.37593,False,13.64
15388,0.472211,False,17.13
15389,0.414512,False,15.04
15390,0.40296,False,14.62
15391,0.493199,False,17.89
15392,0.507802,False,18.42
15393,0.499769,False,18.13
15394,0.547158,False,19.85
15395,0.540078,False,19.59
15396,0.467747,False,16.97
15397,0.453382,False,16.45
15398,0.526339,False,19.09
15399,0.44984,False,16.32
15400,0.462848,False,16.79
15401,0.489891,False,17.77
15402,0.514753,False,18.67
15403,0.553322,False,20.07
15404,0.472683,False,17.15
15405,0.525586,False,19.06
15406,0.529484,False,19.21
15407,0.555565,False,20.15
15408,0.470358,False,17.06
15409,0.477704,False,17.33
15410,0.527095,False,19.12
15411,0.543681,False,19.72
15412,0.521078,False,18.9
15413,0.488276,False,17.71
15414,0.550783,False,19.98
15415,0.532776,False,19.33
15416,0.534089,False,19.37
15417,0.526312,False,19.09
15418,0.544116,False,19.74
15419,0.925841,False,33.58
15420,0.937159,False,33.99
15421,0.916075,False,33.23
15422,0.815835,False,29.59
15423,0.792074,False,28.73
15424,0.794153,False,28.81
15425,0.820619,False,29.77
15426,0.775741,False,28.14
15427,0.787763,False,28.57
15428,0.768332,False,27.87
15429,0.782357,False,28.38
15430,0.798957,False,28.98
15431,0.802241,False,29.1
15432,0.757953,False,27.49
15433,0.778064,False,28.22
15434,0.760889,False,27.6
15435,0.740653,False,26.87
15436,0.737787,False,26.76
15437,0.703754,False,25.53
15438,0.703111,False,25.5
15439,0.702283,False,25.47
15440,0.723908,False,26.26
15441,0.730497,False,26.5
15442,0.694796,False,25.2
15443,0.715622,False,25.96
15444,0.723708,False,26.25
15445,0.684604,False,24.83
15446,0.692509,False,25.12
15447,0.695912,False,25.24
15448,0.700726,False,25.42
15449,0.725968,False,26.33
15450,0.672628,False,24.4
15451,0.670322,False,24.31
15452,0.718215,False,26.05
15453,0.691007,False,25.06
15454,0.672148,False,24.38
15455,1.370991,True,49.73
15456,0.38265,False,13.88
15457,0.487555,False,17.69
15458,0.354441,False,12.86
15459,0.46146,False,16.74
15460,0.464587,False,16.85
15461,0.474948,False,17.23
15462,0.480047,False,17.41
15463,0.441144,False,16.0
15464,0.486666,False,17.65
15465,0.465171,False,16.87
15466,0.428264,False,15.53
15467,0.41221,False,14.95
15468,0.389273,False,14.12
15469,0.378932,False,13.74
15470,0.4423,False,16.04
15471,0.367065,False,13.31
15472,0.414922,False,15.05
15473,0.351356,False,12.74
15474,0.353079,False,12.81
15475,0.358032,False,12.99
15476,0.372765,False,13.52
15477,0.351571,False,12.75
15478,0.343222,False,12.45
15479,0.446368,False,16.19
15480,0.318305,False,11.55
15481,0.331224,False,12.01
15482,0.320821,False,11.64
15483,0.335333,False,12.16
15484,0.344198,False,12.49
15485,0.304959,False,11.06
15486,0.313047,False,11.36
15487,0.330753,False,12.0
15488,0.335971,False,12.19
15489,0.393631,False,14.28
15490,0.36523,False,13.25
15491,0.358329,False,13.0
15492,1.192333,True,43.25
15493,0.372953,False,13.53
15494,0.342746,False,12.43
15495,0.348648,False,12.65
15496,0.424588,False,15.4
15497,0.370263,False,13.43
15498,0.421248,False,15.28
15499,0.41963,False,15.22
15500,0.406913,False,14.76
15501,0.478183,False,17.35
15502,0.494272,False,17.93
15503,0.467162,False,16.95
15504,0.616843,False,22.37
15505,0.61457,False,22.29
15506,0.687375,False,24.93
15507,0.49914,False,18.11
15508,0.467551,False,16.96
15509,0.465074,False,16.87
15510,0.468906,False,17.01
15511,0.487554,False,17.68
15512,0.464861,False,16.86
15513,0.458083,False,16.62
15514,0.459715,False,16.68
15515,0.454717,False,16.49
15516,0.454068,False,16.47
15517,0.462398,False,16.77
15518,0.457958,False,16.61
15519,0.526688,False,19.1
15520,0.455991,False,16.54
15521,0.548427,False,19.89
15522,0.456796,False,16.57
15523,0.461849,False,16.75
15524,0.477969,False,17.34
15525,0.558741,False,20.27
15526,0.485985,False,17.63
15527,0.584692,False,21.21
15528,0.513933,False,18.64
15529,0.50008,False,18.14
15530,0.502143,False,18.21
15531,0.541681,False,19.65
15532,0.530569,False,19.25
15533,0.567775,False,20.59
15534,0.588116,False,21.33
15535,0.510929,False,18.53
15536,0.534195,False,19.38
15537,0.627457,False,22.76
15538,0.605256,False,21.95
15539,0.564966,False,20.49
15540,0.549433,False,19.93
15541,0.581829,False,21.1
15542,0.624397,False,22.65
15543,0.588751,False,21.36
15544,0.614518,False,22.29
15545,0.577974,False,20.96
15546,0.573121,False,20.79
15547,0.617826,False,22.41
15548,0.590036,False,21.4
15549,0.621862,False,22.56
15550,0.595897,False,21.61
15551,0.625121,False,22.67
15552,0.641069,False,23.25
15553,0.699083,False,25.36
15554,0.642055,False,23.29
15555,0.649765,False,23.57
15556,0.703068,False,25.5
15557,0.771875,False,28.0
15558,0.657719,False,23.86
15559,0.722724,False,26.22
15560,0.778135,False,28.23
15561,0.722945,False,26.22
15562,0.868448,False,31.5
15563,0.841621,False,30.53
15564,0.871907,False,31.63
15565,0.859854,False,31.19
15566,0.840157,False,30.47
15567,0.830625,False,30.13
15568,0.832263,False,30.19
15569,0.836747,False,30.35
15570,0.825119,False,29.93
15571,0.819312,False,29.72
15572,0.798844,False,28.98
15573,0.808879,False,29.34
15574,0.798065,False,28.95
15575,0.802969,False,29.13
15576,0.860969,False,31.23
15577,0.792514,False,28.75
15578,0.786325,False,28.52
15579,0.779898,False,28.29
15580,0.783715,False,28.43
15581,0.833859,False,30.25
15582,0.771574,False,27.99
15583,0.786656,False,28.53
15584,0.77696,False,28.18
15585,0.752699,False,27.3
15586,0.764272,False,27.72
15587,0.745909,False,27.06
15588,0.775486,False,28.13
15589,0.753917,False,27.35
15590,0.738018,False,26.77
15591,0.750586,False,27.23
15592,0.740584,False,26.86
15593,0.752055,False,27.28
15594,0.625663,False,22.69
15595,0.570659,False,20.7
15596,0.540095,False,19.59
15597,0.365168,False,13.25
15598,0.364795,False,13.23
15599,0.405209,False,14.7
15600,0.376075,False,13.64
15601,0.360364,False,13.07
15602,0.339131,False,12.3
15603,0.354173,False,12.85
15604,0.353139,False,12.81
15605,0.841546,False,30.53
15606,0.848845,False,30.79
15607,0.833232,False,30.22
15608,0.829101,False,30.07
15609,0.755144,False,27.39
15610,0.747688,False,27.12
15611,0.733191,False,26.59
15612,0.728479,False,26.42
15613,0.720635,False,26.14
15614,0.715863,False,25.97
15615,0.770557,False,27.95
15616,0.79452,False,28.82
15617,0.699968,False,25.39
15618,0.698415,False,25.33
15619,0.746095,False,27.06
15620,0.692054,False,25.1
15621,0.697098,False,25.29
15622,0.737212,False,26.74
15623,0.714579,False,25.92
15624,0.730241,False,26.49
15625,0.688879,False,24.99
15626,0.789993,False,28.66
15627,0.678737,False,24.62
15628,0.714725,False,25.93
15629,0.720269,False,26.13
15630,0.737897,False,26.77
15631,0.677427,False,24.57
15632,0.715739,False,25.96
15633,0.678462,False,24.61
15634,0.704425,False,25.55
15635,0.522193,False,18.94
15636,0.666527,False,24.18
15637,0.5296,False,19.21
15638,0.423572,False,15.36
15639,0.45673,False,16.57
15640,0.378756,False,13.74
15641,0.372455,False,13.51
15642,0.384172,False,13.94
15643,0.459258,False,16.66
15644,0.356456,False,12.93
15645,0.506297,False,18.36
15646,0.347195,False,12.59
15647,0.374399,False,13.58
15648,0.402514,False,14.6
15649,0.354941,False,12.87
15650,0.411633,False,14.93
15651,0.417203,False,15.13
15652,0.371673,False,13.48
15653,0.34816,False,12.63
15654,0.358712,False,13.01
15655,0.376978,False,13.67
15656,0.388299,False,14.08
15657,0.36201,False,13.13
15658,0.371763,False,13.48
15659,0.487326,False,17.68
15660,0.314556,False,11.41
15661,0.307688,False,11.16
15662,0.370614,False,13.44
15663,0.32447,False,11.77
15664,0.373598,False,13.55
15665,0.306278,False,11.11
15666,0.329861,False,11.97
15667,0.385347,False,13.98
15668,0.394677,False,14.32
15669,0.370075,False,13.42
15670,0.476042,False,17.27
15671,0.333129,False,12.08
15672,0.354337,False,12.85
15673,0.400897,False,14.54
15674,0.424962,False,15.41
15675,0.35848,False,13.0
15676,0.333033,False,12.08
15677,0.361191,False,13.1
15678,0.344502,False,12.5
15679,0.378257,False,13.72
15680,0.388479,False,14.09
15681,0.380719,False,13.81
15682,0.368275,False,13.36
15683,0.375856,False,13.63
15684,0.41863,False,15.18
15685,0.448768,False,16.28
15686,0.407435,False,14.78
15687,0.456056,False,16.54
15688,0.49706,False,18.03
15689,0.447413,False,16.23
15690,0.50052,False,18.16
15691,0.524874,False,19.04
15692,0.586611,False,21.28
15693,0.771557,False,27.99
15694,0.833346,False,30.23
15695,0.835942,False,30.32
15696,0.680523,False,24.68
15697,0.687838,False,24.95
15698,0.663712,False,24.07
15699,0.615616,False,22.33
15700,0.613463,False,22.25
15701,0.665237,False,24.13
15702,0.64566,False,23.42
15703,0.584002,False,21.18
15704,0.64489,False,23.39
15705,0.691022,False,25.07
15706,0.58894,False,21.36
15707,0.573399,False,20.8
15708,0.620605,False,22.51
15709,0.630541,False,22.87
15710,0.629325,False,22.83
15711,0.692542,False,25.12
15712,0.598302,False,21.7
15713,0.5973,False,21.67
15714,0.675261,False,24.49
15715,0.632464,False,22.94
15716,0.586556,False,21.28
15717,0.59605,False,21.62
15718,0.630259,False,22.86
15719,0.648901,False,23.54
15720,0.601901,False,21.83
15721,0.727212,False,26.38
15722,0.630672,False,22.88
15723,0.657425,False,23.85
15724,0.666935,False,24.19
15725,0.615648,False,22.33
15726,0.667277,False,24.2
15727,0.612005,False,22.2
15728,0.669978,False,24.3
15729,0.634726,False,23.02
15730,0.693994,False,25.17
15731,0.642445,False,23.3
15732,0.736317,False,26.71
15733,0.682504,False,24.76
15734,0.664149,False,24.09
15735,0.702707,False,25.49
15736,0.695655,False,25.23
15737,0.738398,False,26.78
15738,0.804992,False,29.2
15739,0.758973,False,27.53
15740,0.768751,False,27.88
15741,0.855632,False,31.04
15742,0.749124,False,27.17
15743,0.762938,False,27.67
15744,0.849654,False,30.82
15745,0.826741,False,29.99
15746,0.808647,False,29.33
15747,0.838764,False,30.42
15748,0.883412,False,32.04
15749,0.864938,False,31.37
15750,0.846508,False,30.71
15751,0.951551,True,34.52
15752,0.88198,False,31.99
15753,0.954982,True,34.64
15754,1.00638,True,36.5
15755,1.03458,True,37.53
15756,1.063774,True,38.59
15757,2.033255,True,73.75
15758,0.856507,False,31.07
15759,0.86075,False,31.22
15760,1.063334,True,38.57
15761,0.75311,False,27.32
15762,0.715934,False,25.97
15763,0.669199,False,24.27
15764,0.664549,False,24.11
15765,0.661871,False,24.01
15766,0.7391,False,26.81
15767,0.672729,False,24.4
15768,0.661494,False,23.99
15769,0.65574,False,23.79
15770,0.679978,False,24.66
15771,0.661172,False,23.98
15772,0.737211,False,26.74
15773,0.696716,False,25.27
15774,0.682346,False,24.75
15775,0.781022,False,28.33
15776,0.894853,False,32.46
15777,0.834326,False,30.26
15778,0.864937,False,31.37
15779,0.833602,False,30.24
15780,0.900077,False,32.65
15781,0.98789,True,35.83
15782,0.966219,True,35.05
15783,0.977876,True,35.47
15784,1.009513,True,36.62
15785,1.045861,True,37.94
15786,1.079861,True,39.17
15787,1.092251,True,39.62
15788,1.147464,True,41.62
15789,1.761718,True,63.9
15790,0.64148,False,23.27
15791,0.662443,False,24.03
15792,0.724909,False,26.29
15793,0.60115,False,21.81
15794,0.590855,False,21.43
15795,0.534911,False,19.4
15796,0.63068,False,22.88
15797,0.615732,False,22.33
15798,0.520034,False,18.86
15799,0.566611,False,20.55
15800,0.566226,False,20.54
15801,0.511237,False,18.54
15802,0.553066,False,20.06
15803,0.546816,False,19.83
15804,0.494024,False,17.92
15805,0.502317,False,18.22
15806,0.487348,False,17.68
15807,0.582712,False,21.14
15808,0.533825,False,19.36
15809,0.631655,False,22.91
15810,0.578056,False,20.97
15811,0.537733,False,19.51
15812,0.515244,False,18.69
15813,0.511097,False,18.54
15814,0.485321,False,17.6
15815,0.511034,False,18.54
15816,0.538146,False,19.52
15817,0.520631,False,18.88
15818,0.482629,False,17.51
15819,0.529237,False,19.2
15820,0.504624,False,18.3
15821,0.469237,False,17.02
15822,0.494259,False,17.93
15823,0.457097,False,16.58
15824,0.476068,False,17.27
15825,0.44999,False,16.32
15826,0.441717,False,16.02
15827,0.426725,False,15.48
15828,0.43372,False,15.73
15829,0.5063,False,18.36
15830,0.475038,False,17.23
15831,0.48932,False,17.75
15832,0.430416,False,15.61
15833,0.47158,False,17.11
15834,0.405042,False,14.69
15835,0.394654,False,14.32
15836,0.385925,False,14.0
15837,0.388123,False,14.08
15838,0.409818,False,14.87
15839,0.380763,False,13.81
15840,0.396737,False,14.39
15841,0.432051,False,15.67
15842,0.388977,False,14.11
15843,0.387767,False,14.07
15844,0.367074,False,13.31
15845,0.365788,False,13.27
15846,0.38119,False,13.83
15847,0.379762,False,13.78
15848,0.377727,False,13.7
15849,0.474558,False,17.21
15850,0.370102,False,13.42
15851,0.37726,False,13.68
15852,0.379718,False,13.77
15853,0.504734,False,18.31
15854,0.380774,False,13.81
15855,0.414343,False,15.03
15856,0.39714,False,14.41
15857,0.40641,False,14.74
15858,0.440978,False,16.0
15859,0.39469,False,14.32
15860,0.482186,False,17.49
15861,0.414396,False,15.03
15862,0.401363,False,14.56
15863,0.423079,False,15.35
15864,0.415835,False,15.08
15865,0.421122,False,15.28
15866,0.453123,False,16.44
15867,0.493907,False,17.92
15868,0.458009,False,16.61
15869,0.54341,False,19.71
15870,0.46228,False,16.77
15871,0.460897,False,16.72
15872,0.469158,False,17.02
15873,0.51937,False,18.84
15874,0.483845,False,17.55
15875,0.577377,False,20.94
15876,0.596007,False,21.62
15877,0.624335,False,22.65
15878,0.521401,False,18.91
15879,0.487498,False,17.68
15880,0.472278,False,17.13
15881,0.481251,False,17.46
15882,0.435909,False,15.81
15883,0.412941,False,14.98
15884,0.414007,False,15.02
15885,0.397896,False,14.43
15886,0.408075,False,14.8
15887,0.412519,False,14.96
15888,0.390582,False,14.17
15889,0.442457,False,16.05
15890,0.389848,False,14.14
15891,0.392472,False,14.24
15892,0.663309,False,24.06
15893,0.690456,False,25.04
15894,0.666743,False,24.18
15895,0.635717,False,23.06
15896,0.634688,False,23.02
15897,0.6122,False,22.21
15898,0.621829,False,22.56
15899,0.617785,False,22.41
15900,0.622169,False,22.57
15901,0.597097,False,21.66
15902,0.593269,False,21.52
15903,0.587452,False,21.31
15904,0.58256,False,21.13
15905,0.59304,False,21.51
15906,0.716801,False,26.0
15907,0.601677,False,21.82
15908,0.545244,False,19.78
15909,0.543094,False,19.7
15910,0.810953,False,29.42
15911,0.804876,False,29.2
15912,0.817634,False,29.66
15913,0.790959,False,28.69
15914,0.815763,False,29.59
15915,0.791979,False,28.73
15916,0.775979,False,28.15
15917,0.768211,False,27.87
15918,0.78664,False,28.53
15919,0.785758,False,28.5
15920,0.793534,False,28.78
15921,0.779031,False,28.26
15922,0.772008,False,28.0
15923,0.751192,False,27.25
15924,0.736152,False,26.7
15925,0.744378,False,27.0
15926,0.730754,False,26.51
15927,0.738311,False,26.78
15928,0.726549,False,26.35
15929,0.736865,False,26.73
15930,0.798227,False,28.95
15931,0.723507,False,26.24
15932,0.728576,False,26.43
15933,0.722389,False,26.2
15934,0.846998,False,30.72
15935,0.827712,False,30.02
15936,0.229733,False,8.33
15937,0.220726,False,8.01
15938,0.270143,False,9.8
15939,0.460237,False,16.69
15940,0.424849,False,15.41
15941,0.352608,False,12.79
15942,0.32114,False,11.65
15943,0.455017,False,16.5
15944,0.320118,False,11.61
15945,0.385121,False,13.97
15946,0.327563,False,11.88
15947,0.36696,False,13.31
15948,0.289512,False,10.5
15949,0.277865,False,10.08
15950,0.300947,False,10.92
15951,0.311941,False,11.31
15952,0.294088,False,10.67
15953,0.263549,False,9.56
15954,0.287328,False,10.42
15955,0.26147,False,9.48
15956,0.282073,False,10.23
15957,0.310492,False,11.26
15958,0.255725,False,9.28
15959,0.250071,False,9.07
15960,0.281237,False,10.2
15961,0.25264,False,9.16
15962,0.279127,False,10.12
15963,0.278277,False,10.09
15964,0.302202,False,10.96
15965,0.35866,False,13.01
15966,0.292766,False,10.62
15967,0.31378,False,11.38
15968,0.386548,False,14.02
15969,0.320373,False,11.62
15970,0.306352,False,11.11
15971,0.425145,False,15.42
15972,0.306113,False,11.1
15973,0.323803,False,11.75
15974,0.361038,False,13.1
15975,0.276503,False,10.03
15976,0.284732,False,10.33
15977,0.318415,False,11.55
15978,0.30992,False,11.24
15979,0.37636,False,13.65
15980,0.385439,False,13.98
15981,0.278989,False,10.12
15982,0.26721,False,9.69
15983,0.293044,False,10.63
15984,0.314941,False,11.42
15985,0.364751,False,13.23
15986,0.347764,False,12.61
15987,0.340819,False,12.36
15988,0.391114,False,14.19
15989,0.294245,False,10.67
15990,0.273229,False,9.91
15991,0.307982,False,11.17
15992,0.287909,False,10.44
15993,0.295018,False,10.7
15994,0.327188,False,11.87
15995,0.303265,False,11.0
15996,0.39802,False,14.44
15997,0.417531,False,15.15
15998,0.453817,False,16.46
15999,0.442805,False,16.06
16000,0.546415,False,19.82
16001,0.449514,False,16.31
16002,0.515288,False,18.69
16003,0.503627,False,18.27
16004,0.561961,False,20.38
16005,0.531543,False,19.28
16006,0.51301,False,18.61
16007,0.517688,False,18.78
16008,0.527822,False,19.15
16009,0.538376,False,19.53
16010,0.477378,False,17.32
16011,0.543328,False,19.71
16012,0.562072,False,20.39
16013,0.496078,False,17.99
16014,0.561493,False,20.37
16015,0.661341,False,23.99
16016,0.669902,False,24.3
16017,0.651762,False,23.64
16018,0.512404,False,18.59
16019,0.561226,False,20.36
16020,0.512264,False,18.58
16021,0.50769,False,18.42
16022,0.503923,False,18.28
16023,0.518375,False,18.8
16024,0.482439,False,17.5
16025,0.524008,False,19.01
16026,0.546755,False,19.83
16027,0.488766,False,17.73
16028,0.522821,False,18.96
16029,0.605804,False,21.97
16030,0.501858,False,18.2
16031,0.576993,False,20.93
16032,0.469511,False,17.03
16033,0.536081,False,19.45
16034,0.468571,False,17.0
16035,0.461576,False,16.74
16036,0.473447,False,17.17
16037,0.480372,False,17.42
16038,0.473186,False,17.16
16039,0.46675,False,16.93
16040,0.47515,False,17.24
16041,0.492149,False,17.85
16042,0.496174,False,18.0
16043,0.503089,False,18.25
16044,0.504135,False,18.29
16045,0.653037,False,23.69
16046,1.209889,True,43.89
16047,1.228709,True,44.57
16048,1.242096,True,45.05
16049,1.112975,True,40.37
16050,1.087947,True,39.46
16051,1.045046,True,37.91
16052,1.045424,True,37.92
16053,1.04709,True,37.98
16054,1.068839,True,38.77
16055,1.023611,True,37.13
16056,1.019146,True,36.97
16057,1.020821,True,37.03
16058,0.993739,True,36.05
16059,0.98725,True,35.81
16060,1.026554,True,37.24
16061,0.977004,True,35.44
16062,0.965495,True,35.02
16063,0.968584,True,35.13
16064,0.983078,True,35.66
16065,0.952613,True,34.55
16066,0.963666,True,34.95
16067,0.983875,True,35.69
16068,0.95617,True,34.68
16069,0.94743,True,34.37
16070,0.935005,False,33.92
16071,0.93955,True,34.08
16072,0.961243,True,34.87
16073,0.934614,False,33.9
16074,0.932814,False,33.84
16075,0.936909,False,33.98
16076,0.9185,False,33.32
16077,0.923568,False,33.5
16078,0.91645,False,33.24
16079,0.925027,False,33.55
16080,0.906616,False,32.89
16081,0.914759,False,33.18
16082,0.904454,False,32.81
16083,0.912455,False,33.1
16084,0.903342,False,32.77
16085,0.89451,False,32.45
16086,0.898003,False,32.57
16087,0.910518,False,33.03
16088,0.897231,False,32.55
16089,0.89653,False,32.52
16090,0.930835,False,33.76
16091,0.926609,False,33.61
16092,0.897777,False,32.56
16093,0.891945,False,32.35
16094,0.896652,False,32.52
16095,0.89446,False,32.44
16096,0.940101,True,34.1
16097,1.56268,True,56.68
16098,0.50685,False,18.38
16099,0.549116,False,19.92
16100,0.525388,False,19.06
16101,0.404384,False,14.67
16102,0.397376,False,14.41
16103,0.446788,False,16.21
16104,0.40327,False,14.63
16105,0.392189,False,14.23
16106,0.396553,False,14.38
16107,0.39022,False,14.15
16108,0.366112,False,13.28
16109,0.363746,False,13.19
16110,0.413713,False,15.01
16111,0.366637,False,13.3
16112,0.3845,False,13.95
16113,0.398356,False,14.45
16114,0.409262,False,14.85
16115,0.350138,False,12.7
16116,0.377105,False,13.68
16117,0.363008,False,13.17
16118,0.354982,False,12.88
16119,0.418599,False,15.18
16120,0.357021,False,12.95
16121,0.366601,False,13.3
16122,0.422439,False,15.32
16123,0.363177,False,13.17
16124,0.405966,False,14.73
16125,0.507876,False,18.42
16126,0.412801,False,14.97
16127,0.395896,False,14.36
16128,0.41001,False,14.87
16129,0.38272,False,13.88
16130,0.388754,False,14.1
16131,0.406803,False,14.76
16132,0.428681,False,15.55
16133,0.404681,False,14.68
16134,0.413021,False,14.98
16135,0.42276,False,15.33
16136,0.444831,False,16.14
16137,0.445814,False,16.17
16138,0.456261,False,16.55
16139,0.487083,False,17.67
16140,0.848673,False,30.78
16141,0.919839,False,33.37
16142,1.044108,True,37.87
16143,0.91704,False,33.26
16144,0.878334,False,31.86
16145,0.972319,True,35.27
16146,0.833434,False,30.23
16147,0.81607,False,29.6
16148,0.852534,False,30.92
16149,0.879101,False,31.89
16150,0.859053,False,31.16
16151,0.828227,False,30.04
16152,0.829284,False,30.08
16153,0.815135,False,29.57
16154,0.814675,False,29.55
16155,0.821574,False,29.8
16156,0.889222,False,32.25
16157,0.868669,False,31.51
16158,0.870115,False,31.56
16159,0.939662,True,34.08
16160,0.914711,False,33.18
16161,1.004385,True,36.43
16162,1.033391,True,37.48
16163,1.121482,True,40.68
16164,1.104567,True,40.07
16165,1.116115,True,40.48
16166,1.12699,True,40.88
16167,1.15278,True,41.81
16168,1.205603,True,43.73
16169,1.259656,True,45.69
16170,1.684038,True,61.08
16171,0.969442,True,35.16
16172,0.962374,True,34.91
16173,0.975329,True,35.38
16174,0.791993,False,28.73
16175,0.788233,False,28.59
16176,0.791288,False,28.7
16177,0.769512,False,27.91
16178,0.786441,False,28.53
16179,0.803748,False,29.15
16180,0.798022,False,28.95
16181,0.762759,False,27.67
16182,0.765124,False,27.75
16183,0.789589,False,28.64
16184,0.769658,False,27.92
16185,0.739461,False,26.82
16186,0.732159,False,26.56
16187,0.733985,False,26.62
16188,0.725975,False,26.33
16189,0.779809,False,28.29
16190,0.756765,False,27.45
16191,0.778308,False,28.23
16192,0.723556,False,26.25
16193,0.731659,False,26.54
16194,0.720039,False,26.12
16195,0.750033,False,27.21
16196,0.726741,False,26.36
16197,0.727838,False,26.4
16198,0.736177,False,26.7
16199,0.724899,False,26.29
16200,0.747413,False,27.11
16201,0.732603,False,26.57
16202,0.748274,False,27.14
16203,0.743705,False,26.98
16204,0.741004,False,26.88
16205,0.755385,False,27.4
16206,0.746553,False,27.08
16207,0.763171,False,27.68
16208,0.778712,False,28.25
16209,0.755957,False,27.42
16210,0.750028,False,27.21
16211,0.756178,False,27.43
16212,0.755789,False,27.41
16213,0.76121,False,27.61
16214,0.758262,False,27.5
16215,0.762917,False,27.67
16216,0.764879,False,27.74
16217,0.82923,False,30.08
16218,0.767538,False,27.84
16219,0.776086,False,28.15
16220,0.833399,False,30.23
16221,0.789408,False,28.63
16222,0.795861,False,28.87
16223,0.795835,False,28.87
16224,0.815729,False,29.59
16225,0.809908,False,29.38
16226,0.820645,False,29.77
16227,0.819368,False,29.72
16228,0.808233,False,29.32
16229,0.815629,False,29.59
16230,0.820637,False,29.77
16231,0.851275,False,30.88
16232,0.839354,False,30.45
16233,0.95948,True,34.8
16234,0.889782,False,32.27
16235,0.748809,False,27.16
16236,0.626101,False,22.71
16237,0.612299,False,22.21
16238,0.554078,False,20.1
16239,0.513384,False,18.62
16240,0.49742,False,18.04
16241,0.531313,False,19.27
16242,0.504808,False,18.31
16243,0.508699,False,18.45
16244,0.523171,False,18.98
16245,0.505619,False,18.34
16246,0.518086,False,18.79
16247,0.505407,False,18.33
16248,0.505351,False,18.33
16249,0.529014,False,19.19
16250,0.52042,False,18.88
16251,0.594547,False,21.57
16252,0.542247,False,19.67
16253,0.557241,False,20.21
16254,0.577624,False,20.95
16255,0.577846,False,20.96
16256,0.593898,False,21.54
16257,0.595693,False,21.61
16258,0.839356,False,30.45
16259,0.835691,False,30.31
16260,0.838203,False,30.4
16261,0.900878,False,32.68
16262,0.867667,False,31.47
16263,0.847723,False,30.75
16264,0.823852,False,29.88
16265,0.813548,False,29.51
16266,0.801965,False,29.09
16267,0.791965,False,28.73
16268,0.748326,False,27.14
16269,0.740588,False,26.86
16270,0.76803,False,27.86
16271,0.728334,False,26.42
16272,0.769464,False,27.91
16273,0.704845,False,25.57
16274,0.687282,False,24.93
16275,0.683586,False,24.8
16276,0.712059,False,25.83
16277,0.680568,False,24.69
16278,0.676033,False,24.52
16279,0.696549,False,25.27
16280,0.657392,False,23.85
16281,0.686451,False,24.9
16282,0.670238,False,24.31
16283,0.627885,False,22.78
16284,0.61954,False,22.47
16285,0.610344,False,22.14
16286,0.651736,False,23.64
16287,0.600732,False,21.79
16288,0.57786,False,20.96
16289,0.620298,False,22.5
16290,0.570127,False,20.68
16291,0.604244,False,21.92
16292,0.573191,False,20.79
16293,0.577858,False,20.96
16294,0.610369,False,22.14
16295,0.558,False,20.24
16296,0.566019,False,20.53
16297,0.563741,False,20.45
16298,0.825011,False,29.93
16299,0.832522,False,30.2
16300,0.897376,False,32.55
16301,0.70767,False,25.67
16302,0.530424,False,19.24
16303,0.54979,False,19.94
16304,0.509153,False,18.47
16305,0.545272,False,19.78
16306,0.510375,False,18.51
16307,0.529501,False,19.21
16308,0.498167,False,18.07
16309,0.480426,False,17.43
16310,0.481378,False,17.46
16311,0.482041,False,17.49
16312,0.469974,False,17.05
16313,0.47559,False,17.25
16314,0.515661,False,18.7
16315,0.539673,False,19.58
16316,0.457007,False,16.58
16317,0.454948,False,16.5
16318,0.539433,False,19.57
16319,0.493493,False,17.9
16320,0.512861,False,18.6
16321,0.515277,False,18.69
16322,0.550613,False,19.97
16323,0.443913,False,16.1
16324,0.439871,False,15.96
16325,0.446301,False,16.19
16326,0.418443,False,15.18
16327,0.471455,False,17.1
16328,0.470116,False,17.05
16329,0.411588,False,14.93
16330,0.408329,False,14.81
16331,0.439447,False,15.94
16332,0.425044,False,15.42
16333,0.412708,False,14.97
16334,0.42414,False,15.38
16335,0.520702,False,18.89
16336,0.452512,False,16.41
16337,0.545529,False,19.79
16338,0.465357,False,16.88
16339,0.415399,False,15.07
16340,0.469799,False,17.04
16341,0.460729,False,16.71
16342,0.457398,False,16.59
16343,0.458117,False,16.62
16344,0.455079,False,16.51
16345,0.466332,False,16.92
16346,0.463458,False,16.81
16347,0.877051,False,31.81
16348,0.89382,False,32.42
16349,0.9707,True,35.21
16350,0.802729,False,29.12
16351,0.791491,False,28.71
16352,0.783384,False,28.42
16353,0.80498,False,29.2
16354,0.747621,False,27.12
16355,0.742147,False,26.92
16356,0.761299,False,27.61
16357,0.764915,False,27.75
16358,0.718573,False,26.06
16359,0.723828,False,26.26
16360,0.705753,False,25.6
16361,0.703575,False,25.52
16362,0.744419,False,27.0
16363,0.700105,False,25.39
16364,0.732973,False,26.59
16365,0.762087,False,27.64
16366,0.663115,False,24.05
16367,0.670533,False,24.32
16368,0.682041,False,24.74
16369,0.652369,False,23.66
16370,0.64515,False,23.4
16371,0.66958,False,24.29
16372,0.698659,False,25.34
16373,0.671509,False,24.36
16374,0.696595,False,25.27
16375,0.633814,False,22.99
16376,0.630434,False,22.87
16377,0.654672,False,23.75
16378,0.652702,False,23.68
16379,0.68427,False,24.82
16380,0.650693,False,23.6
16381,0.678249,False,24.6
16382,0.737749,False,26.76
16383,0.761088,False,27.61
16384,0.638286,False,23.15
16385,0.63628,False,23.08
16386,0.638782,False,23.17
16387,0.647479,False,23.49
16388,0.658486,False,23.89
16389,0.656759,False,23.82
16390,0.647112,False,23.47
16391,0.649564,False,23.56
16392,0.692642,False,25.12
16393,0.670068,False,24.31
16394,0.721569,False,26.17
16395,1.959113,True,71.06
16396,0.915642,False,33.21
16397,0.943189,True,34.21
16398,0.975822,True,35.4
16399,0.875231,False,31.75
16400,0.841513,False,30.52
16401,0.804852,False,29.19
16402,0.810336,False,29.39
16403,0.773233,False,28.05
16404,0.785869,False,28.51
16405,0.785572,False,28.49
16406,0.764685,False,27.74
16407,0.759668,False,27.56
16408,0.762462,False,27.66
16409,0.787476,False,28.56
16410,0.757495,False,27.48
16411,0.764626,False,27.74
16412,0.73536,False,26.67
16413,0.735809,False,26.69
16414,0.942941,True,34.2
16415,0.941913,True,34.17
16416,0.971052,True,35.22
16417,1.01081,True,36.66
16418,1.003666,True,36.41
16419,0.943062,True,34.21
16420,0.952172,True,34.54
16421,0.916811,False,33.26
16422,1.010049,True,36.64
16423,0.922081,False,33.45
16424,0.893799,False,32.42
16425,0.883001,False,32.03
16426,0.90888,False,32.97
16427,0.969528,True,35.17
16428,0.913575,False,33.14
16429,0.918198,False,33.31
16430,0.866712,False,31.44
16431,0.944722,True,34.27
16432,0.932536,False,33.83
16433,0.931586,False,33.79
16434,0.854215,False,30.98
16435,0.851843,False,30.9
16436,0.853136,False,30.95
16437,0.849247,False,30.8
16438,0.907508,False,32.92
16439,0.892516,False,32.37
16440,0.930809,False,33.76
16441,0.906292,False,32.87
16442,0.889497,False,32.26
16443,0.896557,False,32.52
16444,0.994869,True,36.09
16445,0.977916,True,35.47
16446,0.953193,True,34.58
16447,1.012616,True,36.73
16448,0.915088,False,33.19
16449,0.966296,True,35.05
16450,0.700216,False,25.4
16451,0.664568,False,24.11
16452,0.674784,False,24.48
16453,0.547882,False,19.87
16454,0.547376,False,19.85
16455,0.493482,False,17.9
16456,0.565702,False,20.52
16457,0.520751,False,18.89
16458,0.486999,False,17.66
16459,0.488432,False,17.72
16460,0.491911,False,17.84
16461,0.499119,False,18.1
16462,0.518599,False,18.81
16463,0.494871,False,17.95
16464,0.449132,False,16.29
16465,0.42707,False,15.49
16466,0.481566,False,17.47
16467,0.558475,False,20.26
16468,0.55005,False,19.95
16469,0.534403,False,19.38
16470,0.533073,False,19.34
16471,0.61043,False,22.14
16472,0.631151,False,22.89
16473,0.524841,False,19.04
16474,0.535672,False,19.43
16475,0.521931,False,18.93
16476,0.586986,False,21.29
16477,0.510123,False,18.5
16478,0.51467,False,18.67
16479,0.615274,False,22.32
16480,0.493894,False,17.91
16481,0.613478,False,22.25
16482,0.498922,False,18.1
16483,0.479651,False,17.4
16484,0.517143,False,18.76
16485,0.465226,False,16.88
16486,0.490372,False,17.79
16487,0.519405,False,18.84
16488,0.454108,False,16.47
16489,0.475236,False,17.24
16490,0.538124,False,19.52
16491,0.451899,False,16.39
16492,0.474244,False,17.2
16493,0.449302,False,16.3
16494,0.445469,False,16.16
16495,0.508709,False,18.45
16496,0.475345,False,17.24
16497,0.461401,False,16.74
16498,0.493522,False,17.9
16499,0.552382,False,20.04
16500,0.510101,False,18.5
16501,0.447416,False,16.23
16502,0.463396,False,16.81
16503,0.452021,False,16.4
16504,0.483292,False,17.53
16505,0.44518,False,16.15
16506,0.467298,False,16.95
16507,0.518848,False,18.82
16508,0.44686,False,16.21
16509,0.452606,False,16.42
16510,0.489401,False,17.75
16511,0.568096,False,20.61
16512,0.570644,False,20.7
16513,0.480878,False,17.44
16514,0.480854,False,17.44
16515,0.509072,False,18.47
16516,0.464593,False,16.85
16517,0.47333,False,17.17
16518,0.607019,False,22.02
16519,0.473039,False,17.16
16520,0.548312,False,19.89
16521,0.480493,False,17.43
16522,0.486517,False,17.65
16523,0.450367,False,16.34
16524,0.414394,False,15.03
16525,0.46369,False,16.82
16526,0.463438,False,16.81
16527,0.47247,False,17.14
16528,0.507895,False,18.42
16529,0.498999,False,18.1
16530,0.485155,False,17.6
16531,0.614083,False,22.27
16532,0.496228,False,18.0
16533,0.462238,False,16.77
16534,0.457536,False,16.6
16535,0.483745,False,17.55
16536,0.446082,False,16.18
16537,0.428895,False,15.56
16538,0.414395,False,15.03
16539,0.445901,False,16.17
16540,0.429538,False,15.58
16541,0.400021,False,14.51
16542,0.409697,False,14.86
16543,0.587293,False,21.3
16544,0.587927,False,21.33
16545,0.382005,False,13.86
16546,0.453529,False,16.45
16547,0.508422,False,18.44
16548,0.437472,False,15.87
16549,0.363803,False,13.2
16550,0.382922,False,13.89
16551,0.379666,False,13.77
16552,0.343873,False,12.47
16553,0.365438,False,13.26
16554,0.364611,False,13.23
16555,0.374443,False,13.58
16556,0.482441,False,17.5
16557,0.353073,False,12.81
16558,0.437827,False,15.88
16559,0.473914,False,17.19
16560,0.327809,False,11.89
16561,0.372592,False,13.51
16562,0.532152,False,19.3
16563,0.355926,False,12.91
16564,0.355661,False,12.9
16565,0.328449,False,11.91
16566,0.394811,False,14.32
16567,0.339372,False,12.31
16568,0.344124,False,12.48
16569,0.367488,False,13.33
16570,0.378529,False,13.73
16571,0.364343,False,13.22
16572,0.380542,False,13.8
16573,0.570585,False,20.7
16574,0.37053,False,13.44
16575,0.387115,False,14.04
16576,0.484375,False,17.57
16577,0.454141,False,16.47
16578,0.420421,False,15.25
16579,0.456826,False,16.57
16580,0.462582,False,16.78
16581,0.55532,False,20.14
16582,0.508696,False,18.45
16583,0.396061,False,14.37
16584,0.938844,True,34.05
16585,0.947868,True,34.38
16586,1.02049,True,37.02
16587,0.95456,True,34.62
16588,0.950567,True,34.48
16589,0.975118,True,35.37
16590,1.025036,True,37.18
16591,1.101358,True,39.95
16592,1.391196,True,50.46
16593,1.39405,True,50.57
16594,1.388113,True,50.35
16595,1.389953,True,50.42
16596,1.390473,True,50.44
16597,1.394476,True,50.58
16598,1.424563,True,51.67
16599,1.446075,True,52.45
16600,1.422083,True,51.58
16601,1.411004,True,51.18
16602,1.446306,True,52.46
16603,1.440044,True,52.23
16604,1.434503,True,52.03
16605,1.43001,True,51.87
16606,1.472245,True,53.4
16607,0.510165,False,18.51
16608,0.531095,False,19.26
16609,0.508914,False,18.46
16610,0.426445,False,15.47
16611,0.427125,False,15.49
16612,0.416009,False,15.09
16613,0.455954,False,16.54
16614,0.399129,False,14.48
16615,0.419896,False,15.23
16616,0.388836,False,14.1
16617,0.428614,False,15.55
16618,0.406151,False,14.73
16619,0.407675,False,14.79
16620,0.355358,False,12.89
16621,0.350671,False,12.72
16622,0.397611,False,14.42
16623,0.343881,False,12.47
16624,0.340168,False,12.34
16625,0.363687,False,13.19
16626,0.348586,False,12.64
16627,0.316152,False,11.47
16628,0.372098,False,13.5
16629,0.321032,False,11.64
16630,0.319004,False,11.57
16631,0.342201,False,12.41
16632,0.301808,False,10.95
16633,0.321058,False,11.65
16634,0.310221,False,11.25
16635,0.374836,False,13.6
16636,0.292357,False,10.6
16637,0.295056,False,10.7
16638,0.323418,False,11.73
16639,0.373453,False,13.55
16640,0.328168,False,11.9
16641,0.333456,False,12.1
16642,0.326993,False,11.86
16643,0.329055,False,11.94
16644,0.31076,False,11.27
16645,0.378773,False,13.74
16646,0.33106,False,12.01
16647,0.466684,False,16.93
16648,0.320062,False,11.61
16649,0.360134,False,13.06
16650,0.470948,False,17.08
16651,0.353442,False,12.82
16652,0.387106,False,14.04
16653,0.400253,False,14.52
16654,0.410626,False,14.89
16655,0.469882,False,17.04
16656,0.468271,False,16.99
16657,0.757539,False,27.48
16658,0.752908,False,27.31
16659,0.752619,False,27.3
16660,0.628309,False,22.79
16661,0.610102,False,22.13
16662,0.615582,False,22.33
16663,0.620866,False,22.52
16664,0.589849,False,21.4
16665,0.583683,False,21.17
16666,0.571095,False,20.72
16667,0.587357,False,21.31
16668,0.579231,False,21.01
16669,0.584207,False,21.19
16670,0.557628,False,20.23
16671,0.549093,False,19.92
16672,0.573726,False,20.81
16673,0.585163,False,21.23
16674,0.572004,False,20.75
16675,0.571663,False,20.74
16676,0.586008,False,21.26
16677,0.578255,False,20.97
16678,0.585913,False,21.25
16679,0.568341,False,20.62
16680,0.567808,False,20.6
16681,0.570913,False,20.71
16682,0.575961,False,20.89
16683,0.558002,False,20.24
16684,0.607518,False,22.04
16685,0.637608,False,23.13
16686,0.630649,False,22.88
16687,0.627191,False,22.75
16688,0.634202,False,23.0
16689,0.658911,False,23.9
16690,0.617825,False,22.41
16691,0.6329,False,22.96
16692,0.637682,False,23.13
16693,0.65951,False,23.92
16694,0.636236,False,23.08
16695,0.635091,False,23.04
16696,0.664227,False,24.09
16697,0.643502,False,23.34
16698,0.66906,False,24.27
16699,0.68667,False,24.91
16700,0.671044,False,24.34
16701,0.677765,False,24.58
16702,0.708298,False,25.69
16703,0.678767,False,24.62
16704,0.677162,False,24.56
16705,0.696918,False,25.28
16706,0.717899,False,26.04
16707,0.695484,False,25.23
16708,0.727824,False,26.4
16709,0.72184,False,26.18
16710,0.757827,False,27.49
16711,0.727877,False,26.4
16712,0.753271,False,27.32
16713,0.756909,False,27.46
16714,0.7631,False,27.68
16715,0.795579,False,28.86
16716,0.755892,False,27.42
16717,0.753218,False,27.32
16718,0.806822,False,29.27
16719,0.815255,False,29.57
16720,0.792143,False,28.73
16721,0.817544,False,29.65
16722,0.835418,False,30.3
16723,0.833163,False,30.22
16724,0.253271,False,9.19
16725,0.250609,False,9.09
16726,0.255207,False,9.26
16727,0.43998,False,15.96
16728,0.431376,False,15.65
16729,0.477364,False,17.32
16730,0.450177,False,16.33
16731,0.490249,False,17.78
16732,0.433454,False,15.72
16733,0.478305,False,17.35
16734,0.469532,False,17.03
16735,0.413656,False,15.0
16736,0.468884,False,17.01
16737,0.447694,False,16.24
16738,0.378278,False,13.72
16739,0.381427,False,13.84
16740,0.374127,False,13.57
16741,0.362667,False,13.15
16742,0.350137,False,12.7
16743,0.333929,False,12.11
16744,0.367567,False,13.33
16745,0.356205,False,12.92
16746,0.327903,False,11.89
16747,0.31363,False,11.38
16748,1.133898,True,41.13
16749,0.316597,False,11.48
16750,0.354125,False,12.85
16751,0.298033,False,10.81
16752,0.295158,False,10.71
16753,0.326284,False,11.84
16754,0.39765,False,14.42
16755,0.336255,False,12.2
16756,0.295503,False,10.72
16757,0.293799,False,10.66
16758,0.308723,False,11.2
16759,0.297239,False,10.78
16760,0.305658,False,11.09
16761,0.406135,False,14.73
16762,0.343448,False,12.46
16763,0.333809,False,12.11
16764,0.49025,False,17.78
16765,0.414013,False,15.02
16766,0.332048,False,12.04
16767,0.361786,False,13.12
16768,0.358412,False,13.0
16769,0.351898,False,12.76
16770,0.374915,False,13.6
16771,0.372275,False,13.5
16772,0.390566,False,14.17
16773,0.406861,False,14.76
16774,0.386756,False,14.03
16775,0.477611,False,17.32
16776,0.422112,False,15.31
16777,0.439354,False,15.94
16778,0.396989,False,14.4
16779,0.436899,False,15.85
16780,0.511836,False,18.57
16781,1.175561,True,42.64
16782,0.707963,False,25.68
16783,0.712587,False,25.85
16784,0.717474,False,26.02
16785,0.641439,False,23.27
16786,0.607552,False,22.04
16787,0.594145,False,21.55
16788,0.582276,False,21.12
16789,0.634026,False,23.0
16790,0.600111,False,21.77
16791,0.587836,False,21.32
16792,0.853854,False,30.97
16793,0.84616,False,30.69
16794,0.839134,False,30.44
16795,0.828003,False,30.03
16796,0.831258,False,30.15
16797,0.868535,False,31.5
16798,0.836934,False,30.36
16799,0.838952,False,30.43
16800,0.86077,False,31.22
16801,0.823521,False,29.87
16802,0.823948,False,29.89
16803,0.847582,False,30.74
16804,0.820611,False,29.77
16805,0.818475,False,29.69
16806,0.75238,False,27.29
16807,0.62267,False,22.59
16808,0.663777,False,24.08
16809,0.553779,False,20.09
16810,0.543562,False,19.72
16811,0.545805,False,19.8
16812,0.549875,False,19.95
16813,0.609667,False,22.11
16814,0.546039,False,19.81
16815,0.548274,False,19.89
16816,0.552466,False,20.04
16817,0.539975,False,19.59
16818,0.54453,False,19.75
16819,0.553894,False,20.09
16820,0.562385,False,20.4
16821,0.58717,False,21.3
16822,0.593417,False,21.52
16823,0.625248,False,22.68
16824,0.622584,False,22.58
16825,0.627041,False,22.74
16826,0.641783,False,23.28
16827,0.668266,False,24.24
16828,0.696822,False,25.28
16829,0.690481,False,25.05
16830,0.649805,False,23.57
16831,0.967903,True,35.11
16832,0.949948,True,34.46
16833,1.077054,True,39.07
16834,0.945996,True,34.31
16835,0.94084,True,34.13
16836,0.923284,False,33.49
16837,0.913504,False,33.14
16838,0.89956,False,32.63
16839,1.501527,True,54.46
16840,0.896516,False,32.52
16841,0.883651,False,32.05
16842,0.879405,False,31.9
16843,0.875826,False,31.77
16844,0.868291,False,31.5
16845,0.875108,False,31.74
16846,0.880793,False,31.95
16847,0.859024,False,31.16
16848,0.835394,False,30.3
16849,0.860154,False,31.2
16850,0.854072,False,30.98
16851,0.839521,False,30.45
16852,0.905619,False,32.85
16853,0.829911,False,30.1
16854,0.829064,False,30.07
16855,0.819373,False,29.72
16856,0.830117,False,30.11
16857,0.833608,False,30.24
16858,0.82701,False,30.0
16859,0.811164,False,29.42
16860,0.834898,False,30.28
16861,0.8336,False,30.24
16862,0.804238,False,29.17
16863,0.817988,False,29.67
16864,0.830557,False,30.13
16865,0.821286,False,29.79
16866,0.798483,False,28.96
16867,0.811843,False,29.45
16868,0.814741,False,29.55
16869,0.868586,False,31.51
16870,0.821688,False,29.8
16871,0.818932,False,29.71
16872,0.84681,False,30.72
16873,0.837092,False,30.36
16874,0.842748,False,30.57
16875,0.837657,False,30.38
16876,0.830084,False,30.11
16877,0.836726,False,30.35
16878,0.821021,False,29.78
16879,0.859418,False,31.17
16880,0.867391,False,31.46
16881,0.84339,False,30.59
16882,0.846749,False,30.71
16883,0.890303,False,32.29
16884,0.847102,False,30.73
16885,0.842123,False,30.55
16886,0.859671,False,31.18
16887,0.85264,False,30.93
16888,0.913612,False,33.14
16889,0.888172,False,32.22
16890,0.856989,False,31.09
16891,0.85951,False,31.18
16892,0.908517,False,32.95
16893,0.980496,True,35.57
16894,0.87322,False,31.67
16895,0.314856,False,11.42
16896,0.387228,False,14.05
16897,0.309709,False,11.23
16898,0.483453,False,17.54
16899,0.495168,False,17.96
16900,0.554645,False,20.12
16901,0.484796,False,17.58
16902,0.474309,False,17.2
16903,0.480702,False,17.44
16904,0.454264,False,16.48
16905,0.447315,False,16.23
16906,0.441321,False,16.01
16907,0.433922,False,15.74
16908,0.467432,False,16.96
16909,0.416794,False,15.12
16910,0.41692,False,15.12
16911,0.454784,False,16.5
16912,0.448426,False,16.27
16913,0.427545,False,15.51
16914,0.393394,False,14.27
16915,0.397066,False,14.4
16916,0.437497,False,15.87
16917,0.448294,False,16.26
16918,0.414127,False,15.02
16919,0.366336,False,13.29
16920,0.362716,False,13.16
16921,0.420439,False,15.25
16922,0.353337,False,12.82
16923,0.360475,False,13.08
16924,0.414461,False,15.03
16925,0.450294,False,16.33
16926,0.348745,False,12.65
16927,0.417915,False,15.16
16928,0.336502,False,12.21
16929,0.334442,False,12.13
16930,0.367786,False,13.34
16931,0.392911,False,14.25
16932,0.448423,False,16.27
16933,0.342773,False,12.43
16934,0.350951,False,12.73
16935,0.339309,False,12.31
16936,0.397343,False,14.41
16937,0.368144,False,13.35
16938,0.354296,False,12.85
16939,0.360134,False,13.06
16940,0.387026,False,14.04
16941,0.376753,False,13.67
16942,0.380072,False,13.79
16943,0.427207,False,15.5
16944,0.416782,False,15.12
16945,0.416768,False,15.12
16946,0.436261,False,15.82
16947,0.453249,False,16.44
16948,0.506397,False,18.37
16949,0.50168,False,18.2
16950,0.381377,False,13.83
16951,0.373898,False,13.56
16952,0.371989,False,13.49
16953,0.459161,False,16.66
16954,0.463344,False,16.81
16955,0.360973,False,13.09
16956,0.3526,False,12.79
16957,0.428706,False,15.55
16958,0.332308,False,12.05
16959,0.424458,False,15.4
16960,0.331204,False,12.01
16961,0.377967,False,13.71
16962,0.313733,False,11.38
16963,0.447361,False,16.23
16964,0.299955,False,10.88
16965,0.347548,False,12.61
16966,0.255637,False,9.27
16967,0.344928,False,12.51
16968,0.235112,False,8.53
16969,0.384033,False,13.93
16970,0.238787,False,8.66
16971,0.237373,False,8.61
16972,0.365445,False,13.26
16973,0.241333,False,8.75
16974,0.265942,False,9.65
16975,0.233918,False,8.48
16976,0.222799,False,8.08
16977,0.235112,False,8.53
16978,0.214616,False,7.78
16979,0.391497,False,14.2
16980,0.216557,False,7.86
16981,0.23609,False,8.56
16982,0.374498,False,13.58
16983,0.268722,False,9.75
16984,0.320217,False,11.62
16985,0.318889,False,11.57
16986,0.324568,False,11.77
16987,0.312908,False,11.35
16988,0.290419,False,10.53
16989,0.311725,False,11.31
16990,0.313266,False,11.36
16991,0.31946,False,11.59
16992,0.297382,False,10.79
16993,0.280067,False,10.16
16994,0.306038,False,11.1
16995,0.304487,False,11.04
16996,0.31425,False,11.4
16997,0.371425,False,13.47
16998,0.319927,False,11.6
16999,0.331798,False,12.04
17000,0.422793,False,15.34
17001,0.331439,False,12.02
17002,0.294649,False,10.69
17003,0.2985,False,10.83
17004,0.402318,False,14.59
17005,0.286555,False,10.39
17006,0.341191,False,12.38
17007,0.277559,False,10.07
17008,0.383378,False,13.91
17009,0.285199,False,10.34
17010,0.290968,False,10.55
17011,0.470869,False,17.08
17012,0.532452,False,19.31
17013,0.608157,False,22.06
17014,0.56701,False,20.57
17015,0.472838,False,17.15
17016,0.44796,False,16.25
17017,0.482862,False,17.51
17018,1.278166,True,46.36
17019,0.472065,False,17.12
17020,0.434039,False,15.74
17021,0.478386,False,17.35
17022,0.432851,False,15.7
17023,0.423992,False,15.38
17024,0.416933,False,15.12
17025,0.430439,False,15.61
17026,0.429322,False,15.57
17027,0.41531,False,15.06
17028,0.425492,False,15.43
17029,0.476535,False,17.29
17030,0.430107,False,15.6
17031,0.475226,False,17.24
17032,0.427231,False,15.5
17033,0.425822,False,15.45
17034,0.425813,False,15.45
17035,0.432375,False,15.68
17036,0.478029,False,17.34
17037,0.445199,False,16.15
17038,0.449685,False,16.31
17039,0.578838,False,21.0
17040,0.440696,False,15.99
17041,0.479432,False,17.39
17042,0.57688,False,20.93
17043,0.45703,False,16.58
17044,0.482559,False,17.5
17045,0.475546,False,17.25
17046,0.480516,False,17.43
17047,0.530547,False,19.24
17048,0.518894,False,18.82
17049,0.507226,False,18.4
17050,0.499073,False,18.1
17051,0.511481,False,18.55
17052,0.47599,False,17.27
17053,0.468696,False,17.0
17054,0.495321,False,17.97
17055,0.473159,False,17.16
17056,0.464262,False,16.84
17057,0.522349,False,18.95
17058,0.428391,False,15.54
17059,0.57608,False,20.9
17060,0.425456,False,15.43
17061,0.421176,False,15.28
17062,0.407874,False,14.79
17063,0.399752,False,14.5
17064,0.396021,False,14.36
17065,0.479802,False,17.4
17066,0.450196,False,16.33
17067,0.50275,False,18.24
17068,0.440549,False,15.98
17069,0.412222,False,14.95
17070,0.411584,False,14.93
17071,0.376969,False,13.67
17072,0.406966,False,14.76
17073,0.453731,False,16.46
17074,0.4636,False,16.82
17075,0.51225,False,18.58
17076,0.448661,False,16.27
17077,0.417897,False,15.16
17078,0.466883,False,16.94
17079,0.440499,False,15.98
17080,0.416035,False,15.09
17081,0.446103,False,16.18
17082,0.438723,False,15.91
17083,0.424816,False,15.41
17084,0.487193,False,17.67
17085,0.534764,False,19.4
17086,0.863408,False,31.32
17087,0.866132,False,31.42
17088,0.875941,False,31.77
17089,0.790913,False,28.69
17090,0.762875,False,27.67
17091,0.754395,False,27.36
17092,0.759349,False,27.54
17093,0.789064,False,28.62
17094,0.74365,False,26.97
17095,0.75389,False,27.35
17096,0.725408,False,26.31
17097,0.738172,False,26.78
17098,0.771971,False,28.0
17099,0.723802,False,26.25
17100,0.713967,False,25.9
17101,0.710293,False,25.76
17102,0.802131,False,29.1
17103,0.759334,False,27.54
17104,0.709794,False,25.75
17105,0.707876,False,25.68
17106,0.76408,False,27.72
17107,0.69302,False,25.14
17108,0.70367,False,25.52
17109,0.69637,False,25.26
17110,0.690892,False,25.06
17111,0.709695,False,25.74
17112,0.689205,False,25.0
17113,0.758063,False,27.5
17114,0.685861,False,24.88
17115,0.680898,False,24.7
17116,0.705862,False,25.6
17117,0.801577,False,29.08
17118,0.760799,False,27.6
17119,0.685055,False,24.85
17120,0.727602,False,26.39
17121,0.738929,False,26.8
17122,0.689663,False,25.02
17123,0.725181,False,26.3
17124,0.672372,False,24.39
17125,0.732172,False,26.56
17126,0.783632,False,28.42
17127,0.571383,False,20.73
17128,0.652484,False,23.67
17129,0.555931,False,20.17
17130,0.638223,False,23.15
17131,0.540829,False,19.62
17132,0.517477,False,18.77
17133,0.50713,False,18.4
17134,0.497834,False,18.06
17135,0.568549,False,20.62
17136,0.529117,False,19.19
17137,0.577948,False,20.96
17138,0.471533,False,17.1
17139,0.578257,False,20.98
17140,0.502585,False,18.23
17141,0.488302,False,17.71
17142,0.491344,False,17.82
17143,0.488831,False,17.73
17144,0.483755,False,17.55
17145,0.516579,False,18.74
17146,0.468181,False,16.98
17147,0.474409,False,17.21
17148,0.538439,False,19.53
17149,0.475021,False,17.23
17150,0.476871,False,17.3
17151,0.502569,False,18.23
17152,0.484551,False,17.58
17153,0.588433,False,21.34
17154,0.542101,False,19.66
17155,0.489298,False,17.75
17156,0.518903,False,18.82
17157,0.510998,False,18.54
17158,0.530783,False,19.25
17159,0.559772,False,20.3
17160,0.537788,False,19.51
17161,0.642329,False,23.3
17162,0.588363,False,21.34
17163,0.606037,False,21.98
17164,0.656347,False,23.81
17165,0.622318,False,22.57
17166,0.640302,False,23.23
17167,0.631342,False,22.9
17168,0.632593,False,22.95
17169,0.658492,False,23.89
17170,0.609068,False,22.09
17171,0.733658,False,26.61
17172,0.548388,False,19.89
17173,0.52827,False,19.16
17174,0.532466,False,19.31
17175,0.50183,False,18.2
17176,0.499757,False,18.13
17177,0.513063,False,18.61
17178,0.505765,False,18.35
17179,0.57634,False,20.91
17180,0.525097,False,19.05
17181,0.510009,False,18.5
17182,0.485278,False,17.6
17183,0.55689,False,20.2
17184,0.557631,False,20.23
17185,0.461952,False,16.76
17186,0.477951,False,17.34
17187,0.471567,False,17.11
17188,0.607748,False,22.04
17189,0.448636,False,16.27
17190,0.496721,False,18.02
17191,0.457395,False,16.59
17192,0.454452,False,16.48
17193,0.462926,False,16.79
17194,0.456675,False,16.56
17195,0.497002,False,18.03
17196,0.454424,False,16.48
17197,0.477354,False,17.31
17198,0.490108,False,17.78
17199,0.477846,False,17.33
17200,0.49743,False,18.04
17201,0.470294,False,17.06
17202,0.485218,False,17.6
17203,0.460678,False,16.71
17204,0.479022,False,17.38
17205,0.484499,False,17.57
17206,0.486395,False,17.64
17207,0.492416,False,17.86
17208,0.473176,False,17.16
17209,0.528528,False,19.17
17210,0.473974,False,17.19
17211,0.564472,False,20.48
17212,0.514729,False,18.67
17213,0.519865,False,18.86
17214,0.563545,False,20.44
17215,0.482675,False,17.51
17216,0.557103,False,20.21
17217,0.481819,False,17.48
17218,0.504829,False,18.31
17219,0.499434,False,18.12
17220,0.505103,False,18.32
17221,0.525257,False,19.05
17222,0.53845,False,19.53
17223,0.515586,False,18.7
17224,0.608951,False,22.09
17225,0.552583,False,20.04
17226,0.570537,False,20.7
17227,0.544622,False,19.76
17228,0.536343,False,19.45
17229,0.562735,False,20.41
17230,0.547528,False,19.86
17231,0.545697,False,19.79
17232,0.595096,False,21.59
17233,0.574254,False,20.83
17234,0.534345,False,19.38
17235,0.604173,False,21.92
17236,0.52069,False,18.89
17237,0.517413,False,18.77
17238,0.490831,False,17.8
17239,0.482383,False,17.5
17240,0.482012,False,17.48
17241,0.522325,False,18.95
17242,0.482716,False,17.51
17243,0.467271,False,16.95
17244,0.447995,False,16.25
17245,0.478047,False,17.34
17246,0.472258,False,17.13
17247,0.422853,False,15.34
17248,0.407571,False,14.78
17249,0.40301,False,14.62
17250,0.396693,False,14.39
17251,0.436575,False,15.84
17252,0.379342,False,13.76
17253,0.384937,False,13.96
17254,0.375728,False,13.63
17255,0.41414,False,15.02
17256,0.395607,False,14.35
17257,0.361617,False,13.12
17258,0.382434,False,13.87
17259,0.354728,False,12.87
17260,1.315343,True,47.71
17261,0.351503,False,12.75
17262,0.338735,False,12.29
17263,0.347452,False,12.6
17264,0.364522,False,13.22
17265,0.320491,False,11.63
17266,0.299868,False,10.88
17267,0.37505,False,13.6
17268,0.300313,False,10.89
17269,0.323748,False,11.74
17270,0.372843,False,13.52
17271,0.300686,False,10.91
17272,0.294249,False,10.67
17273,0.268649,False,9.74
17274,0.265612,False,9.63
17275,0.293076,False,10.63
17276,0.280902,False,10.19
17277,0.264302,False,9.59
17278,0.259974,False,9.43
17279,0.259188,False,9.4
17280,0.284947,False,10.34
17281,0.322113,False,11.68
17282,0.263569,False,9.56
17283,0.294025,False,10.67
17284,0.333652,False,12.1
17285,0.339354,False,12.31
17286,0.419212,False,15.21
17287,0.31139,False,11.3
17288,0.341032,False,12.37
17289,0.303233,False,11.0
17290,0.297909,False,10.81
17291,0.304655,False,11.05
17292,0.336285,False,12.2
17293,0.31409,False,11.39
17294,0.330424,False,11.99
17295,0.329888,False,11.97
17296,0.372047,False,13.5
17297,0.383576,False,13.91
17298,1.304138,True,47.3
17299,0.363221,False,13.18
17300,0.348724,False,12.65
17301,0.325798,False,11.82
17302,0.5173,False,18.76
17303,0.471868,False,17.12
17304,0.366104,False,13.28
17305,0.423777,False,15.37
17306,0.378238,False,13.72
17307,0.336345,False,12.2
17308,0.469793,False,17.04
17309,0.319926,False,11.6
17310,0.301795,False,10.95
17311,0.294273,False,10.67
17312,0.272105,False,9.87
17313,0.27459,False,9.96
17314,0.263374,False,9.55
17315,0.267574,False,9.71
17316,0.307189,False,11.14
17317,0.34967,False,12.68
17318,0.279732,False,10.15
17319,0.22747,False,8.25
17320,0.223258,False,8.1
17321,0.284084,False,10.3
17322,0.246349,False,8.94
17323,0.204409,False,7.41
17324,0.275019,False,9.98
17325,0.206243,False,7.48
17326,0.225884,False,8.19
17327,0.236145,False,8.57
17328,0.178204,False,6.46
17329,0.194748,False,7.06
17330,0.176117,False,6.39
17331,0.256343,False,9.3
17332,0.200084,False,7.26
17333,0.196231,False,7.12
17334,0.282608,False,10.25
17335,0.201492,False,7.31
17336,0.196501,False,7.13
17337,0.226785,False,8.23
17338,0.194641,False,7.06
17339,0.189568,False,6.88
17340,0.248544,False,9.02
17341,0.364252,False,13.21
17342,0.309815,False,11.24
17343,0.239339,False,8.68
17344,0.318973,False,11.57
17345,0.271248,False,9.84
17346,0.309988,False,11.24
17347,0.745322,False,27.03
17348,0.626017,False,22.71
17349,0.794593,False,28.82
17350,0.642008,False,23.29
17351,0.674295,False,24.46
17352,0.66782,False,24.22
17353,0.637746,False,23.13
17354,0.645233,False,23.4
17355,0.610469,False,22.14
17356,0.668145,False,24.24
17357,0.584151,False,21.19
17358,0.643153,False,23.33
17359,0.591691,False,21.46
17360,0.608559,False,22.07
17361,0.57034,False,20.69
17362,0.56272,False,20.41
17363,0.578261,False,20.98
17364,0.569005,False,20.64
17365,0.602873,False,21.87
17366,0.556164,False,20.17
17367,0.556933,False,20.2
17368,0.560158,False,20.32
17369,0.553748,False,20.09
17370,0.558484,False,20.26
17371,0.574592,False,20.84
17372,0.56875,False,20.63
17373,0.57584,False,20.89
17374,0.626545,False,22.73
17375,0.583163,False,21.15
17376,0.581401,False,21.09
17377,0.598964,False,21.73
17378,0.564961,False,20.49
17379,0.59003,False,21.4
17380,0.634779,False,23.03
17381,0.577691,False,20.95
17382,0.597987,False,21.69
17383,0.57515,False,20.86
17384,0.609621,False,22.11
17385,0.626488,False,22.72
17386,0.610359,False,22.14
17387,0.592471,False,21.49
17388,0.634155,False,23.0
17389,0.628156,False,22.79
17390,0.731587,False,26.54
17391,0.632,False,22.92
17392,0.615389,False,22.32
17393,0.619804,False,22.48
17394,0.657714,False,23.86
17395,0.622912,False,22.59
17396,0.629171,False,22.82
17397,0.708268,False,25.69
17398,0.631573,False,22.91
17399,0.722157,False,26.19
17400,0.69217,False,25.11
17401,0.781976,False,28.36
17402,0.603181,False,21.88
17403,0.594609,False,21.57
17404,0.600953,False,21.8
17405,0.498533,False,18.08
17406,0.503598,False,18.27
17407,0.485206,False,17.6
17408,0.480853,False,17.44
17409,0.485242,False,17.6
17410,0.484205,False,17.56
17411,0.493613,False,17.9
17412,0.511125,False,18.54
17413,0.474596,False,17.21
17414,0.479424,False,17.39
17415,0.469081,False,17.01
17416,0.481079,False,17.45
17417,0.458586,False,16.63
17418,0.465942,False,16.9
17419,0.470116,False,17.05
17420,0.495737,False,17.98
17421,0.468733,False,17.0
17422,0.489319,False,17.75
17423,0.527379,False,19.13
17424,0.47235,False,17.13
17425,0.533209,False,19.34
17426,0.476243,False,17.27
17427,0.539707,False,19.58
17428,0.457628,False,16.6
17429,0.501102,False,18.18
17430,0.467303,False,16.95
17431,0.46569,False,16.89
17432,0.468213,False,16.98
17433,0.472371,False,17.13
17434,0.478443,False,17.35
17435,0.536051,False,19.44
17436,0.501638,False,18.2
17437,0.579137,False,21.01
17438,0.58862,False,21.35
17439,0.577419,False,20.94
17440,0.46219,False,16.76
17441,0.461326,False,16.73
17442,0.574562,False,20.84
17443,0.443446,False,16.09
17444,0.697701,False,25.31
17445,0.702517,False,25.48
17446,0.70484,False,25.57
17447,0.66805,False,24.23
17448,0.679548,False,24.65
17449,0.69092,False,25.06
17450,0.69373,False,25.16
17451,0.673116,False,24.42
17452,0.708968,False,25.72
17453,0.672665,False,24.4
17454,0.696077,False,25.25
17455,0.639276,False,23.19
17456,0.657826,False,23.86
17457,0.682542,False,24.76
17458,0.66011,False,23.94
17459,0.663425,False,24.06
17460,0.642835,False,23.32
17461,0.63237,False,22.94
17462,0.635489,False,23.05
17463,0.658013,False,23.87
17464,0.657432,False,23.85
17465,0.690596,False,25.05
17466,0.656157,False,23.8
17467,0.658385,False,23.88
17468,0.750141,False,27.21
17469,0.781487,False,28.35
17470,0.76174,False,27.63
17471,0.765721,False,27.77
17472,0.732055,False,26.55
17473,0.790293,False,28.67
17474,0.758685,False,27.52
17475,0.736854,False,26.73
17476,0.746439,False,27.08
17477,0.809162,False,29.35
17478,0.761469,False,27.62
17479,0.74205,False,26.92
17480,0.788677,False,28.61
17481,0.747565,False,27.12
17482,0.786315,False,28.52
17483,0.788093,False,28.59
17484,0.788908,False,28.62
17485,0.7582,False,27.5
17486,0.796673,False,28.9
17487,0.823557,False,29.87
17488,0.433253,False,15.72
17489,0.448363,False,16.26
17490,0.492643,False,17.87
17491,0.532792,False,19.33
17492,0.535793,False,19.43
17493,0.563996,False,20.46
17494,0.551894,False,20.02
17495,0.544819,False,19.76
17496,0.51353,False,18.63
17497,0.601232,False,21.81
17498,0.559321,False,20.29
17499,0.497897,False,18.06
17500,0.521975,False,18.93
17501,0.500523,False,18.16
17502,0.520563,False,18.88
17503,0.502555,False,18.23
17504,0.5034,False,18.26
17505,0.536843,False,19.47
17506,0.590061,False,21.4
17507,0.470332,False,17.06
17508,0.531692,False,19.29
17509,0.486329,False,17.64
17510,0.501278,False,18.18
17511,0.489281,False,17.75
17512,0.49252,False,17.87
17513,0.456042,False,16.54
17514,0.469442,False,17.03
17515,0.552343,False,20.04
17516,0.457651,False,16.6
17517,0.472025,False,17.12
17518,0.478537,False,17.36
17519,0.500839,False,18.17
17520,0.47465,False,17.22
17521,0.520117,False,18.87
17522,0.445798,False,16.17
17523,0.478895,False,17.37
17524,0.447594,False,16.24
17525,0.451204,False,16.37
17526,0.545989,False,19.8
17527,0.457832,False,16.61
17528,0.553092,False,20.06
17529,0.497657,False,18.05
17530,0.444438,False,16.12
17531,0.454728,False,16.49
17532,0.885867,False,32.13
17533,0.885663,False,32.13
17534,0.954359,True,34.62
17535,0.793555,False,28.78
17536,0.796295,False,28.88
17537,0.794885,False,28.83
17538,0.80043,False,29.03
17539,0.798431,False,28.96
17540,0.88197,False,31.99
17541,0.816517,False,29.62
17542,0.838397,False,30.41
17543,0.848711,False,30.79
17544,0.779296,False,28.27
17545,0.780117,False,28.3
17546,0.789004,False,28.62
17547,0.782589,False,28.39
17548,0.798307,False,28.96
17549,0.816663,False,29.62
17550,0.789587,False,28.64
17551,0.786569,False,28.53
17552,0.784656,False,28.46
17553,0.786881,False,28.54
17554,0.796374,False,28.89
17555,0.810511,False,29.4
17556,0.79591,False,28.87
17557,0.801067,False,29.06
17558,0.800814,False,29.05
17559,0.795559,False,28.86
17560,0.816288,False,29.61
17561,0.812986,False,29.49
17562,0.818958,False,29.71
17563,0.836865,False,30.36
17564,0.839343,False,30.45
17565,0.832023,False,30.18
17566,0.862783,False,31.3
17567,0.828712,False,30.06
17568,0.857319,False,31.1
17569,0.855761,False,31.04
17570,0.825539,False,29.94
17571,0.857718,False,31.11
17572,0.867997,False,31.48
17573,0.839109,False,30.44
17574,0.912058,False,33.08
17575,0.849993,False,30.83
17576,0.872059,False,31.63
17577,0.877894,False,31.84
17578,0.875898,False,31.77
17579,0.890499,False,32.3
17580,0.90484,False,32.82
17581,0.907764,False,32.93
17582,0.907784,False,32.93
17583,0.904528,False,32.81
17584,0.935639,False,33.94
17585,0.943975,True,34.24
17586,0.969523,True,35.17
17587,0.929243,False,33.71
17588,0.93338,False,33.86
17589,0.936003,False,33.95
17590,0.617233,False,22.39
17591,0.65737,False,23.84
17592,0.659438,False,23.92
17593,0.668831,False,24.26
17594,0.454066,False,16.47
17595,0.47662,False,17.29
17596,0.466486,False,16.92
17597,0.425338,False,15.43
17598,0.46929,False,17.02
17599,0.546674,False,19.83
17600,0.407485,False,14.78
17601,0.52365,False,18.99
17602,0.405872,False,14.72
17603,0.433037,False,15.71
17604,0.574269,False,20.83
17605,0.418873,False,15.19
17606,0.414884,False,15.05
17607,0.4309,False,15.63
17608,0.423638,False,15.37
17609,0.87446,False,31.72
17610,0.682401,False,24.75
17611,0.742462,False,26.93
17612,0.558871,False,20.27
17613,0.570992,False,20.71
17614,0.604902,False,21.94
17615,0.568092,False,20.61
17616,0.602491,False,21.85
17617,0.550828,False,19.98
17618,0.576218,False,20.9
17619,0.555641,False,20.15
17620,0.537052,False,19.48
17621,0.609973,False,22.13
17622,0.571118,False,20.72
17623,1.466847,True,53.21
17624,0.603133,False,21.88
17625,0.554393,False,20.11
17626,0.528859,False,19.18
17627,0.553489,False,20.08
17628,0.635939,False,23.07
17629,0.573578,False,20.81
17630,0.581219,False,21.08
17631,0.587603,False,21.31
17632,0.530436,False,19.24
17633,0.678972,False,24.63
17634,0.625266,False,22.68
17635,0.843308,False,30.59
17636,0.679982,False,24.66
17637,0.701269,False,25.44
17638,0.710171,False,25.76
17639,0.666037,False,24.16
17640,0.696899,False,25.28
17641,0.663129,False,24.05
17642,0.656744,False,23.82
17643,0.659577,False,23.92
17644,0.648835,False,23.54
17645,0.681843,False,24.73
17646,0.620091,False,22.49
17647,0.61429,False,22.28
17648,0.601653,False,21.82
17649,0.614735,False,22.3
17650,0.614344,False,22.28
17651,0.655432,False,23.77
17652,0.605067,False,21.95
17653,0.557301,False,20.21
17654,0.579579,False,21.02
17655,0.581478,False,21.09
17656,0.572934,False,20.78
17657,0.572949,False,20.78
17658,0.566857,False,20.56
17659,0.583941,False,21.18
17660,0.544669,False,19.76
17661,0.560282,False,20.32
17662,0.595513,False,21.6
17663,0.65346,False,23.7
17664,0.593837,False,21.54
17665,0.566934,False,20.56
17666,0.582065,False,21.11
17667,0.586538,False,21.28
17668,0.63563,False,23.06
17669,0.603024,False,21.87
17670,0.578758,False,20.99
17671,0.609167,False,22.1
17672,0.594354,False,21.56
17673,0.602135,False,21.84
17674,0.667228,False,24.2
17675,0.59878,False,21.72
17676,0.611078,False,22.17
17677,0.710744,False,25.78
17678,0.681676,False,24.73
17679,0.634397,False,23.01
17680,0.692475,False,25.12
17681,0.694143,False,25.18
17682,0.611895,False,22.2
17683,0.607126,False,22.02
17684,0.61838,False,22.43
17685,0.63606,False,23.07
17686,0.612412,False,22.21
17687,0.60807,False,22.06
17688,0.694024,False,25.17
17689,0.674289,False,24.46
17690,0.672095,False,24.38
17691,0.65985,False,23.93
17692,0.692868,False,25.13
17693,0.693335,False,25.15
17694,0.698299,False,25.33
17695,0.774186,False,28.08
17696,0.84167,False,30.53
17697,0.726488,False,26.35
17698,0.726378,False,26.35
17699,0.753196,False,27.32
17700,0.726706,False,26.36
17701,0.656188,False,23.8
17702,0.627468,False,22.76
17703,0.571799,False,20.74
17704,0.531658,False,19.28
17705,0.496405,False,18.01
17706,0.624712,False,22.66
17707,0.510147,False,18.5
17708,0.473114,False,17.16
17709,0.525168,False,19.05
17710,0.513905,False,18.64
17711,1.313716,True,47.65
17712,0.51719,False,18.76
17713,0.537006,False,19.48
17714,0.481844,False,17.48
17715,0.480013,False,17.41
17716,0.584,False,21.18
17717,0.515921,False,18.71
17718,0.532754,False,19.32
17719,0.496582,False,18.01
17720,1.023018,True,37.11
17721,1.119949,True,40.62
17722,1.126685,True,40.87
17723,0.898644,False,32.6
17724,0.905775,False,32.86
17725,0.92884,False,33.69
17726,0.866817,False,31.44
17727,0.907186,False,32.91
17728,0.930106,False,33.74
17729,0.881367,False,31.97
17730,0.86711,False,31.45
17731,0.917974,False,33.3
17732,0.891599,False,32.34
17733,0.849972,False,30.83
17734,0.866166,False,31.42
17735,0.992523,True,36.0
17736,0.904644,False,32.81
17737,0.853366,False,30.95
17738,0.878714,False,31.87
17739,0.90682,False,32.89
17740,0.91669,False,33.25
17741,0.834011,False,30.25
17742,0.884862,False,32.1
17743,0.858803,False,31.15
17744,0.870851,False,31.59
17745,0.866716,False,31.44
17746,0.904162,False,32.8
17747,0.926505,False,33.61
17748,0.881482,False,31.97
17749,0.901416,False,32.7
17750,0.877117,False,31.82
17751,0.861564,False,31.25
17752,0.865481,False,31.39
17753,0.8582,False,31.13
17754,0.884447,False,32.08
17755,0.897063,False,32.54
17756,0.880204,False,31.93
17757,0.89887,False,32.6
17758,0.917179,False,33.27
17759,0.845977,False,30.69
17760,0.874018,False,31.7
17761,0.891271,False,32.33
17762,0.871556,False,31.61
17763,0.87763,False,31.83
17764,0.846706,False,30.71
17765,0.862588,False,31.29
17766,0.836371,False,30.34
17767,0.889443,False,32.26
17768,0.864554,False,31.36
17769,0.873028,False,31.67
17770,0.889788,False,32.28
17771,0.881649,False,31.98
17772,0.834779,False,30.28
17773,0.854958,False,31.01
17774,0.821108,False,29.78
17775,0.887474,False,32.19
17776,0.857883,False,31.12
17777,0.861241,False,31.24
17778,0.870033,False,31.56
17779,0.840717,False,30.5
17780,0.851026,False,30.87
17781,0.828833,False,30.06
17782,0.784429,False,28.45
17783,0.842597,False,30.56
17784,0.766327,False,27.8
17785,0.720642,False,26.14
17786,0.706257,False,25.62
17787,0.67968,False,24.65
17788,0.707403,False,25.66
17789,0.70397,False,25.54
17790,0.649002,False,23.54
17791,0.734355,False,26.64
17792,0.65588,False,23.79
17793,0.641436,False,23.27
17794,1.488696,True,54.0
17795,0.633538,False,22.98
17796,0.72007,False,26.12
17797,0.648787,False,23.53
17798,0.688696,False,24.98
17799,0.692696,False,25.13
17800,0.737553,False,26.75
17801,0.700647,False,25.41
17802,0.747031,False,27.1
17803,0.694001,False,25.17
17804,0.724466,False,26.28
17805,0.723189,False,26.23
17806,0.789446,False,28.64
17807,0.754191,False,27.36
17808,0.752119,False,27.28
17809,0.771257,False,27.98
17810,0.796818,False,28.9
17811,0.81575,False,29.59
17812,0.827178,False,30.0
17813,1.465221,True,53.15
17814,0.896427,False,32.52
17815,0.894443,False,32.44
17816,0.944317,True,34.25
17817,0.80517,False,29.21
17818,0.798169,False,28.95
17819,0.795343,False,28.85
17820,0.795516,False,28.86
17821,0.813051,False,29.49
17822,0.787126,False,28.55
17823,0.790615,False,28.68
17824,0.786131,False,28.52
17825,0.78933,False,28.63
17826,0.784073,False,28.44
17827,0.824368,False,29.9
17828,0.758724,False,27.52
17829,0.768191,False,27.86
17830,0.788702,False,28.61
17831,0.763855,False,27.71
17832,0.757783,False,27.49
17833,0.793246,False,28.77
17834,0.762981,False,27.68
17835,0.765603,False,27.77
17836,0.764866,False,27.74
17837,0.768079,False,27.86
17838,0.764946,False,27.75
17839,0.790463,False,28.67
17840,0.775369,False,28.12
17841,0.759204,False,27.54
17842,0.766397,False,27.8
17843,0.788052,False,28.58
17844,0.846975,False,30.72
17845,0.827353,False,30.01
17846,0.775473,False,28.13
17847,0.763724,False,27.7
17848,0.774279,False,28.09
17849,0.775524,False,28.13
17850,0.776284,False,28.16
17851,0.779193,False,28.26
17852,0.786475,False,28.53
17853,0.773207,False,28.05
17854,0.785827,False,28.5
17855,0.852864,False,30.94
17856,0.801539,False,29.07
17857,0.815807,False,29.59
17858,0.802941,False,29.12
17859,0.781503,False,28.35
17860,0.801751,False,29.08
17861,0.790164,False,28.66
17862,0.820007,False,29.74
17863,0.804658,False,29.19
17864,0.833843,False,30.25
17865,0.823567,False,29.87
17866,0.825747,False,29.95
17867,0.838561,False,30.42
17868,0.826892,False,29.99
17869,0.835085,False,30.29
17870,0.849441,False,30.81
17871,0.862469,False,31.28
17872,0.854699,False,31.0
17873,0.887915,False,32.21
17874,0.894194,False,32.43
17875,0.881286,False,31.97
17876,0.886322,False,32.15
17877,0.91545,False,33.21
17878,0.899262,False,32.62
17879,0.892963,False,32.39
17880,0.907108,False,32.9
17881,0.909405,False,32.99
17882,0.919705,False,33.36
17883,0.928821,False,33.69
17884,0.329565,False,11.95
17885,0.366198,False,13.28
17886,0.343676,False,12.47
17887,0.493138,False,17.89
17888,0.505895,False,18.35
17889,0.418784,False,15.19
17890,0.333119,False,12.08
17891,0.392539,False,14.24
17892,0.346962,False,12.59
17893,0.328879,False,11.93
17894,0.296143,False,10.74
17895,0.272574,False,9.89
17896,0.385956,False,14.0
17897,0.264338,False,9.59
17898,0.281644,False,10.22
17899,0.237057,False,8.6
17900,0.283755,False,10.29
17901,0.356188,False,12.92
17902,0.291893,False,10.59
17903,0.27302,False,9.9
17904,0.229784,False,8.33
17905,0.222955,False,8.09
17906,0.212795,False,7.72
17907,0.361662,False,13.12
17908,0.281184,False,10.2
17909,0.267348,False,9.7
17910,0.298035,False,10.81
17911,0.171857,False,6.23
17912,0.198007,False,7.18
17913,0.175277,False,6.36
17914,0.294361,False,10.68
17915,0.196855,False,7.14
17916,0.307153,False,11.14
17917,0.299552,False,10.87
17918,0.302602,False,10.98
17919,0.350865,False,12.73
17920,0.251366,False,9.12
17921,0.271219,False,9.84
17922,0.452005,False,16.4
17923,0.314912,False,11.42
17924,0.327229,False,11.87
17925,0.334503,False,12.13
17926,0.381918,False,13.85
17927,0.372913,False,13.53
17928,0.346743,False,12.58
17929,0.349846,False,12.69
17930,0.359218,False,13.03
17931,0.389108,False,14.11
17932,0.847776,False,30.75
17933,0.868178,False,31.49
17934,0.866434,False,31.43
17935,0.933616,False,33.86
17936,0.933324,False,33.85
17937,0.915305,False,33.2
17938,0.936767,False,33.98
17939,0.913328,False,33.13
17940,0.939242,True,34.07
17941,1.009956,True,36.63
17942,1.008497,True,36.58
17943,1.414704,True,51.32
17944,0.56082,False,20.34
17945,0.572356,False,20.76
17946,0.465276,False,16.88
17947,0.431605,False,15.66
17948,0.508294,False,18.44
17949,0.524176,False,19.01
17950,0.414688,False,15.04
17951,0.410215,False,14.88
17952,0.436128,False,15.82
17953,0.421905,False,15.3
17954,0.494503,False,17.94
17955,0.452398,False,16.41
17956,0.500857,False,18.17
17957,0.453595,False,16.45
17958,0.545221,False,19.78
17959,0.486533,False,17.65
17960,0.51067,False,18.52
17961,0.533214,False,19.34
17962,0.586852,False,21.29
17963,0.558458,False,20.26
17964,0.565977,False,20.53
17965,0.580385,False,21.05
17966,0.607605,False,22.04
17967,0.61974,False,22.48
17968,0.616692,False,22.37
17969,0.788047,False,28.58
17970,0.770464,False,27.95
17971,0.765477,False,27.77
17972,0.645412,False,23.41
17973,0.638955,False,23.18
17974,0.6751,False,24.49
17975,0.660587,False,23.96
17976,0.650723,False,23.6
17977,0.633254,False,22.97
17978,0.632799,False,22.95
17979,0.635311,False,23.04
17980,0.632973,False,22.96
17981,0.635535,False,23.05
17982,0.63651,False,23.09
17983,0.644854,False,23.39
17984,0.635593,False,23.05
17985,0.690952,False,25.06
17986,0.642387,False,23.3
17987,0.648693,False,23.53
17988,0.650354,False,23.59
17989,0.653469,False,23.7
17990,0.652899,False,23.68
17991,0.67937,False,24.64
17992,0.689057,False,24.99
17993,0.701661,False,25.45
17994,0.736637,False,26.72
17995,0.691721,False,25.09
17996,0.704124,False,25.54
17997,0.731322,False,26.53
17998,0.702817,False,25.49
17999,0.748652,False,27.16
18000,0.632341,False,22.94
18001,0.653355,False,23.7
18002,0.627324,False,22.75
18003,0.557234,False,20.21
18004,0.44775,False,16.24
18005,0.428853,False,15.56
18006,0.425904,False,15.45
18007,0.411856,False,14.94
18008,0.435688,False,15.8
18009,0.469202,False,17.02
18010,0.367868,False,13.34
18011,0.365778,False,13.27
18012,0.356545,False,12.93
18013,0.347853,False,12.62
18014,0.36637,False,13.29
18015,0.343429,False,12.46
18016,0.358383,False,13.0
18017,0.422999,False,15.34
18018,0.348675,False,12.65
18019,0.484781,False,17.58
18020,0.32399,False,11.75
18021,0.417259,False,15.14
18022,0.339933,False,12.33
18023,0.362112,False,13.13
18024,0.349831,False,12.69
18025,0.346379,False,12.56
18026,0.355507,False,12.9
18027,0.515088,False,18.68
18028,0.430899,False,15.63
18029,0.707989,False,25.68
18030,0.499452,False,18.12
18031,0.498888,False,18.1
18032,0.430358,False,15.61
18033,0.445436,False,16.16
18034,0.473211,False,17.16
18035,0.43163,False,15.66
18036,0.550244,False,19.96
18037,0.449367,False,16.3
18038,0.435598,False,15.8
18039,0.461298,False,16.73
18040,0.426051,False,15.45
18041,0.421385,False,15.28
18042,0.454089,False,16.47
18043,0.506089,False,18.36
18044,0.435245,False,15.79
18045,0.473061,False,17.16
18046,0.467467,False,16.96
18047,0.478467,False,17.36
18048,0.459866,False,16.68
18049,0.505299,False,18.33
18050,0.502522,False,18.23
18051,0.477013,False,17.3
18052,0.482216,False,17.49
18053,0.487978,False,17.7
18054,0.493121,False,17.89
18055,0.54357,False,19.72
18056,0.545188,False,19.78
18057,0.558025,False,20.24
18058,0.538563,False,19.54
18059,0.610035,False,22.13
18060,0.587222,False,21.3
18061,0.625448,False,22.69
18062,0.646706,False,23.46
18063,0.587891,False,21.32
18064,0.630731,False,22.88
18065,0.597893,False,21.69
18066,0.630154,False,22.86
18067,0.617101,False,22.38
18068,0.629168,False,22.82
18069,0.631845,False,22.92
18070,0.614024,False,22.27
18071,0.665978,False,24.16
18072,0.627917,False,22.78
18073,0.640096,False,23.22
18074,1.089806,True,39.53
18075,1.089492,True,39.52
18076,1.080017,True,39.18
18077,1.044649,True,37.89
18078,1.180377,True,42.82
18079,1.650557,True,59.87
18080,0.392848,False,14.25
18081,0.334042,False,12.12
18082,0.277895,False,10.08
18083,0.514297,False,18.66
18084,0.409637,False,14.86
18085,0.474701,False,17.22
18086,0.495433,False,17.97
18087,0.533741,False,19.36
18088,0.455072,False,16.51
18089,0.452198,False,16.4
18090,0.4178,False,15.15
18091,0.414135,False,15.02
18092,0.428335,False,15.54
18093,0.388288,False,14.08
18094,0.480721,False,17.44
18095,0.375106,False,13.61
18096,0.456467,False,16.56
18097,0.448442,False,16.27
18098,0.356101,False,12.92
18099,0.35973,False,13.05
18100,0.421358,False,15.28
18101,0.386332,False,14.01
18102,0.334165,False,12.12
18103,0.411954,False,14.94
18104,0.354054,False,12.84
18105,0.320658,False,11.63
18106,0.339,False,12.3
18107,0.39995,False,14.51
18108,0.333219,False,12.09
18109,0.305054,False,11.07
18110,0.34573,False,12.54
18111,0.369526,False,13.4
18112,0.358883,False,13.02
18113,0.345468,False,12.53
18114,0.365184,False,13.25
18115,0.343604,False,12.46
18116,0.337349,False,12.24
18117,0.441768,False,16.02
18118,0.338371,False,12.27
18119,0.321242,False,11.65
18120,0.303724,False,11.02
18121,0.378362,False,13.72
18122,0.383775,False,13.92
18123,0.399356,False,14.49
18124,0.297783,False,10.8
18125,0.481874,False,17.48
18126,0.304147,False,11.03
18127,0.466021,False,16.9
18128,0.416816,False,15.12
18129,0.342229,False,12.41
18130,0.409793,False,14.86
18131,0.3579,False,12.98
18132,0.358006,False,12.99
18133,0.395255,False,14.34
18134,0.367817,False,13.34
18135,0.37251,False,13.51
18136,0.442423,False,16.05
18137,0.465224,False,16.88
18138,0.455815,False,16.53
18139,0.524435,False,19.02
18140,0.531835,False,19.29
18141,0.372789,False,13.52
18142,0.328411,False,11.91
18143,0.301795,False,10.95
18144,0.320902,False,11.64
18145,0.307358,False,11.15
18146,0.397847,False,14.43
18147,0.31857,False,11.56
18148,0.269712,False,9.78
18149,0.301209,False,10.93
18150,0.278832,False,10.11
18151,0.638165,False,23.15
18152,0.664084,False,24.09
18153,0.61829,False,22.43
18154,0.632355,False,22.94
18155,0.601162,False,21.81
18156,0.559588,False,20.3
18157,0.650583,False,23.6
18158,0.534612,False,19.39
18159,0.5812,False,21.08
18160,0.594097,False,21.55
18161,0.520902,False,18.89
18162,0.538873,False,19.55
18163,0.514841,False,18.67
18164,0.507955,False,18.42
18165,0.541698,False,19.65
18166,0.536869,False,19.47
18167,0.570471,False,20.69
18168,0.635934,False,23.07
18169,0.531589,False,19.28
18170,0.548916,False,19.91
18171,0.477767,False,17.33
18172,0.484757,False,17.58
18173,0.475101,False,17.23
18174,0.47123,False,17.09
18175,0.508077,False,18.43
18176,0.535441,False,19.42
18177,0.507331,False,18.4
18178,0.548324,False,19.89
18179,0.532132,False,19.3
18180,0.521434,False,18.91
18181,0.551766,False,20.01
18182,0.500282,False,18.15
18183,0.499942,False,18.13
18184,0.534507,False,19.39
18185,0.573584,False,20.81
18186,0.5945,False,21.56
18187,0.516952,False,18.75
18188,0.516801,False,18.75
18189,0.514518,False,18.66
18190,0.581269,False,21.08
18191,0.522592,False,18.96
18192,0.532997,False,19.33
18193,0.543895,False,19.73
18194,0.582755,False,21.14
18195,0.523327,False,18.98
18196,0.526446,False,19.1
18197,0.521227,False,18.91
18198,0.548784,False,19.91
18199,0.559607,False,20.3
18200,0.534194,False,19.38
18201,0.570977,False,20.71
18202,0.557549,False,20.22
18203,0.534995,False,19.41
18204,0.547157,False,19.85
18205,0.763073,False,27.68
18206,0.698312,False,25.33
18207,0.645743,False,23.42
18208,0.563639,False,20.44
18209,0.586746,False,21.28
18210,0.537971,False,19.51
18211,0.558208,False,20.25
18212,0.586377,False,21.27
18213,0.527218,False,19.12
18214,0.54966,False,19.94
18215,0.587775,False,21.32
18216,0.546642,False,19.83
18217,0.550938,False,19.98
18218,0.585399,False,21.23
18219,0.540784,False,19.62
18220,0.547674,False,19.87
18221,0.543256,False,19.71
18222,0.548503,False,19.9
18223,0.54947,False,19.93
18224,0.553273,False,20.07
18225,0.587844,False,21.32
18226,0.557651,False,20.23
18227,0.55679,False,20.2
18228,0.610375,False,22.14
18229,0.566547,False,20.55
18230,0.566806,False,20.56
18231,0.574383,False,20.83
18232,0.753008,False,27.31
18233,0.638722,False,23.17
18234,0.629026,False,22.82
18235,0.567214,False,20.57
18236,0.553373,False,20.07
18237,0.542212,False,19.67
18238,0.576954,False,20.93
18239,0.609808,False,22.12
18240,0.591995,False,21.47
18241,0.553284,False,20.07
18242,0.542259,False,19.67
18243,0.60881,False,22.08
18244,0.563817,False,20.45
18245,0.582212,False,21.12
18246,0.585581,False,21.24
18247,0.586929,False,21.29
18248,0.589303,False,21.38
18249,0.612629,False,22.22
18250,0.596333,False,21.63
18251,0.557993,False,20.24
18252,0.567125,False,20.57
18253,0.546389,False,19.82
18254,0.541246,False,19.63
18255,0.517839,False,18.78
18256,0.501187,False,18.18
18257,0.526679,False,19.1
18258,0.484115,False,17.56
18259,0.505619,False,18.34
18260,0.489514,False,17.76
18261,1.193365,True,43.29
18262,0.569033,False,20.64
18263,0.561646,False,20.37
18264,0.518059,False,18.79
18265,0.525174,False,19.05
18266,0.508825,False,18.46
18267,0.464051,False,16.83
18268,0.491641,False,17.83
18269,0.487009,False,17.67
18270,0.465547,False,16.89
18271,0.458747,False,16.64
18272,0.467362,False,16.95
18273,0.470954,False,17.08
18274,0.459652,False,16.67
18275,0.473319,False,17.17
18276,0.436646,False,15.84
18277,0.476831,False,17.3
18278,0.48337,False,17.53
18279,0.472089,False,17.12
18280,0.496694,False,18.02
18281,0.468941,False,17.01
18282,0.587011,False,21.29
18283,0.474013,False,17.19
18284,0.484261,False,17.57
18285,0.524583,False,19.03
18286,0.466111,False,16.91
18287,0.484113,False,17.56
18288,0.51225,False,18.58
18289,0.501233,False,18.18
18290,0.547265,False,19.85
18291,0.560436,False,20.33
18292,0.543993,False,19.73
18293,0.52067,False,18.89
18294,0.534625,False,19.39
18295,0.616759,False,22.37
18296,0.619604,False,22.47
18297,0.614727,False,22.3
18298,0.580028,False,21.04
18299,0.572287,False,20.76
18300,0.568726,False,20.63
18301,0.555641,False,20.15
18302,0.570658,False,20.7
18303,0.540134,False,19.59
18304,0.529094,False,19.19
18305,0.520911,False,18.89
18306,0.512302,False,18.58
18307,0.513592,False,18.63
18308,0.498179,False,18.07
18309,0.492929,False,17.88
18310,0.492658,False,17.87
18311,0.573183,False,20.79
18312,0.501242,False,18.18
18313,0.577268,False,20.94
18314,0.460954,False,16.72
18315,0.470025,False,17.05
18316,0.498665,False,18.09
18317,0.462082,False,16.76
18318,0.510457,False,18.52
18319,0.450351,False,16.34
18320,0.432405,False,15.68
18321,0.448757,False,16.28
18322,0.448182,False,16.26
18323,0.480711,False,17.44
18324,0.449549,False,16.31
18325,0.426578,False,15.47
18326,0.476542,False,17.29
18327,0.408924,False,14.83
18328,0.471436,False,17.1
18329,0.46416,False,16.84
18330,0.410042,False,14.87
18331,0.438757,False,15.91
18332,0.419658,False,15.22
18333,0.379748,False,13.77
18334,0.431999,False,15.67
18335,0.459733,False,16.68
18336,0.487961,False,17.7
18337,0.368398,False,13.36
18338,0.383943,False,13.93
18339,0.384353,False,13.94
18340,0.356071,False,12.92
18341,0.382055,False,13.86
18342,0.44225,False,16.04
18343,0.385313,False,13.98
18344,0.472308,False,17.13
18345,0.383299,False,13.9
18346,0.381925,False,13.85
18347,1.462959,True,53.07
18348,0.392441,False,14.23
18349,0.474351,False,17.21
18350,0.48152,False,17.47
18351,0.355756,False,12.9
18352,0.381261,False,13.83
18353,0.432546,False,15.69
18354,0.434893,False,15.77
18355,0.43383,False,15.74
18356,0.461644,False,16.75
18357,0.388808,False,14.1
18358,0.417323,False,15.14
18359,0.535523,False,19.42
18360,0.415806,False,15.08
18361,0.320974,False,11.64
18362,0.361832,False,13.12
18363,0.284042,False,10.3
18364,0.478958,False,17.37
18365,0.537499,False,19.5
18366,0.49795,False,18.06
18367,0.50217,False,18.22
18368,0.504199,False,18.29
18369,0.505362,False,18.33
18370,0.472633,False,17.14
18371,0.497352,False,18.04
18372,0.505509,False,18.34
18373,0.501462,False,18.19
18374,0.427744,False,15.52
18375,0.419699,False,15.22
18376,0.421325,False,15.28
18377,0.404415,False,14.67
18378,0.3933,False,14.27
18379,0.431458,False,15.65
18380,0.426895,False,15.48
18381,0.419107,False,15.2
18382,0.448987,False,16.29
18383,0.382714,False,13.88
18384,0.376557,False,13.66
18385,0.37582,False,13.63
18386,0.444697,False,16.13
18387,0.475341,False,17.24
18388,0.375294,False,13.61
18389,0.366983,False,13.31
18390,0.401191,False,14.55
18391,0.356479,False,12.93
18392,0.388448,False,14.09
18393,0.423689,False,15.37
18394,0.334048,False,12.12
18395,0.41043,False,14.89
18396,0.363962,False,13.2
18397,0.355425,False,12.89
18398,0.391751,False,14.21
18399,0.392054,False,14.22
18400,0.411881,False,14.94
18401,0.380165,False,13.79
18402,0.370107,False,13.42
18403,0.343368,False,12.45
18404,0.337838,False,12.25
18405,0.346178,False,12.56
18406,0.312499,False,11.34
18407,0.331669,False,12.03
18408,0.427936,False,15.52
18409,0.363638,False,13.19
18410,0.338326,False,12.27
18411,0.329936,False,11.97
18412,0.394353,False,14.3
18413,0.428269,False,15.53
18414,0.432537,False,15.69
18415,0.48225,False,17.49
18416,0.490865,False,17.81
18417,0.515466,False,18.7
18418,0.522227,False,18.94
18419,0.519856,False,18.86
18420,0.49093,False,17.81
18421,0.485334,False,17.6
18422,0.472657,False,17.14
18423,0.504139,False,18.29
18424,0.500661,False,18.16
18425,0.501084,False,18.18
18426,0.446049,False,16.18
18427,0.436363,False,15.83
18428,0.455919,False,16.54
18429,0.447304,False,16.22
18430,0.424938,False,15.41
18431,0.417059,False,15.13
18432,0.523828,False,19.0
18433,0.488112,False,17.71
18434,0.450384,False,16.34
18435,0.475889,False,17.26
18436,0.440423,False,15.98
18437,0.447416,False,16.23
18438,0.406171,False,14.73
18439,0.406294,False,14.74
18440,0.422458,False,15.32
18441,0.390046,False,14.15
18442,0.394803,False,14.32
18443,0.399933,False,14.51
18444,0.38521,False,13.97
18445,0.440548,False,15.98
18446,0.387459,False,14.05
18447,0.411468,False,14.93
18448,0.508464,False,18.44
18449,0.406323,False,14.74
18450,0.399911,False,14.51
18451,0.409354,False,14.85
18452,0.428332,False,15.54
18453,0.434971,False,15.78
18454,0.414852,False,15.05
18455,0.476788,False,17.29
18456,0.425372,False,15.43
18457,0.454458,False,16.48
18458,0.479947,False,17.41
18459,0.459438,False,16.67
18460,0.462176,False,16.76
18461,0.454304,False,16.48
18462,0.500679,False,18.16
18463,0.499471,False,18.12
18464,0.509388,False,18.48
18465,0.527685,False,19.14
18466,0.562943,False,20.42
18467,0.505237,False,18.33
18468,0.542633,False,19.68
18469,0.601142,False,21.81
18470,0.544937,False,19.77
18471,1.173927,True,42.58
18472,1.098059,True,39.83
18473,1.091285,True,39.58
18474,1.111821,True,40.33
18475,1.252372,True,45.43
18476,1.797676,True,65.21
18477,0.614345,False,22.28
18478,0.650319,False,23.59
18479,0.649951,False,23.58
18480,0.609857,False,22.12
18481,0.682191,False,24.75
18482,0.602681,False,21.86
18483,0.577976,False,20.96
18484,0.574541,False,20.84
18485,0.56966,False,20.66
18486,0.56141,False,20.36
18487,0.553939,False,20.09
18488,0.549096,False,19.92
18489,0.59183,False,21.47
18490,0.55219,False,20.03
18491,0.561315,False,20.36
18492,0.562735,False,20.41
18493,0.65939,False,23.92
18494,0.53239,False,19.31
18495,0.529091,False,19.19
18496,0.52345,False,18.99
18497,0.533883,False,19.37
18498,0.536144,False,19.45
18499,0.586473,False,21.27
18500,0.591351,False,21.45
18501,0.624288,False,22.64
18502,0.538626,False,19.54
18503,0.508471,False,18.44
18504,0.508539,False,18.45
18505,0.500448,False,18.15
18506,0.580015,False,21.04
18507,0.542412,False,19.67
18508,0.496204,False,18.0
18509,0.510363,False,18.51
18510,0.548786,False,19.91
18511,0.497439,False,18.04
18512,0.494845,False,17.95
18513,0.50856,False,18.45
18514,0.516996,False,18.75
18515,0.491446,False,17.83
18516,0.496097,False,17.99
18517,0.483589,False,17.54
18518,0.601964,False,21.83
18519,0.490461,False,17.79
18520,0.493988,False,17.92
18521,0.389283,False,14.12
18522,0.413748,False,15.01
18523,0.342781,False,12.43
18524,0.429892,False,15.59
18525,0.516788,False,18.75
18526,0.449885,False,16.32
18527,0.423378,False,15.36
18528,0.407882,False,14.8
18529,0.416381,False,15.1
18530,0.373406,False,13.54
18531,0.420029,False,15.24
18532,0.354069,False,12.84
18533,0.450036,False,16.32
18534,0.345627,False,12.54
18535,0.32665,False,11.85
18536,0.465466,False,16.88
18537,0.397343,False,14.41
18538,0.313777,False,11.38
18539,0.297342,False,10.79
18540,0.397322,False,14.41
18541,0.278249,False,10.09
18542,0.285697,False,10.36
18543,0.286128,False,10.38
18544,0.386306,False,14.01
18545,0.300894,False,10.91
18546,0.289421,False,10.5
18547,0.382739,False,13.88
18548,0.304082,False,11.03
18549,0.434144,False,15.75
18550,0.253018,False,9.18
18551,0.240561,False,8.73
18552,0.420707,False,15.26
18553,0.260244,False,9.44
18554,0.271716,False,9.86
18555,0.346747,False,12.58
18556,0.277872,False,10.08
18557,0.296762,False,10.76
18558,0.253344,False,9.19
18559,0.263129,False,9.54
18560,0.394689,False,14.32
18561,0.272512,False,9.88
18562,1.167807,True,42.36
18563,0.518482,False,18.81
18564,0.50757,False,18.41
18565,0.587809,False,21.32
18566,0.510208,False,18.51
18567,0.539616,False,19.57
18568,0.532073,False,19.3
18569,0.518675,False,18.81
18570,0.596652,False,21.64
18571,0.533957,False,19.37
18572,0.552056,False,20.02
18573,0.548122,False,19.88
18574,0.561085,False,20.35
18575,0.560046,False,20.31
18576,0.554999,False,20.13
18577,0.564039,False,20.46
18578,0.590418,False,21.42
18579,0.580378,False,21.05
18580,0.566018,False,20.53
18581,0.684177,False,24.82
18582,0.635301,False,23.04
18583,0.722176,False,26.2
18584,0.737596,False,26.75
18585,0.687213,False,24.93
18586,0.675163,False,24.49
18587,0.726451,False,26.35
18588,0.725657,False,26.32
18589,0.721225,False,26.16
18590,0.720494,False,26.13
18591,0.74697,False,27.09
18592,0.700356,False,25.4
18593,0.732556,False,26.57
18594,0.705794,False,25.6
18595,0.719896,False,26.11
18596,0.690701,False,25.05
18597,0.770409,False,27.94
18598,0.611591,False,22.18
18599,0.602819,False,21.87
18600,0.594296,False,21.56
18601,0.426774,False,15.48
18602,0.437284,False,15.86
18603,0.418609,False,15.18
18604,0.409767,False,14.86
18605,0.364975,False,13.24
18606,0.389089,False,14.11
18607,0.453437,False,16.45
18608,0.375737,False,13.63
18609,0.351248,False,12.74
18610,0.343214,False,12.45
18611,0.38704,False,14.04
18612,0.361997,False,13.13
18613,0.368906,False,13.38
18614,0.401319,False,14.56
18615,0.336166,False,12.19
18616,0.367157,False,13.32
18617,0.390762,False,14.17
18618,0.415694,False,15.08
18619,0.36701,False,13.31
18620,0.3715,False,13.48
18621,0.387425,False,14.05
18622,0.365551,False,13.26
18623,0.44791,False,16.25
18624,0.38295,False,13.89
18625,0.386697,False,14.03
18626,0.430698,False,15.62
18627,0.40871,False,14.83
18628,0.498153,False,18.07
18629,0.419771,False,15.23
18630,0.43803,False,15.89
18631,0.438776,False,15.92
18632,0.46123,False,16.73
18633,0.477075,False,17.3
18634,0.466559,False,16.92
18635,0.466163,False,16.91
18636,0.482369,False,17.5
18637,0.527737,False,19.14
18638,0.485268,False,17.6
18639,0.514644,False,18.67
18640,0.497371,False,18.04
18641,0.502812,False,18.24
18642,0.582175,False,21.12
18643,0.624212,False,22.64
18644,0.754894,False,27.38
18645,0.647663,False,23.49
18646,0.74058,False,26.86
18647,0.637215,False,23.11
18648,0.639597,False,23.2
18649,0.628242,False,22.79
18650,0.636716,False,23.1
18651,0.63906,False,23.18
18652,0.651291,False,23.62
18653,0.624721,False,22.66
18654,0.616563,False,22.36
18655,0.613569,False,22.26
18656,0.609675,False,22.11
18657,0.615861,False,22.34
18658,0.616463,False,22.36
18659,0.655062,False,23.76
18660,0.600564,False,21.78
18661,0.607748,False,22.04
18662,0.593997,False,21.55
18663,0.595616,False,21.6
18664,0.612961,False,22.23
18665,0.579815,False,21.03
18666,0.599796,False,21.76
18667,0.60059,False,21.79
18668,0.594978,False,21.58
18669,0.600508,False,21.78
18670,0.582092,False,21.11
18671,0.600009,False,21.76
18672,0.57676,False,20.92
18673,0.596811,False,21.65
18674,0.580755,False,21.07
18675,0.602946,False,21.87
18676,0.633305,False,22.97
18677,0.590328,False,21.41
18678,0.588669,False,21.35
18679,0.594019,False,21.55
18680,0.559618,False,20.3
18681,0.570963,False,20.71
18682,0.57081,False,20.7
18683,0.581927,False,21.11
18684,0.572656,False,20.77
18685,0.574873,False,20.85
18686,0.563492,False,20.44
18687,0.585061,False,21.22
18688,0.586913,False,21.29
18689,0.561248,False,20.36
18690,0.552925,False,20.06
18691,0.591673,False,21.46
18692,0.543372,False,19.71
18693,0.56964,False,20.66
18694,0.563641,False,20.44
18695,0.626842,False,22.74
18696,0.600072,False,21.77
18697,0.572983,False,20.78
18698,0.568821,False,20.63
18699,0.573774,False,20.81
18700,0.561343,False,20.36
18701,0.58559,False,21.24
18702,0.601382,False,21.81
18703,0.646574,False,23.45
18704,0.853225,False,30.95
18705,0.840799,False,30.5
18706,0.850733,False,30.86
18707,0.925328,False,33.56
18708,0.939728,True,34.09
18709,0.9615,True,34.88
18710,0.949099,True,34.43
18711,0.953717,True,34.59
18712,1.005123,True,36.46
18713,1.380243,True,50.07
18714,0.875139,False,31.74
18715,0.71765,False,26.03
18716,0.720491,False,26.13
18717,0.593106,False,21.51
18718,0.597042,False,21.66
18719,0.598287,False,21.7
18720,0.598475,False,21.71
18721,0.592058,False,21.48
18722,0.604697,False,21.93
18723,0.582479,False,21.13
18724,0.617111,False,22.38
18725,0.64198,False,23.29
18726,0.602224,False,21.84
18727,0.579082,False,21.0
18728,0.573567,False,20.8
18729,0.580747,False,21.07
18730,0.571406,False,20.73
18731,0.606846,False,22.01
18732,0.621531,False,22.54
18733,0.570022,False,20.68
18734,0.568799,False,20.63
18735,0.599504,False,21.75
18736,0.584975,False,21.22
18737,0.565268,False,20.5
18738,0.640481,False,23.23
18739,0.585288,False,21.23
18740,0.567528,False,20.59
18741,0.60085,False,21.79
18742,0.575888,False,20.89
18743,0.571088,False,20.71
18744,1.390029,True,50.42
18745,0.700549,False,25.41
18746,0.708695,False,25.71
18747,0.69838,False,25.33
18748,0.626562,False,22.73
18749,0.60455,False,21.93
18750,0.608353,False,22.07
18751,0.607175,False,22.02
18752,0.574014,False,20.82
18753,0.558782,False,20.27
18754,0.557892,False,20.24
18755,0.55522,False,20.14
18756,0.541943,False,19.66
18757,0.540938,False,19.62
18758,0.548298,False,19.89
18759,0.515614,False,18.7
18760,0.508213,False,18.43
18761,0.501483,False,18.19
18762,0.521143,False,18.9
18763,0.538157,False,19.52
18764,0.505952,False,18.35
18765,0.565891,False,20.53
18766,0.502642,False,18.23
18767,0.48791,False,17.7
18768,0.507196,False,18.4
18769,0.488465,False,17.72
18770,0.501624,False,18.2
18771,0.50791,False,18.42
18772,0.469471,False,17.03
18773,0.456948,False,16.57
18774,0.47118,False,17.09
18775,0.489893,False,17.77
18776,0.476013,False,17.27
18777,0.591826,False,21.47
18778,0.477937,False,17.34
18779,0.488559,False,17.72
18780,0.531052,False,19.26
18781,0.5038,False,18.27
18782,0.513027,False,18.61
18783,0.562385,False,20.4
18784,0.501208,False,18.18
18785,0.513955,False,18.64
18786,0.528552,False,19.17
18787,0.477454,False,17.32
18788,0.514233,False,18.65
18789,0.508172,False,18.43
18790,0.482362,False,17.5
18791,0.52217,False,18.94
18792,0.509691,False,18.49
18793,0.550179,False,19.96
18794,0.48452,False,17.57
18795,0.514449,False,18.66
18796,0.49413,False,17.92
18797,0.559961,False,20.31
18798,0.484129,False,17.56
18799,0.47941,False,17.39
18800,0.478784,False,17.37
18801,0.506852,False,18.38
18802,0.499075,False,18.1
18803,0.327027,False,11.86
18804,0.234776,False,8.52
18805,0.253801,False,9.21
18806,0.421964,False,15.31
18807,0.401445,False,14.56
18808,0.32537,False,11.8
18809,0.399542,False,14.49
18810,0.351347,False,12.74
18811,0.312741,False,11.34
18812,0.338835,False,12.29
18813,0.343949,False,12.48
18814,0.281286,False,10.2
18815,0.267513,False,9.7
18816,0.266961,False,9.68
18817,0.301886,False,10.95
18818,0.262445,False,9.52
18819,0.38618,False,14.01
18820,0.241715,False,8.77
18821,0.230137,False,8.35
18822,0.320881,False,11.64
18823,0.253165,False,9.18
18824,1.163825,True,42.22
18825,0.424102,False,15.38
18826,0.439149,False,15.93
18827,0.399992,False,14.51
18828,0.382129,False,13.86
18829,0.533825,False,19.36
18830,0.38751,False,14.06
18831,0.384238,False,13.94
18832,0.464411,False,16.85
18833,0.41404,False,15.02
18834,0.368671,False,13.37
18835,0.410595,False,14.89
18836,0.404416,False,14.67
18837,0.380891,False,13.82
18838,0.396247,False,14.37
18839,0.378673,False,13.74
18840,0.387685,False,14.06
18841,0.429274,False,15.57
18842,0.389957,False,14.14
18843,0.387304,False,14.05
18844,0.396635,False,14.39
18845,0.502178,False,18.22
18846,0.405067,False,14.69
18847,0.54148,False,19.64
18848,0.459609,False,16.67
18849,0.487387,False,17.68
18850,0.437661,False,15.88
18851,0.425415,False,15.43
18852,0.425762,False,15.44
18853,0.429546,False,15.58
18854,0.44699,False,16.21
18855,0.467133,False,16.94
18856,0.485125,False,17.6
18857,0.5081,False,18.43
18858,0.524585,False,19.03
18859,0.564243,False,20.47
18860,0.488036,False,17.7
18861,0.51062,False,18.52
18862,0.556384,False,20.18
18863,0.546395,False,19.82
18864,0.583113,False,21.15
18865,0.646079,False,23.44
18866,0.704462,False,25.55
18867,0.641874,False,23.28
18868,0.63619,False,23.08
18869,0.700992,False,25.43
18870,0.633866,False,22.99
18871,0.642591,False,23.31
18872,0.634464,False,23.01
18873,0.636006,False,23.07
18874,0.684279,False,24.82
18875,0.707574,False,25.67
18876,0.69788,False,25.31
18877,0.705213,False,25.58
18878,0.694468,False,25.19
18879,0.637847,False,23.14
18880,0.568371,False,20.62
18881,0.623215,False,22.61
18882,0.604929,False,21.94
18883,0.489258,False,17.75
18884,0.512585,False,18.59
18885,0.484281,False,17.57
18886,0.460748,False,16.71
18887,0.500239,False,18.15
18888,0.433419,False,15.72
18889,0.412882,False,14.98
18890,0.42668,False,15.48
18891,0.43551,False,15.8
18892,0.464873,False,16.86
18893,0.335076,False,12.15
18894,0.469216,False,17.02
18895,0.360191,False,13.07
18896,0.495944,False,17.99
18897,0.543748,False,19.72
18898,0.34508,False,12.52
18899,0.464924,False,16.86
18900,0.462827,False,16.79
18901,0.509233,False,18.47
18902,0.444244,False,16.11
18903,0.488594,False,17.72
18904,0.492203,False,17.85
18905,0.413438,False,15.0
18906,0.414236,False,15.03
18907,0.47698,False,17.3
18908,0.412807,False,14.97
18909,0.454667,False,16.49
18910,0.434286,False,15.75
18911,0.414377,False,15.03
18912,0.384518,False,13.95
18913,0.394682,False,14.32
18914,0.372187,False,13.5
18915,0.463782,False,16.82
18916,0.387828,False,14.07
18917,0.382654,False,13.88
18918,0.38119,False,13.83
18919,0.368952,False,13.38
18920,0.436241,False,15.82
18921,0.372055,False,13.5
18922,0.359195,False,13.03
18923,0.415691,False,15.08
18924,0.436807,False,15.84
18925,0.427953,False,15.52
18926,0.42575,False,15.44
18927,0.451938,False,16.39
18928,0.470767,False,17.08
18929,1.188326,True,43.1
18930,0.533397,False,19.35
18931,0.433991,False,15.74
18932,0.456381,False,16.55
18933,0.4341,False,15.75
18934,0.447624,False,16.24
18935,0.434782,False,15.77
18936,0.479035,False,17.38
18937,0.517513,False,18.77
18938,0.430333,False,15.61
18939,0.51104,False,18.54
18940,0.446838,False,16.21
18941,0.456852,False,16.57
18942,0.475752,False,17.26
18943,0.340381,False,12.35
18944,0.337396,False,12.24
18945,0.351817,False,12.76
18946,0.449343,False,16.3
18947,0.462727,False,16.78
18948,0.474399,False,17.21
18949,0.446142,False,16.18
18950,0.437605,False,15.87
18951,0.425004,False,15.42
18952,0.478395,False,17.35
18953,0.410834,False,14.9
18954,0.423974,False,15.38
18955,0.389016,False,14.11
18956,0.381341,False,13.83
18957,0.390838,False,14.18
18958,0.423432,False,15.36
18959,0.357117,False,12.95
18960,0.351037,False,12.73
18961,0.468084,False,16.98
18962,0.362432,False,13.15
18963,0.333058,False,12.08
18964,0.336114,False,12.19
18965,0.319123,False,11.58
18966,0.323455,False,11.73
18967,0.32091,False,11.64
18968,0.389281,False,14.12
18969,0.306759,False,11.13
18970,0.320196,False,11.61
18971,0.351528,False,12.75
18972,0.425767,False,15.44
18973,0.325181,False,11.8
18974,0.33033,False,11.98
18975,0.322882,False,11.71
18976,0.375562,False,13.62
18977,0.327811,False,11.89
18978,0.363294,False,13.18
18979,0.406155,False,14.73
18980,0.37477,False,13.59
18981,0.403572,False,14.64
18982,0.39628,False,14.37
18983,0.409964,False,14.87
18984,0.430746,False,15.62
18985,0.440537,False,15.98
18986,0.444659,False,16.13
18987,0.456247,False,16.55
18988,0.54654,False,19.82
18989,0.467427,False,16.95
18990,0.458466,False,16.63
18991,0.480379,False,17.42
18992,0.480862,False,17.44
18993,0.478552,False,17.36
18994,0.488634,False,17.72
18995,0.576772,False,20.92
18996,0.481862,False,17.48
18997,0.541264,False,19.63
18998,0.541274,False,19.63
18999,0.534505,False,19.39
19000,0.569746,False,20.67
19001,0.612739,False,22.23
19002,0.620098,False,22.49
19003,0.41645,False,15.11
19004,0.439054,False,15.93
19005,0.431592,False,15.66
19006,0.409503,False,14.85
19007,0.379221,False,13.76
19008,0.41478,False,15.05
19009,0.414117,False,15.02
19010,0.38137,False,13.83
19011,0.432959,False,15.7
19012,0.451327,False,16.37
19013,0.39843,False,14.45
19014,0.379922,False,13.78
19015,0.361097,False,13.1
19016,0.39503,False,14.33
19017,0.425888,False,15.45
19018,0.486121,False,17.63
19019,0.377787,False,13.7
19020,0.368844,False,13.38
19021,0.39567,False,14.35
19022,0.3991,False,14.48
19023,0.430099,False,15.6
19024,0.423894,False,15.38
19025,0.416003,False,15.09
19026,0.430162,False,15.6
19027,0.4222,False,15.31
19028,0.421738,False,15.3
19029,0.430132,False,15.6
19030,0.44651,False,16.2
19031,0.486802,False,17.66
19032,0.454957,False,16.5
19033,0.461176,False,16.73
19034,0.473119,False,17.16
19035,0.49433,False,17.93
19036,0.490725,False,17.8
19037,0.505709,False,18.34
19038,0.536358,False,19.46
19039,0.503971,False,18.28
19040,0.51464,False,18.67
19041,0.511994,False,18.57
19042,0.505916,False,18.35
19043,0.567379,False,20.58
19044,0.530559,False,19.24
19045,0.518582,False,18.81
19046,0.272951,False,9.9
19047,0.313738,False,11.38
19048,0.361835,False,13.12
19049,0.417148,False,15.13
19050,0.407431,False,14.78
19051,0.469053,False,17.01
19052,0.498315,False,18.08
19053,0.467966,False,16.97
19054,0.431945,False,15.67
19055,0.430009,False,15.6
19056,0.424856,False,15.41
19057,0.408688,False,14.82
19058,0.436046,False,15.82
19059,0.402834,False,14.61
19060,0.398468,False,14.45
19061,0.400555,False,14.53
19062,0.388213,False,14.08
19063,0.46114,False,16.73
19064,0.441306,False,16.01
19065,0.422623,False,15.33
19066,0.378424,False,13.73
19067,0.442192,False,16.04
19068,0.384867,False,13.96
19069,0.416732,False,15.12
19070,0.359172,False,13.03
19071,0.430574,False,15.62
19072,0.431306,False,15.64
19073,0.390083,False,14.15
19074,0.390475,False,14.16
19075,0.357807,False,12.98
19076,0.3848,False,13.96
19077,0.386766,False,14.03
19078,0.396887,False,14.4
19079,0.41531,False,15.06
19080,0.356017,False,12.91
19081,0.383899,False,13.93
19082,0.406444,False,14.74
19083,1.182053,True,42.88
19084,0.478122,False,17.34
19085,0.50586,False,18.35
19086,0.536647,False,19.47
19087,0.480794,False,17.44
19088,0.48653,False,17.65
19089,0.469854,False,17.04
19090,0.480505,False,17.43
19091,0.491215,False,17.82
19092,0.508095,False,18.43
19093,0.492814,False,17.88
19094,0.560164,False,20.32
19095,0.540064,False,19.59
19096,0.526876,False,19.11
19097,0.500117,False,18.14
19098,0.497728,False,18.05
19099,0.36617,False,13.28
19100,0.356089,False,12.92
19101,0.482794,False,17.51
19102,0.401102,False,14.55
19103,0.45509,False,16.51
19104,0.389987,False,14.15
19105,0.468646,False,17.0
19106,0.357313,False,12.96
19107,0.412289,False,14.95
19108,0.368301,False,13.36
19109,0.368153,False,13.35
19110,0.352664,False,12.79
19111,0.365549,False,13.26
19112,0.289416,False,10.5
19113,0.399904,False,14.51
19114,0.350616,False,12.72
19115,0.397296,False,14.41
19116,0.269988,False,9.79
19117,0.301816,False,10.95
19118,0.367855,False,13.34
19119,0.254303,False,9.22
19120,0.28066,False,10.18
19121,0.290192,False,10.53
19122,0.259886,False,9.43
19123,0.265622,False,9.63
19124,0.270879,False,9.83
19125,0.272248,False,9.88
19126,0.276854,False,10.04
19127,0.281333,False,10.2
19128,0.243554,False,8.83
19129,0.266912,False,9.68
19130,0.26053,False,9.45
19131,0.281857,False,10.22
19132,0.273425,False,9.92
19133,0.281054,False,10.19
19134,0.248818,False,9.03
19135,0.298358,False,10.82
19136,0.351338,False,12.74
19137,0.337509,False,12.24
19138,0.249546,False,9.05
19139,0.299074,False,10.85
19140,0.238545,False,8.65
19141,0.309772,False,11.24
19142,0.234661,False,8.51
19143,0.263908,False,9.57
19144,0.338099,False,12.26
19145,0.235717,False,8.55
19146,0.277749,False,10.07
19147,0.246995,False,8.96
19148,0.248183,False,9.0
19149,0.326922,False,11.86
19150,0.364952,False,13.24
19151,0.310308,False,11.26
19152,0.445501,False,16.16
19153,0.388047,False,14.08
19154,0.3382,False,12.27
19155,0.281636,False,10.22
19156,0.321844,False,11.67
19157,0.326839,False,11.86
19158,0.305669,False,11.09
19159,0.347897,False,12.62
19160,0.327645,False,11.88
19161,0.396497,False,14.38
19162,0.367625,False,13.33
19163,0.368595,False,13.37
19164,0.458131,False,16.62
19165,0.395035,False,14.33
19166,0.399848,False,14.5
19167,0.376061,False,13.64
19168,0.442853,False,16.06
19169,0.481969,False,17.48
19170,0.433161,False,15.71
19171,0.494726,False,17.95
19172,0.452813,False,16.42
19173,1.156039,True,41.93
19174,1.108473,True,40.21
19175,1.26285,True,45.81
19176,1.201146,True,43.57
19177,1.242086,True,45.05
19178,1.342578,True,48.7
19179,1.395219,True,50.61
19180,1.733766,True,62.89
19181,0.744357,False,27.0
19182,0.77096,False,27.96
19183,1.02749,True,37.27
19184,0.796669,False,28.9
19185,0.796003,False,28.87
19186,0.764839,False,27.74
19187,0.790004,False,28.66
19188,0.82814,False,30.04
19189,0.744507,False,27.01
19190,0.828726,False,30.06
19191,0.748607,False,27.15
19192,0.742287,False,26.92
19193,0.77066,False,27.95
19194,0.761393,False,27.62
19195,0.733841,False,26.62
19196,0.724248,False,26.27
19197,0.774006,False,28.08
19198,0.74065,False,26.87
19199,0.683288,False,24.78
19200,0.676323,False,24.53
19201,0.710197,False,25.76
19202,0.701672,False,25.45
19203,0.742346,False,26.93
19204,0.742316,False,26.93
19205,0.660905,False,23.97
19206,0.731272,False,26.53
19207,0.651646,False,23.64
19208,0.643546,False,23.34
19209,0.696399,False,25.26
19210,0.673259,False,24.42
19211,0.666627,False,24.18
19212,0.648819,False,23.53
19213,0.664784,False,24.11
19214,0.68115,False,24.71
19215,0.668682,False,24.26
19216,0.655681,False,23.78
19217,0.653229,False,23.69
19218,0.647344,False,23.48
19219,0.648044,False,23.51
19220,0.631252,False,22.9
19221,0.664679,False,24.11
19222,0.661765,False,24.0
19223,0.731533,False,26.53
19224,0.644723,False,23.39
19225,0.660247,False,23.95
19226,0.651342,False,23.63
19227,0.618667,False,22.44
19228,0.636787,False,23.1
19229,0.641838,False,23.28
19230,0.624424,False,22.65
19231,0.631175,False,22.89
19232,0.612981,False,22.23
19233,0.614188,False,22.28
19234,0.671051,False,24.34
19235,0.596307,False,21.63
19236,0.652766,False,23.68
19237,0.61595,False,22.34
19238,0.604112,False,21.91
19239,0.684995,False,24.85
19240,0.610708,False,22.15
19241,0.67111,False,24.34
19242,0.633369,False,22.97
19243,0.725959,False,26.33
19244,0.701813,False,25.46
19245,0.726399,False,26.35
19246,0.681565,False,24.72
19247,0.71501,False,25.94
19248,0.740453,False,26.86
19249,0.693695,False,25.16
19250,0.753058,False,27.32
19251,0.70585,False,25.6
19252,0.795512,False,28.86
19253,0.49206,False,17.85
19254,0.495285,False,17.97
19255,0.497091,False,18.03
19256,0.457836,False,16.61
19257,0.448886,False,16.28
19258,0.436534,False,15.83
19259,0.459787,False,16.68
19260,0.423672,False,15.37
19261,0.418585,False,15.18
19262,0.470317,False,17.06
19263,0.402671,False,14.61
19264,0.399961,False,14.51
19265,1.07181,True,38.88
19266,0.494701,False,17.94
19267,0.457193,False,16.58
19268,0.461847,False,16.75
19269,0.489285,False,17.75
19270,0.49196,False,17.84
19271,0.488173,False,17.71
19272,0.608124,False,22.06
19273,0.568653,False,20.63
19274,0.556519,False,20.19
19275,0.562227,False,20.39
19276,0.571021,False,20.71
19277,0.633924,False,22.99
19278,0.595894,False,21.61
19279,0.606063,False,21.98
19280,0.592048,False,21.48
19281,0.60593,False,21.98
19282,0.613354,False,22.25
19283,0.643196,False,23.33
19284,0.658208,False,23.88
19285,0.660621,False,23.96
19286,0.673154,False,24.42
19287,0.655183,False,23.77
19288,0.688104,False,24.96
19289,0.67284,False,24.41
19290,0.690723,False,25.05
19291,0.689762,False,25.02
19292,0.705866,False,25.6
19293,0.721299,False,26.16
19294,0.711606,False,25.81
19295,0.70298,False,25.5
19296,0.732954,False,26.59
19297,0.707588,False,25.67
19298,0.731172,False,26.52
19299,1.36127,True,49.38
19300,0.844763,False,30.64
19301,0.912823,False,33.11
19302,0.872699,False,31.66
19303,0.923046,False,33.48
19304,0.927565,False,33.65
19305,0.902386,False,32.73
19306,0.880519,False,31.94
19307,0.900308,False,32.66
19308,0.972933,True,35.29
19309,1.013158,True,36.75
19310,1.39956,True,50.77
19311,0.449064,False,16.29
19312,0.364278,False,13.21
19313,0.313221,False,11.36
19314,0.456779,False,16.57
19315,0.491022,False,17.81
19316,0.483851,False,17.55
19317,0.505661,False,18.34
19318,0.524973,False,19.04
19319,0.437074,False,15.85
19320,0.55993,False,20.31
19321,0.439885,False,15.96
19322,0.418336,False,15.17
19323,0.421,False,15.27
19324,0.995994,True,36.13
19325,0.380401,False,13.8
19326,0.375135,False,13.61
19327,0.377126,False,13.68
19328,0.380024,False,13.78
19329,0.425118,False,15.42
19330,0.45378,False,16.46
19331,0.371018,False,13.46
19332,0.333861,False,12.11
19333,0.338765,False,12.29
19334,0.32603,False,11.83
19335,0.32057,False,11.63
19336,0.316454,False,11.48
19337,0.322638,False,11.7
19338,0.319317,False,11.58
19339,0.322136,False,11.68
19340,0.337669,False,12.25
19341,0.351624,False,12.75
19342,0.307139,False,11.14
19343,0.424793,False,15.41
19344,0.306399,False,11.11
19345,0.472276,False,17.13
19346,0.352749,False,12.8
19347,0.31568,False,11.45
19348,0.321629,False,11.67
19349,0.332619,False,12.07
19350,0.33136,False,12.02
19351,0.454558,False,16.49
19352,0.409683,False,14.86
19353,0.357156,False,12.96
19354,0.346365,False,12.56
19355,0.451815,False,16.39
19356,0.389192,False,14.12
19357,0.355314,False,12.89
19358,0.444832,False,16.14
19359,0.359304,False,13.03
19360,0.716437,False,25.99
19361,0.718789,False,26.07
19362,0.767705,False,27.85
19363,0.574331,False,20.83
19364,0.549964,False,19.95
19365,0.540921,False,19.62
19366,0.547804,False,19.87
19367,0.527519,False,19.13
19368,0.52279,False,18.96
19369,0.520269,False,18.87
19370,0.530294,False,19.24
19371,0.520168,False,18.87
19372,0.623326,False,22.61
19373,0.502569,False,18.23
19374,0.505819,False,18.35
19375,0.567631,False,20.59
19376,0.515801,False,18.71
19377,0.502301,False,18.22
19378,0.545903,False,19.8
19379,0.486816,False,17.66
19380,0.630768,False,22.88
19381,0.487199,False,17.67
19382,0.499092,False,18.1
19383,0.525072,False,19.05
19384,0.528586,False,19.17
19385,0.490079,False,17.78
19386,0.550316,False,19.96
19387,0.497936,False,18.06
19388,0.541578,False,19.64
19389,0.515657,False,18.7
19390,0.510829,False,18.53
19391,0.557255,False,20.21
19392,0.511349,False,18.55
19393,0.524345,False,19.02
19394,0.559132,False,20.28
19395,0.561248,False,20.36
19396,0.528316,False,19.16
19397,0.603287,False,21.88
19398,0.541284,False,19.63
19399,0.600413,False,21.78
19400,0.534095,False,19.37
19401,0.523271,False,18.98
19402,0.585242,False,21.23
19403,0.546466,False,19.82
19404,0.585915,False,21.25
19405,0.570305,False,20.69
19406,0.543493,False,19.71
19407,0.573635,False,20.81
19408,0.584893,False,21.22
19409,0.58828,False,21.34
19410,1.362014,True,49.4
19411,0.891072,False,32.32
19412,0.999734,True,36.26
19413,0.996153,True,36.13
19414,0.950372,True,34.47
19415,0.997544,True,36.18
19416,1.498424,True,54.35
19417,0.303634,False,11.01
19418,0.312846,False,11.35
19419,0.45493,False,16.5
19420,0.4169,False,15.12
19421,0.429067,False,15.56
19422,0.400765,False,14.54
19423,0.38988,False,14.14
19424,0.367603,False,13.33
19425,0.366415,False,13.29
19426,0.316721,False,11.49
19427,0.31477,False,11.42
19428,0.367873,False,13.34
19429,0.283793,False,10.29
19430,0.27338,False,9.92
19431,0.288296,False,10.46
19432,0.268043,False,9.72
19433,0.248263,False,9.01
19434,0.235763,False,8.55
19435,0.255707,False,9.28
19436,0.263795,False,9.57
19437,0.226525,False,8.22
19438,0.210695,False,7.64
19439,0.27703,False,10.05
19440,0.214554,False,7.78
19441,0.26349,False,9.56
19442,0.204751,False,7.43
19443,0.229236,False,8.32
19444,0.256092,False,9.29
19445,0.290584,False,10.54
19446,0.263985,False,9.58
19447,0.224094,False,8.13
19448,0.218225,False,7.92
19449,0.209569,False,7.6
19450,0.335786,False,12.18
19451,0.263966,False,9.57
19452,0.270574,False,9.81
19453,0.291058,False,10.56
19454,0.282704,False,10.25
19455,0.294732,False,10.69
19456,0.288324,False,10.46
19457,0.308164,False,11.18
19458,0.35224,False,12.78
19459,0.319946,False,11.61
19460,0.321832,False,11.67
19461,0.320175,False,11.61
19462,0.367763,False,13.34
19463,0.352842,False,12.8
19464,0.350959,False,12.73
19465,0.3409,False,12.37
19466,0.339652,False,12.32
19467,0.360002,False,13.06
19468,0.347881,False,12.62
19469,0.508387,False,18.44
19470,0.501255,False,18.18
19471,0.526772,False,19.11
19472,0.574886,False,20.85
19473,0.578445,False,20.98
19474,0.465181,False,16.87
19475,0.446257,False,16.19
19476,0.415016,False,15.05
19477,0.450744,False,16.35
19478,0.397384,False,14.41
19479,0.394772,False,14.32
19480,0.383017,False,13.89
19481,0.377914,False,13.71
19482,0.357702,False,12.97
19483,0.375536,False,13.62
19484,0.332475,False,12.06
19485,0.411808,False,14.94
19486,0.335448,False,12.17
19487,0.318159,False,11.54
19488,0.370101,False,13.42
19489,0.295448,False,10.72
19490,0.337142,False,12.23
19491,0.367132,False,13.32
19492,0.321104,False,11.65
19493,0.293576,False,10.65
19494,0.322835,False,11.71
19495,0.30062,False,10.9
19496,0.284562,False,10.32
19497,0.286442,False,10.39
19498,0.369121,False,13.39
19499,0.345926,False,12.55
19500,0.303557,False,11.01
19501,0.284221,False,10.31
19502,0.305653,False,11.09
19503,0.31733,False,11.51
19504,0.354633,False,12.86
19505,0.384282,False,13.94
19506,0.351889,False,12.76
19507,0.398159,False,14.44
19508,0.328284,False,11.91
19509,0.396376,False,14.38
19510,0.342187,False,12.41
19511,0.376871,False,13.67
19512,0.3514,False,12.75
19513,0.38099,False,13.82
19514,0.391801,False,14.21
19515,0.36931,False,13.4
19516,0.370728,False,13.45
19517,0.399313,False,14.48
19518,0.413649,False,15.0
19519,0.355928,False,12.91
19520,0.365074,False,13.24
19521,0.414717,False,15.04
19522,0.369357,False,13.4
19523,0.36444,False,13.22
19524,0.428147,False,15.53
19525,0.398141,False,14.44
19526,0.401461,False,14.56
19527,0.400861,False,14.54
19528,0.390374,False,14.16
19529,0.546908,False,19.84
19530,0.40823,False,14.81
19531,0.556761,False,20.2
19532,0.555391,False,20.15
19533,0.541548,False,19.64
19534,0.624685,False,22.66
19535,0.61314,False,22.24
19536,0.484936,False,17.59
19537,0.498034,False,18.07
19538,0.52469,False,19.03
19539,0.494276,False,17.93
19540,0.615734,False,22.33
19541,0.60228,False,21.85
19542,0.57887,False,21.0
19543,0.620286,False,22.5
19544,0.684617,False,24.83
19545,0.67822,False,24.6
19546,0.672216,False,24.38
19547,0.664998,False,24.12
19548,0.619413,False,22.47
19549,0.628559,False,22.8
19550,0.689035,False,24.99
19551,0.608474,False,22.07
19552,0.612675,False,22.22
19553,0.611934,False,22.2
19554,0.598317,False,21.7
19555,0.63843,False,23.16
19556,0.601082,False,21.8
19557,0.603646,False,21.9
19558,0.652406,False,23.66
19559,0.602276,False,21.85
19560,0.597438,False,21.67
19561,0.607079,False,22.02
19562,0.616166,False,22.35
19563,0.624571,False,22.65
19564,0.602887,False,21.87
19565,0.634823,False,23.03
19566,0.645755,False,23.42
19567,0.645327,False,23.41
19568,0.619371,False,22.47
19569,0.640619,False,23.24
19570,0.638518,False,23.16
19571,0.716133,False,25.98
19572,0.647216,False,23.48
19573,0.693539,False,25.16
19574,0.653148,False,23.69
19575,0.659587,False,23.93
19576,0.688036,False,24.96
19577,0.676435,False,24.54
19578,0.703034,False,25.5
19579,0.764835,False,27.74
19580,0.728154,False,26.41
19581,0.698019,False,25.32
19582,0.747334,False,27.11
19583,0.773627,False,28.06
19584,0.711981,False,25.83
19585,0.722808,False,26.22
19586,0.746514,False,27.08
19587,0.756215,False,27.43
19588,0.77713,False,28.19
19589,0.782534,False,28.38
19590,0.695439,False,25.23
19591,0.706533,False,25.63
19592,0.829884,False,30.1
19593,0.664721,False,24.11
19594,0.679962,False,24.66
19595,0.642753,False,23.31
19596,0.636211,False,23.08
19597,0.662352,False,24.03
19598,0.656564,False,23.82
19599,0.62057,False,22.51
19600,0.629391,False,22.83
19601,0.58017,False,21.04
19602,0.627459,False,22.76
19603,0.624732,False,22.66
19604,0.614756,False,22.3
19605,0.570158,False,20.68
19606,0.642341,False,23.3
19607,0.54835,False,19.89
19608,0.579197,False,21.01
19609,0.549171,False,19.92
19610,0.583111,False,21.15
19611,0.574206,False,20.83
19612,0.577585,False,20.95
19613,0.545948,False,19.8
19614,0.538282,False,19.53
19615,0.515135,False,18.69
19616,0.505972,False,18.35
19617,0.528501,False,19.17
19618,0.553996,False,20.1
19619,0.518992,False,18.83
19620,0.491673,False,17.83
19621,0.485813,False,17.62
19622,0.516706,False,18.74
19623,0.500842,False,18.17
19624,0.506903,False,18.39
19625,0.503578,False,18.27
19626,0.54104,False,19.63
19627,0.485935,False,17.63
19628,0.499091,False,18.1
19629,0.509091,False,18.47
19630,0.48819,False,17.71
19631,0.497255,False,18.04
19632,0.511136,False,18.54
19633,0.524482,False,19.02
19634,0.498454,False,18.08
19635,0.588909,False,21.36
19636,0.540339,False,19.6
19637,0.576086,False,20.9
19638,0.576247,False,20.9
19639,0.525341,False,19.06
19640,0.508739,False,18.45
19641,0.645174,False,23.4
19642,0.529347,False,19.2
19643,0.553064,False,20.06
19644,0.612974,False,22.23
19645,0.563249,False,20.43
19646,0.578107,False,20.97
19647,0.566299,False,20.54
19648,0.597695,False,21.68
19649,0.558355,False,20.25
19650,0.571643,False,20.74
19651,0.651999,False,23.65
19652,0.643559,False,23.34
19653,0.623066,False,22.6
19654,0.613641,False,22.26
19655,0.615921,False,22.34
19656,0.70667,False,25.63
19657,0.625667,False,22.69
19658,0.652427,False,23.67
19659,0.653149,False,23.69
19660,0.28404,False,10.3
19661,0.236246,False,8.57
19662,0.217457,False,7.89
19663,0.366756,False,13.3
19664,0.389054,False,14.11
19665,0.39789,False,14.43
19666,0.384503,False,13.95
19667,0.617496,False,22.4
19668,0.536465,False,19.46
19669,0.639651,False,23.2
19670,0.519688,False,18.85
19671,0.515863,False,18.71
19672,0.498827,False,18.09
19673,0.525061,False,19.05
19674,0.48329,False,17.53
19675,0.584952,False,21.22
19676,0.450978,False,16.36
19677,0.440541,False,15.98
19678,0.427996,False,15.52
19679,0.574864,False,20.85
19680,0.554084,False,20.1
19681,0.403948,False,14.65
19682,0.403608,False,14.64
19683,0.415839,False,15.08
19684,0.404438,False,14.67
19685,0.524298,False,19.02
19686,0.454951,False,16.5
19687,0.373628,False,13.55
19688,0.397208,False,14.41
19689,0.413605,False,15.0
19690,0.390947,False,14.18
19691,0.438802,False,15.92
19692,0.458117,False,16.62
19693,0.490055,False,17.78
19694,0.449014,False,16.29
19695,0.424711,False,15.41
19696,0.46878,False,17.0
19697,0.470338,False,17.06
19698,0.421954,False,15.31
19699,0.431337,False,15.65
19700,0.47111,False,17.09
19701,0.417261,False,15.14
19702,0.445156,False,16.15
19703,0.41081,False,14.9
19704,0.465666,False,16.89
19705,0.410366,False,14.89
19706,0.423295,False,15.35
19707,0.419686,False,15.22
19708,0.447331,False,16.23
19709,0.425676,False,15.44
19710,0.433212,False,15.71
19711,1.162059,True,42.15
19712,0.414,False,15.02
19713,0.475788,False,17.26
19714,0.4592,False,16.66
19715,0.494156,False,17.92
19716,0.501906,False,18.21
19717,0.480198,False,17.42
19718,0.484264,False,17.57
19719,0.470351,False,17.06
19720,0.457169,False,16.58
19721,0.509003,False,18.46
19722,0.488794,False,17.73
19723,0.509507,False,18.48
19724,0.490091,False,17.78
19725,0.478905,False,17.37
19726,0.527313,False,19.13
19727,0.460262,False,16.7
19728,0.552554,False,20.04
19729,0.468201,False,16.98
19730,0.472656,False,17.14
19731,0.529287,False,19.2
19732,0.554926,False,20.13
19733,0.551095,False,19.99
19734,0.501455,False,18.19
19735,0.546524,False,19.82
19736,0.56377,False,20.45
19737,0.510323,False,18.51
19738,0.559287,False,20.29
19739,0.524147,False,19.01
19740,0.565887,False,20.53
19741,0.53541,False,19.42
19742,0.483917,False,17.55
19743,0.678576,False,24.61
19744,0.673066,False,24.41
19745,0.516953,False,18.75
19746,0.494234,False,17.93
19747,0.503447,False,18.26
19748,0.519943,False,18.86
19749,0.4895,False,17.76
19750,0.484005,False,17.56
19751,0.577426,False,20.94
19752,0.469853,False,17.04
19753,0.483554,False,17.54
19754,0.63261,False,22.95
19755,0.641384,False,23.26
19756,0.688724,False,24.98
19757,0.551021,False,19.99
19758,0.607371,False,22.03
19759,0.533365,False,19.35
19760,0.580724,False,21.06
19761,0.515236,False,18.69
19762,0.614664,False,22.3
19763,0.562584,False,20.41
19764,0.554484,False,20.11
19765,0.532171,False,19.3
19766,0.607036,False,22.02
19767,0.518907,False,18.82
19768,0.518738,False,18.82
19769,0.507214,False,18.4
19770,0.456084,False,16.54
19771,0.459505,False,16.67
19772,0.493368,False,17.9
19773,0.444276,False,16.12
19774,0.495665,False,17.98
19775,0.507015,False,18.39
19776,0.466666,False,16.93
19777,0.443617,False,16.09
19778,0.474089,False,17.2
19779,0.477183,False,17.31
19780,0.473736,False,17.18
19781,0.52526,False,19.05
19782,0.53049,False,19.24
19783,0.617279,False,22.39
19784,0.794174,False,28.81
19785,0.791752,False,28.72
19786,0.866733,False,31.44
19787,0.68829,False,24.97
19788,0.738889,False,26.8
19789,0.702473,False,25.48
19790,0.679013,False,24.63
19791,0.673287,False,24.42
19792,0.702178,False,25.47
19793,0.628233,False,22.79
19794,0.628644,False,22.8
19795,0.677689,False,24.58
19796,0.717692,False,26.03
19797,0.658991,False,23.9
19798,0.705586,False,25.59
19799,0.70428,False,25.55
19800,0.584834,False,21.21
19801,0.573555,False,20.8
19802,0.55698,False,20.2
19803,0.574477,False,20.84
19804,0.533344,False,19.35
19805,0.567909,False,20.6
19806,0.544578,False,19.75
19807,0.534378,False,19.38
19808,0.606926,False,22.01
19809,0.530821,False,19.25
19810,0.554536,False,20.11
19811,0.572272,False,20.76
19812,0.499705,False,18.13
19813,0.541542,False,19.64
19814,0.523574,False,18.99
19815,0.552307,False,20.03
19816,0.567356,False,20.58
19817,0.518257,False,18.8
19818,0.504475,False,18.3
19819,0.53861,False,19.54
19820,0.526168,False,19.09
19821,0.55033,False,19.96
19822,0.51166,False,18.56
19823,0.517233,False,18.76
19824,0.516518,False,18.74
19825,0.526235,False,19.09
19826,0.519304,False,18.84
19827,0.526154,False,19.09
19828,0.566076,False,20.53
19829,0.532594,False,19.32
19830,0.547769,False,19.87
19831,0.52961,False,19.21
19832,0.611187,False,22.17
19833,0.532484,False,19.31
19834,0.537119,False,19.48
19835,0.552495,False,20.04
19836,0.544712,False,19.76
19837,0.561222,False,20.36
19838,0.760535,False,27.59
19839,0.767279,False,27.83
19840,0.93956,True,34.08
19841,0.705639,False,25.6
19842,0.646668,False,23.46
19843,0.63715,False,23.11
19844,0.620862,False,22.52
19845,0.679514,False,24.65
19846,0.680578,False,24.69
19847,0.604688,False,21.93
19848,0.580119,False,21.04
19849,0.578374,False,20.98
19850,0.587412,False,21.31
19851,0.570982,False,20.71
19852,0.565531,False,20.51
19853,0.569792,False,20.67
19854,0.550628,False,19.97
19855,0.567348,False,20.58
19856,0.549004,False,19.91
19857,0.527267,False,19.13
19858,0.524049,False,19.01
19859,0.509754,False,18.49
19860,0.5201,False,18.87
19861,0.517432,False,18.77
19862,0.46079,False,16.71
19863,0.437938,False,15.89
19864,0.431365,False,15.65
19865,0.467206,False,16.95
19866,0.407123,False,14.77
19867,0.451841,False,16.39
19868,0.394208,False,14.3
19869,0.452043,False,16.4
19870,0.412792,False,14.97
19871,0.394856,False,14.32
19872,0.365964,False,13.27
19873,0.409168,False,14.84
19874,0.402512,False,14.6
19875,0.455195,False,16.51
19876,0.47505,False,17.23
19877,0.368934,False,13.38
19878,0.396326,False,14.38
19879,0.377803,False,13.7
19880,0.381054,False,13.82
19881,0.383245,False,13.9
19882,0.418545,False,15.18
19883,0.4007,False,14.53
19884,0.410939,False,14.91
19885,0.452146,False,16.4
19886,0.4854,False,17.61
19887,0.438967,False,15.92
19888,0.445282,False,16.15
19889,0.494998,False,17.95
19890,0.505101,False,18.32
19891,0.48951,False,17.76
19892,0.478165,False,17.34
19893,0.549723,False,19.94
19894,0.569195,False,20.65
19895,0.647862,False,23.5
19896,0.547729,False,19.87
19897,0.666873,False,24.19
19898,0.591487,False,21.45
19899,0.642273,False,23.3
19900,0.737381,False,26.75
19901,0.765753,False,27.78
19902,1.484802,True,53.86
19903,0.258145,False,9.36
19904,0.29883,False,10.84
19905,0.24788,False,8.99
19906,0.365203,False,13.25
19907,0.418675,False,15.19
19908,0.485525,False,17.61
19909,0.395541,False,14.35
19910,0.411827,False,14.94
19911,0.363415,False,13.18
19912,0.433508,False,15.72
19913,0.334149,False,12.12
19914,0.312352,False,11.33
19915,0.307253,False,11.14
19916,0.318415,False,11.55
19917,0.352732,False,12.79
19918,0.300229,False,10.89
19919,0.287572,False,10.43
19920,0.286566,False,10.39
19921,0.31374,False,11.38
19922,0.420816,False,15.26
19923,0.280926,False,10.19
19924,0.375803,False,13.63
19925,0.272983,False,9.9
19926,0.267483,False,9.7
19927,0.294857,False,10.7
19928,0.324868,False,11.78
19929,0.289274,False,10.49
19930,0.278536,False,10.1
19931,0.282077,False,10.23
19932,0.32405,False,11.75
19933,0.278792,False,10.11
19934,0.34575,False,12.54
19935,0.309782,False,11.24
19936,0.322122,False,11.68
19937,0.311516,False,11.3
19938,0.343902,False,12.47
19939,0.419066,False,15.2
19940,0.334338,False,12.13
19941,0.318155,False,11.54
19942,0.335886,False,12.18
19943,0.312311,False,11.33
19944,0.302969,False,10.99
19945,0.326944,False,11.86
19946,0.308769,False,11.2
19947,0.291221,False,10.56
19948,0.279331,False,10.13
19949,0.334455,False,12.13
19950,0.377915,False,13.71
19951,0.33229,False,12.05
19952,0.314471,False,11.41
19953,0.448522,False,16.27
19954,0.389814,False,14.14
19955,0.33272,False,12.07
19956,0.293705,False,10.65
19957,0.347462,False,12.6
19958,0.300416,False,10.9
19959,0.307817,False,11.17
19960,0.293847,False,10.66
19961,0.415803,False,15.08
19962,0.305459,False,11.08
19963,0.368494,False,13.37
19964,0.357509,False,12.97
19965,0.679634,False,24.65
19966,0.63005,False,22.85
19967,0.666081,False,24.16
19968,0.603711,False,21.9
19969,0.541032,False,19.62
19970,0.613396,False,22.25
19971,0.584277,False,21.19
19972,0.627124,False,22.75
19973,0.575514,False,20.88
19974,0.614017,False,22.27
19975,0.59532,False,21.59
19976,0.567506,False,20.59
19977,0.545876,False,19.8
19978,0.61542,False,22.32
19979,0.556852,False,20.2
19980,0.551797,False,20.02
19981,0.540103,False,19.59
19982,0.536329,False,19.45
19983,0.621243,False,22.53
19984,0.650438,False,23.59
19985,0.709456,False,25.73
19986,0.644994,False,23.4
19987,0.670661,False,24.33
19988,0.596327,False,21.63
19989,0.571572,False,20.73
19990,0.572417,False,20.76
19991,0.628977,False,22.81
19992,0.530628,False,19.25
19993,0.533766,False,19.36
19994,0.537858,False,19.51
19995,0.661932,False,24.01
19996,0.49261,False,17.87
19997,0.47592,False,17.26
19998,0.456858,False,16.57
19999,0.445879,False,16.17
20000,0.538225,False,19.52
20001,0.443594,False,16.09
20002,0.422017,False,15.31
20003,0.499396,False,18.11
20004,0.531001,False,19.26
20005,0.40357,False,14.64
20006,0.430942,False,15.63
20007,0.384271,False,13.94
20008,0.387265,False,14.05
20009,0.410788,False,14.9
20010,0.483448,False,17.54
20011,0.498532,False,18.08
20012,0.526489,False,19.1
20013,0.440605,False,15.98
20014,0.460594,False,16.71
20015,0.362053,False,13.13
20016,0.398109,False,14.44
20017,0.375338,False,13.61
20018,0.380535,False,13.8
20019,0.394123,False,14.3
20020,0.492834,False,17.88
20021,0.372846,False,13.52
20022,0.393684,False,14.28
20023,0.442476,False,16.05
20024,0.426208,False,15.46
20025,0.426234,False,15.46
20026,0.501066,False,18.18
20027,0.421612,False,15.29
20028,0.43422,False,15.75
20029,0.446895,False,16.21
20030,0.571367,False,20.73
20031,0.480894,False,17.44
20032,0.484245,False,17.56
20033,0.507826,False,18.42
20034,0.476177,False,17.27
20035,0.470976,False,17.08
20036,0.493483,False,17.9
20037,0.562811,False,20.41
20038,0.561341,False,20.36
20039,0.615637,False,22.33
20040,0.553797,False,20.09
20041,0.44383,False,16.1
20042,0.444083,False,16.11
20043,0.431934,False,15.67
20044,0.508973,False,18.46
20045,0.469424,False,17.03
20046,0.474643,False,17.22
20047,0.441022,False,16.0
20048,0.449412,False,16.3
20049,0.440609,False,15.98
20050,0.468621,False,17.0
20051,0.444923,False,16.14
20052,0.43996,False,15.96
20053,0.5078,False,18.42
20054,0.497718,False,18.05
20055,0.497814,False,18.06
20056,0.448271,False,16.26
20057,0.473523,False,17.18
20058,0.476142,False,17.27
20059,0.501331,False,18.18
20060,0.480344,False,17.42
20061,0.485952,False,17.63
20062,0.408226,False,14.81
20063,0.424941,False,15.41
20064,0.547017,False,19.84
20065,0.420511,False,15.25
20066,0.420591,False,15.26
20067,0.498912,False,18.1
20068,0.409995,False,14.87
20069,0.404059,False,14.66
20070,0.421176,False,15.28
20071,0.401164,False,14.55
20072,0.416542,False,15.11
20073,0.521466,False,18.92
20074,0.407474,False,14.78
20075,0.557953,False,20.24
20076,0.474545,False,17.21
20077,0.434927,False,15.78
20078,0.434225,False,15.75
20079,0.50175,False,18.2
20080,0.452167,False,16.4
20081,0.472875,False,17.15
20082,0.446752,False,16.2
20083,0.478348,False,17.35
20084,0.464194,False,16.84
20085,0.478674,False,17.36
20086,0.478734,False,17.37
20087,0.487342,False,17.68
20088,0.519297,False,18.84
20089,0.505725,False,18.34
20090,0.500619,False,18.16
20091,0.52048,False,18.88
20092,0.522264,False,18.94
20093,0.607065,False,22.02
20094,0.51901,False,18.83
20095,0.56963,False,20.66
20096,0.601355,False,21.81
20097,0.537717,False,19.5
20098,0.571378,False,20.73
20099,0.534251,False,19.38
20100,0.545179,False,19.78
20101,0.563543,False,20.44
20102,0.552654,False,20.05
20103,0.554897,False,20.13
20104,0.552582,False,20.04
20105,0.648832,False,23.53
20106,0.554523,False,20.11
20107,0.582529,False,21.13
20108,0.561922,False,20.38
20109,0.570815,False,20.71
20110,0.590066,False,21.4
20111,0.57798,False,20.96
20112,0.608352,False,22.07
20113,0.583896,False,21.18
20114,0.580057,False,21.04
20115,0.58095,False,21.07
20116,0.759412,False,27.55
20117,0.686866,False,24.91
20118,0.812154,False,29.46
20119,0.672206,False,24.38
20120,0.624097,False,22.64
20121,0.617041,False,22.38
20122,0.694929,False,25.21
20123,0.579868,False,21.03
20124,0.616533,False,22.36
20125,0.575144,False,20.86
20126,0.5876,False,21.31
20127,0.572459,False,20.76
20128,0.552427,False,20.04
20129,0.544591,False,19.75
20130,0.541977,False,19.66
20131,0.558483,False,20.26
20132,0.549962,False,19.95
20133,0.54538,False,19.78
20134,0.569553,False,20.66
20135,0.541818,False,19.65
20136,0.557285,False,20.21
20137,0.581085,False,21.08
20138,0.565056,False,20.5
20139,0.566216,False,20.54
20140,0.537547,False,19.5
20141,0.569623,False,20.66
20142,0.559585,False,20.3
20143,0.556276,False,20.18
20144,0.589457,False,21.38
20145,0.545387,False,19.78
20146,0.547459,False,19.86
20147,0.58647,False,21.27
20148,0.595539,False,21.6
20149,0.581833,False,21.1
20150,0.570672,False,20.7
20151,0.646355,False,23.45
20152,0.560166,False,20.32
20153,0.594487,False,21.56
20154,0.594928,False,21.58
20155,0.585947,False,21.25
20156,0.599303,False,21.74
20157,0.579962,False,21.04
20158,0.63368,False,22.99
20159,0.60943,False,22.11
20160,0.598979,False,21.73
20161,0.674438,False,24.46
20162,0.67914,False,24.63
20163,0.627314,False,22.75
20164,0.619335,False,22.47
20165,0.621191,False,22.53
20166,0.622926,False,22.6
20167,0.619261,False,22.46
20168,0.623187,False,22.6
20169,0.684701,False,24.84
20170,0.7067,False,25.63
20171,0.657389,False,23.85
20172,0.668318,False,24.24
20173,0.664684,False,24.11
20174,0.673529,False,24.43
20175,0.678017,False,24.59
20176,0.685239,False,24.86
20177,0.770286,False,27.94
20178,0.878648,False,31.87
20179,0.887697,False,32.2
20180,0.825458,False,29.94
20181,0.829105,False,30.07
20182,0.742646,False,26.94
20183,0.716459,False,25.99
20184,0.716014,False,25.97
20185,0.541135,False,19.63
20186,0.582132,False,21.12
20187,0.637561,False,23.13
20188,0.488364,False,17.71
20189,0.547171,False,19.85
20190,0.487024,False,17.67
20191,0.487372,False,17.68
20192,0.476417,False,17.28
20193,0.491698,False,17.84
20194,0.521927,False,18.93
20195,0.463961,False,16.83
20196,0.459411,False,16.66
20197,0.563303,False,20.43
20198,0.479528,False,17.39
20199,0.517807,False,18.78
20200,0.456957,False,16.58
20201,0.460962,False,16.72
20202,0.462709,False,16.78
20203,0.465466,False,16.88
20204,0.501203,False,18.18
20205,0.516835,False,18.75
20206,0.46848,False,16.99
20207,0.49107,False,17.81
20208,0.513922,False,18.64
20209,0.506985,False,18.39
20210,0.497393,False,18.04
20211,0.506464,False,18.37
20212,0.499153,False,18.11
20213,0.559843,False,20.31
20214,0.556728,False,20.19
20215,0.517252,False,18.76
20216,0.528173,False,19.16
20217,0.529105,False,19.19
20218,0.54239,False,19.67
20219,0.555767,False,20.16
20220,0.563999,False,20.46
20221,0.600668,False,21.79
20222,0.532787,False,19.33
20223,0.560512,False,20.33
20224,0.611582,False,22.18
20225,0.371691,False,13.48
20226,0.353045,False,12.81
20227,0.38935,False,14.12
20228,0.507611,False,18.41
20229,0.530435,False,19.24
20230,0.390475,False,14.16
20231,0.371895,False,13.49
20232,0.401263,False,14.55
20233,0.350612,False,12.72
20234,0.344811,False,12.51
20235,0.364321,False,13.21
20236,0.368123,False,13.35
20237,0.32803,False,11.9
20238,0.305796,False,11.09
20239,0.292991,False,10.63
20240,0.28642,False,10.39
20241,0.352893,False,12.8
20242,0.2817,False,10.22
20243,0.388837,False,14.1
20244,0.265863,False,9.64
20245,0.284815,False,10.33
20246,0.24301,False,8.81
20247,0.249946,False,9.07
20248,0.254196,False,9.22
20249,0.278572,False,10.1
20250,0.240102,False,8.71
20251,0.228863,False,8.3
20252,0.270996,False,9.83
20253,0.255628,False,9.27
20254,0.219995,False,7.98
20255,0.243723,False,8.84
20256,0.239346,False,8.68
20257,0.247507,False,8.98
20258,0.30572,False,11.09
20259,0.215712,False,7.82
20260,0.261105,False,9.47
20261,0.26322,False,9.55
20262,0.21745,False,7.89
20263,0.253147,False,9.18
20264,0.325265,False,11.8
20265,0.286913,False,10.41
20266,0.293402,False,10.64
20267,0.328548,False,11.92
20268,0.294031,False,10.67
20269,0.27127,False,9.84
20270,0.36341,False,13.18
20271,0.393897,False,14.29
20272,0.272587,False,9.89
20273,0.271423,False,9.85
20274,0.331617,False,12.03
20275,0.275221,False,9.98
20276,0.33076,False,12.0
20277,0.40045,False,14.53
20278,0.288297,False,10.46
20279,0.371065,False,13.46
20280,0.29822,False,10.82
20281,0.303404,False,11.01
20282,0.289277,False,10.49
20283,0.426633,False,15.48
20284,0.299631,False,10.87
20285,0.311142,False,11.29
20286,0.31613,False,11.47
20287,0.340506,False,12.35
20288,0.326003,False,11.83
20289,0.394397,False,14.31
20290,0.417187,False,15.13
20291,0.342708,False,12.43
20292,0.349423,False,12.67
20293,0.357148,False,12.95
20294,0.373097,False,13.53
20295,0.377088,False,13.68
20296,0.376511,False,13.66
20297,0.386713,False,14.03
20298,0.401841,False,14.58
20299,0.413937,False,15.01
20300,0.48302,False,17.52
20301,0.501766,False,18.2
20302,0.503058,False,18.25
20303,0.467469,False,16.96
20304,0.501802,False,18.2
20305,0.446478,False,16.2
20306,0.460808,False,16.71
20307,0.500739,False,18.16
20308,0.450387,False,16.34
20309,0.434877,False,15.77
20310,0.427533,False,15.51
20311,0.440993,False,16.0
20312,0.47924,False,17.38
20313,0.454764,False,16.5
20314,0.439151,False,15.93
20315,0.441536,False,16.02
20316,0.391652,False,14.21
20317,0.475663,False,17.25
20318,0.399194,False,14.48
20319,0.357509,False,12.97
20320,0.374737,False,13.59
20321,0.346647,False,12.57
20322,0.461164,False,16.73
20323,0.34108,False,12.37
20324,0.363122,False,13.17
20325,0.338212,False,12.27
20326,0.359587,False,13.04
20327,0.419001,False,15.2
20328,0.388979,False,14.11
20329,0.361882,False,13.13
20330,0.332588,False,12.06
20331,0.381428,False,13.84
20332,0.473175,False,17.16
20333,0.399927,False,14.51
20334,0.552822,False,20.05
20335,0.330337,False,11.98
20336,0.414066,False,15.02
20337,0.38734,False,14.05
20338,0.388291,False,14.08
20339,0.339805,False,12.33
20340,0.415909,False,15.09
20341,0.387079,False,14.04
20342,0.422398,False,15.32
20343,0.361032,False,13.1
20344,0.434732,False,15.77
20345,0.355308,False,12.89
20346,0.377414,False,13.69
20347,0.406598,False,14.75
20348,0.413674,False,15.01
20349,0.419002,False,15.2
20350,0.398888,False,14.47
20351,0.415858,False,15.08
20352,0.382775,False,13.88
20353,0.451311,False,16.37
20354,0.432714,False,15.7
20355,0.507435,False,18.41
20356,0.21463,False,7.79
20357,0.272016,False,9.87
20358,0.278998,False,10.12
20359,0.657721,False,23.86
20360,0.71409,False,25.9
20361,0.517109,False,18.76
20362,0.602342,False,21.85
20363,0.514489,False,18.66
20364,0.49682,False,18.02
20365,0.550404,False,19.96
20366,0.48991,False,17.77
20367,0.454717,False,16.49
20368,0.448327,False,16.26
20369,0.447619,False,16.24
20370,0.425386,False,15.43
20371,0.417711,False,15.15
20372,0.421366,False,15.28
20373,0.397269,False,14.41
20374,0.406395,False,14.74
20375,0.406403,False,14.74
20376,0.415195,False,15.06
20377,0.462084,False,16.76
20378,0.487149,False,17.67
20379,0.382076,False,13.86
20380,0.381922,False,13.85
20381,0.421434,False,15.29
20382,0.444512,False,16.12
20383,0.40921,False,14.84
20384,0.500885,False,18.17
20385,0.40623,False,14.74
20386,0.442927,False,16.07
20387,0.438682,False,15.91
20388,0.453623,False,16.45
20389,0.415323,False,15.06
20390,0.462541,False,16.78
20391,0.465058,False,16.87
20392,0.421275,False,15.28
20393,0.445885,False,16.17
20394,0.41571,False,15.08
20395,0.40449,False,14.67
20396,0.447404,False,16.23
20397,0.44342,False,16.08
20398,0.415842,False,15.08
20399,0.447871,False,16.25
20400,0.40197,False,14.58
20401,0.402328,False,14.59
20402,0.406332,False,14.74
20403,0.406261,False,14.74
20404,0.467783,False,16.97
20405,0.413194,False,14.99
20406,0.407216,False,14.77
20407,0.416539,False,15.11
20408,0.437472,False,15.87
20409,0.453405,False,16.45
20410,0.464481,False,16.85
20411,0.490769,False,17.8
20412,0.418715,False,15.19
20413,0.464905,False,16.86
20414,0.538445,False,19.53
20415,0.479029,False,17.38
20416,0.433675,False,15.73
20417,0.481036,False,17.45
20418,0.440277,False,15.97
20419,0.444636,False,16.13
20420,0.547324,False,19.85
20421,0.532654,False,19.32
20422,0.460544,False,16.71
20423,0.464251,False,16.84
20424,0.467621,False,16.96
20425,0.540562,False,19.61
20426,0.521728,False,18.92
20427,0.568876,False,20.63
20428,0.558996,False,20.28
20429,0.573086,False,20.79
20430,0.557173,False,20.21
20431,0.526091,False,19.08
20432,0.540432,False,19.6
20433,0.523957,False,19.01
20434,0.589873,False,21.4
20435,0.585206,False,21.23
20436,0.657407,False,23.85
20437,0.670496,False,24.32
20438,0.781497,False,28.35
20439,0.682791,False,24.77
20440,0.637019,False,23.11
20441,0.662248,False,24.02
20442,0.675201,False,24.49
20443,0.604722,False,21.94
20444,0.623937,False,22.63
20445,0.591377,False,21.45
20446,0.57798,False,20.96
20447,0.572265,False,20.76
20448,0.566305,False,20.54
20449,0.59087,False,21.43
20450,0.566099,False,20.53
20451,0.601087,False,21.8
20452,0.553026,False,20.06
20453,0.616037,False,22.35
20454,0.573378,False,20.8
20455,0.553465,False,20.08
20456,0.623036,False,22.6
20457,0.594362,False,21.56
20458,0.811628,False,29.44
20459,0.815058,False,29.56
20460,0.823863,False,29.88
20461,0.732058,False,26.55
20462,0.764006,False,27.71
20463,0.780027,False,28.29
20464,0.724211,False,26.27
20465,0.815277,False,29.57
20466,0.694573,False,25.19
20467,0.735004,False,26.66
20468,0.759524,False,27.55
20469,0.693303,False,25.15
20470,0.699047,False,25.36
20471,0.824012,False,29.89
20472,0.71883,False,26.07
20473,0.735822,False,26.69
20474,0.714817,False,25.93
20475,0.684044,False,24.81
20476,0.673516,False,24.43
20477,0.701934,False,25.46
20478,0.668346,False,24.24
20479,0.758745,False,27.52
20480,0.700739,False,25.42
20481,0.690507,False,25.05
20482,0.591765,False,21.47
20483,0.617991,False,22.42
20484,0.68109,False,24.71
20485,0.594724,False,21.57
20486,0.610888,False,22.16
20487,0.586497,False,21.27
20488,0.63809,False,23.15
20489,0.641846,False,23.28
20490,0.669495,False,24.28
20491,0.614673,False,22.3
20492,0.659645,False,23.93
20493,0.668853,False,24.26
20494,0.647799,False,23.5
20495,0.601518,False,21.82
20496,0.638354,False,23.15
20497,0.822952,False,29.85
20498,0.842301,False,30.55
20499,0.846452,False,30.7
20500,0.899703,False,32.63
20501,0.958691,True,34.77
20502,0.939889,True,34.09
20503,0.92713,False,33.63
20504,0.965018,True,35.0
20505,1.022864,True,37.1
20506,1.034227,True,37.51
20507,1.380074,True,50.06
20508,0.572287,False,20.76
20509,0.558591,False,20.26
20510,0.558021,False,20.24
20511,0.610545,False,22.15
20512,0.599413,False,21.74
20513,0.610823,False,22.16
20514,0.648027,False,23.51
20515,0.569185,False,20.65
20516,0.621417,False,22.54
20517,0.593961,False,21.54
20518,0.542332,False,19.67
20519,0.538347,False,19.53
20520,0.584379,False,21.2
20521,0.691521,False,25.08
20522,0.629036,False,22.82
20523,0.576534,False,20.91
20524,0.587474,False,21.31
20525,0.600159,False,21.77
20526,0.56619,False,20.54
20527,0.536336,False,19.45
20528,0.58669,False,21.28
20529,0.519695,False,18.85
20530,0.559777,False,20.3
20531,0.518623,False,18.81
20532,0.516939,False,18.75
20533,0.535311,False,19.42
20534,0.494442,False,17.93
20535,0.496086,False,17.99
20536,0.576175,False,20.9
20537,0.547821,False,19.87
20538,0.542696,False,19.69
20539,0.541794,False,19.65
20540,0.549688,False,19.94
20541,0.511286,False,18.55
20542,0.502031,False,18.21
20543,0.484303,False,17.57
20544,0.46924,False,17.02
20545,0.471043,False,17.09
20546,0.443701,False,16.09
20547,0.430099,False,15.6
20548,0.446615,False,16.2
20549,0.532348,False,19.31
20550,0.394637,False,14.31
20551,0.413727,False,15.01
20552,0.402482,False,14.6
20553,0.375292,False,13.61
20554,0.405553,False,14.71
20555,0.423587,False,15.36
20556,0.482807,False,17.51
20557,0.331843,False,12.04
20558,0.319833,False,11.6
20559,0.353954,False,12.84
20560,0.307063,False,11.14
20561,0.34741,False,12.6
20562,0.372428,False,13.51
20563,0.385412,False,13.98
20564,0.348807,False,12.65
20565,0.373368,False,13.54
20566,0.326652,False,11.85
20567,0.526858,False,19.11
20568,0.344122,False,12.48
20569,0.395679,False,14.35
20570,0.350526,False,12.71
20571,0.408647,False,14.82
20572,0.3483,False,12.63
20573,0.368007,False,13.35
20574,0.504277,False,18.29
20575,0.37551,False,13.62
20576,0.391965,False,14.22
20577,0.397543,False,14.42
20578,0.332048,False,12.04
20579,0.3769,False,13.67
20580,0.498232,False,18.07
20581,0.490312,False,17.79
20582,0.390697,False,14.17
20583,0.350319,False,12.71
20584,0.38254,False,13.88
20585,0.409211,False,14.84
20586,0.40878,False,14.83
20587,0.463355,False,16.81
20588,0.422182,False,15.31
20589,0.398741,False,14.46
20590,0.384278,False,13.94
20591,0.411839,False,14.94
20592,0.459214,False,16.66
20593,0.471845,False,17.12
20594,0.4101,False,14.88
20595,0.737193,False,26.74
20596,0.589308,False,21.38
20597,0.581967,False,21.11
20598,0.486208,False,17.64
20599,0.485288,False,17.6
20600,0.53574,False,19.43
20601,0.463652,False,16.82
20602,0.533463,False,19.35
20603,0.503971,False,18.28
20604,0.441722,False,16.02
20605,0.453779,False,16.46
20606,0.434615,False,15.76
20607,0.431196,False,15.64
20608,0.446113,False,16.18
20609,0.444638,False,16.13
20610,0.45094,False,16.36
20611,0.446641,False,16.2
20612,0.541127,False,19.63
20613,0.477504,False,17.32
20614,0.439978,False,15.96
20615,0.50032,False,18.15
20616,0.479551,False,17.39
20617,0.489885,False,17.77
20618,0.497076,False,18.03
20619,0.499464,False,18.12
20620,0.477217,False,17.31
20621,0.486939,False,17.66
20622,0.478472,False,17.36
20623,0.553532,False,20.08
20624,0.522633,False,18.96
20625,0.521334,False,18.91
20626,0.623782,False,22.63
20627,0.605952,False,21.98
20628,0.571858,False,20.74
20629,0.555388,False,20.15
20630,0.604734,False,21.94
20631,0.515287,False,18.69
20632,0.491879,False,17.84
20633,0.506063,False,18.36
20634,0.477577,False,17.32
20635,0.480603,False,17.43
20636,0.476392,False,17.28
20637,0.469146,False,17.02
20638,0.437827,False,15.88
20639,0.492716,False,17.87
20640,0.405956,False,14.73
20641,0.416118,False,15.09
20642,0.507624,False,18.41
20643,0.381852,False,13.85
20644,0.363086,False,13.17
20645,0.482014,False,17.48
20646,0.458165,False,16.62
20647,0.353197,False,12.81
20648,0.355581,False,12.9
20649,0.358543,False,13.01
20650,0.318797,False,11.56
20651,1.207773,True,43.81
20652,0.431767,False,15.66
20653,0.341654,False,12.39
20654,0.514107,False,18.65
20655,0.356698,False,12.94
20656,0.304765,False,11.05
20657,0.318264,False,11.54
20658,0.343396,False,12.46
20659,0.402211,False,14.59
20660,0.382412,False,13.87
20661,0.451607,False,16.38
20662,0.384457,False,13.95
20663,0.440259,False,15.97
20664,0.360523,False,13.08
20665,0.376679,False,13.66
20666,0.367634,False,13.34
20667,0.338808,False,12.29
20668,0.390458,False,14.16
20669,1.294865,True,46.97
20670,1.344761,True,48.78
20671,1.449047,True,52.56
20672,1.467159,True,53.22
20673,1.65163,True,59.91
20674,1.61963,True,58.75
20675,2.177126,True,78.97
20676,0.307662,False,11.16
20677,0.399178,False,14.48
20678,0.27517,False,9.98
20679,0.394038,False,14.29
20680,0.408092,False,14.8
20681,0.511518,False,18.55
20682,0.572111,False,20.75
20683,0.449997,False,16.32
20684,0.43971,False,15.95
20685,0.452265,False,16.4
20686,0.42161,False,15.29
20687,0.526422,False,19.09
20688,0.409018,False,14.84
20689,0.404984,False,14.69
20690,0.401168,False,14.55
20691,0.416478,False,15.11
20692,0.393097,False,14.26
20693,0.383366,False,13.91
20694,0.381262,False,13.83
20695,0.400554,False,14.53
20696,0.438604,False,15.91
20697,0.41608,False,15.09
20698,0.533911,False,19.37
20699,0.399839,False,14.5
20700,0.395239,False,14.34
20701,0.389973,False,14.15
20702,0.40459,False,14.68
20703,0.384532,False,13.95
20704,0.36814,False,13.35
20705,0.374781,False,13.59
20706,0.425503,False,15.43
20707,0.366531,False,13.3
20708,0.4107,False,14.9
20709,0.364745,False,13.23
20710,0.356602,False,12.93
20711,0.337417,False,12.24
20712,0.341283,False,12.38
20713,0.348602,False,12.64
20714,0.360431,False,13.07
20715,0.398775,False,14.46
20716,0.370453,False,13.44
20717,0.323508,False,11.73
20718,0.355588,False,12.9
20719,0.339625,False,12.32
20720,0.362872,False,13.16
20721,0.481681,False,17.47
20722,0.391847,False,14.21
20723,0.40766,False,14.79
20724,0.400593,False,14.53
20725,0.451697,False,16.38
20726,0.362215,False,13.14
20727,0.417372,False,15.14
20728,0.364493,False,13.22
20729,0.36335,False,13.18
20730,0.40965,False,14.86
20731,0.365033,False,13.24
20732,0.426191,False,15.46
20733,0.372322,False,13.51
20734,0.53653,False,19.46
20735,0.455736,False,16.53
20736,0.444915,False,16.14
20737,0.44629,False,16.19
20738,0.392145,False,14.22
20739,0.481221,False,17.46
20740,0.443747,False,16.1
20741,0.474355,False,17.21
20742,0.537678,False,19.5
20743,0.336988,False,12.22
20744,0.301569,False,10.94
20745,0.307192,False,11.14
20746,0.467928,False,16.97
20747,0.534833,False,19.4
20748,0.491815,False,17.84
20749,0.472522,False,17.14
20750,0.472915,False,17.15
20751,0.461455,False,16.74
20752,0.504989,False,18.32
20753,0.460908,False,16.72
20754,0.433486,False,15.72
20755,0.481979,False,17.48
20756,0.435384,False,15.79
20757,0.404844,False,14.68
20758,0.39789,False,14.43
20759,0.388969,False,14.11
20760,0.38279,False,13.88
20761,0.374691,False,13.59
20762,0.371869,False,13.49
20763,0.358693,False,13.01
20764,0.467462,False,16.96
20765,0.39677,False,14.39
20766,0.360882,False,13.09
20767,0.429466,False,15.58
20768,0.452921,False,16.43
20769,0.380849,False,13.81
20770,0.423682,False,15.37
20771,0.419033,False,15.2
20772,0.41074,False,14.9
20773,0.344507,False,12.5
20774,0.390659,False,14.17
20775,0.372846,False,13.52
20776,0.357521,False,12.97
20777,0.385592,False,13.99
20778,0.403875,False,14.65
20779,0.376161,False,13.64
20780,0.384634,False,13.95
20781,0.408715,False,14.83
20782,1.175132,True,42.63
20783,0.411671,False,14.93
20784,0.407735,False,14.79
20785,0.427458,False,15.51
20786,0.435747,False,15.81
20787,0.425759,False,15.44
20788,0.512269,False,18.58
20789,0.454831,False,16.5
20790,0.458384,False,16.63
20791,0.458507,False,16.63
20792,0.49055,False,17.79
20793,0.462341,False,16.77
20794,0.490197,False,17.78
20795,0.465845,False,16.9
20796,0.472076,False,17.12
20797,0.503175,False,18.25
20798,0.567344,False,20.58
20799,0.861365,False,31.24
20800,0.846926,False,30.72
20801,0.850679,False,30.86
20802,0.807965,False,29.31
20803,0.7375,False,26.75
20804,0.731303,False,26.53
20805,0.726761,False,26.36
20806,0.748715,False,27.16
20807,0.704128,False,25.54
20808,0.811457,False,29.43
20809,0.743593,False,26.97
20810,0.717936,False,26.04
20811,0.689975,False,25.03
20812,0.688685,False,24.98
20813,0.690202,False,25.04
20814,0.682634,False,24.76
20815,0.792968,False,28.76
20816,0.707245,False,25.65
20817,0.678901,False,24.63
20818,0.706153,False,25.61
20819,0.687303,False,24.93
20820,0.670831,False,24.33
20821,0.69313,False,25.14
20822,0.682999,False,24.77
20823,0.688968,False,24.99
20824,0.687702,False,24.94
20825,0.672629,False,24.4
20826,0.700182,False,25.4
20827,0.755089,False,27.39
20828,0.686023,False,24.88
20829,0.695615,False,25.23
20830,0.671582,False,24.36
20831,0.79613,False,28.88
20832,0.672821,False,24.41
20833,0.691724,False,25.09
20834,0.697462,False,25.3
20835,0.679671,False,24.65
20836,0.7005,False,25.41
20837,0.708052,False,25.68
20838,0.714878,False,25.93
20839,0.700016,False,25.39
20840,0.717073,False,26.01
20841,0.704766,False,25.56
20842,0.738484,False,26.79
20843,1.238033,True,44.91
20844,1.206404,True,43.76
20845,1.272549,True,46.16
20846,1.174025,True,42.59
20847,1.183211,True,42.92
20848,1.151007,True,41.75
20849,1.160803,True,42.11
20850,1.176628,True,42.68
20851,1.17859,True,42.75
20852,1.118208,True,40.56
20853,1.148456,True,41.66
20854,1.10131,True,39.95
20855,1.10763,True,40.18
20856,1.10761,True,40.18
20857,1.087979,True,39.46
20858,1.094048,True,39.68
20859,1.127328,True,40.89
20860,1.097768,True,39.82
20861,1.075546,True,39.01
20862,1.103733,True,40.04
20863,1.070822,True,38.84
20864,1.124368,True,40.78
20865,1.063369,True,38.57
20866,1.076636,True,39.05
20867,1.141079,True,41.39
20868,1.058107,True,38.38
20869,1.132677,True,41.09
20870,1.095157,True,39.72
20871,1.083497,True,39.3
20872,1.088448,True,39.48
20873,1.061017,True,38.49
20874,1.080496,True,39.19
20875,1.061784,True,38.51
20876,1.087754,True,39.46
20877,1.053698,True,38.22
20878,1.094244,True,39.69
20879,1.092623,True,39.63
20880,1.169437,True,42.42
20881,1.077461,True,39.08
20882,1.171924,True,42.51
20883,1.096133,True,39.76
20884,1.149653,True,41.7
20885,1.093045,True,39.65
20886,1.105574,True,40.1
20887,1.100194,True,39.91
20888,1.078954,True,39.14
20889,1.097866,True,39.82
20890,1.07524,True,39.0
20891,1.103197,True,40.02
20892,1.090503,True,39.56
20893,1.078456,True,39.12
20894,1.146777,True,41.6
20895,1.150103,True,41.72
20896,1.189525,True,43.15
20897,1.136559,True,41.23
20898,1.107329,True,40.17
20899,1.08184,True,39.24
20900,1.12362,True,40.76
20901,0.644948,False,23.39
20902,0.632395,False,22.94
20903,0.68119,False,24.71
20904,0.835524,False,30.31
20905,0.782866,False,28.4
20906,0.813509,False,29.51
20907,0.786506,False,28.53
20908,0.757885,False,27.49
20909,0.753792,False,27.34
20910,0.819627,False,29.73
20911,0.736746,False,26.72
20912,0.744997,False,27.02
20913,0.768618,False,27.88
20914,0.769442,False,27.91
20915,0.711243,False,25.8
20916,0.824142,False,29.89
20917,0.826043,False,29.96
20918,0.671692,False,24.36
20919,0.697524,False,25.3
20920,0.679772,False,24.66
20921,0.683593,False,24.8
20922,0.695625,False,25.23
20923,0.626892,False,22.74
20924,0.763112,False,27.68
20925,0.642355,False,23.3
20926,0.653942,False,23.72
20927,0.615147,False,22.31
20928,0.597925,False,21.69
20929,0.613892,False,22.27
20930,0.680338,False,24.68
20931,0.700309,False,25.4
20932,0.611764,False,22.19
20933,0.584865,False,21.21
20934,0.68216,False,24.74
20935,0.566595,False,20.55
20936,0.597365,False,21.67
20937,0.698811,False,25.35
20938,0.554762,False,20.12
20939,0.548866,False,19.91
20940,0.545551,False,19.79
20941,0.556052,False,20.17
20942,0.523589,False,18.99
20943,0.666612,False,24.18
20944,0.759217,False,27.54
20945,0.59078,False,21.43
20946,0.529314,False,19.2
20947,0.512451,False,18.59
20948,0.513942,False,18.64
20949,0.508434,False,18.44
20950,0.514548,False,18.66
20951,0.572289,False,20.76
20952,0.512183,False,18.58
20953,0.511832,False,18.57
20954,0.48219,False,17.49
20955,0.641188,False,23.26
20956,0.54154,False,19.64
20957,0.474518,False,17.21
20958,0.46675,False,16.93
20959,0.475141,False,17.23
20960,0.510409,False,18.51
20961,0.563065,False,20.42
20962,0.56445,False,20.47
20963,0.475121,False,17.23
20964,0.580063,False,21.04
20965,0.47019,False,17.06
20966,0.47485,False,17.22
20967,0.476639,False,17.29
20968,0.526723,False,19.11
20969,0.493251,False,17.89
20970,0.618132,False,22.42
20971,0.512779,False,18.6
20972,0.523126,False,18.98
20973,0.526936,False,19.11
20974,0.561766,False,20.38
20975,0.53504,False,19.41
20976,0.534046,False,19.37
20977,0.562284,False,20.4
20978,0.603082,False,21.88
20979,0.624855,False,22.67
20980,0.598074,False,21.69
20981,0.5493,False,19.92
20982,0.565655,False,20.52
20983,0.540318,False,19.6
20984,0.559717,False,20.3
20985,0.573161,False,20.79
20986,0.542416,False,19.67
20987,0.620796,False,22.52
20988,0.517639,False,18.78
20989,0.520861,False,18.89
20990,0.543287,False,19.71
20991,0.520735,False,18.89
20992,0.508896,False,18.46
20993,0.49437,False,17.93
20994,0.487771,False,17.69
20995,0.533307,False,19.34
20996,0.485676,False,17.62
20997,0.494488,False,17.94
20998,0.477762,False,17.33
20999,0.490021,False,17.77
21000,0.475752,False,17.26
21001,0.489728,False,17.76
21002,0.473552,False,17.18
21003,0.471704,False,17.11
21004,0.472239,False,17.13
21005,0.595695,False,21.61
21006,0.473523,False,17.18
21007,0.471717,False,17.11
21008,0.488781,False,17.73
21009,0.54828,False,19.89
21010,0.475777,False,17.26
21011,0.480096,False,17.41
21012,0.516014,False,18.72
21013,0.489859,False,17.77
21014,0.508653,False,18.45
21015,0.506357,False,18.37
21016,0.54095,False,19.62
21017,0.51154,False,18.56
21018,0.590694,False,21.43
21019,0.552795,False,20.05
21020,0.508508,False,18.45
21021,0.518306,False,18.8
21022,0.620777,False,22.52
21023,0.550112,False,19.95
21024,0.534948,False,19.4
21025,0.529738,False,19.22
21026,0.590686,False,21.43
21027,0.609944,False,22.12
21028,0.571767,False,20.74
21029,0.551101,False,19.99
21030,0.567187,False,20.57
21031,0.56149,False,20.37
21032,0.561695,False,20.37
21033,0.63185,False,22.92
21034,0.620227,False,22.5
21035,0.587013,False,21.29
21036,0.564128,False,20.46
21037,0.56933,False,20.65
21038,0.75365,False,27.34
21039,0.599078,False,21.73
21040,0.590006,False,21.4
21041,0.507358,False,18.4
21042,0.561543,False,20.37
21043,0.525154,False,19.05
21044,0.556822,False,20.2
21045,0.508558,False,18.45
21046,0.498115,False,18.07
21047,0.50446,False,18.3
21048,0.506063,False,18.36
21049,0.497037,False,18.03
21050,0.517686,False,18.78
21051,0.515835,False,18.71
21052,0.504002,False,18.28
21053,0.531163,False,19.27
21054,0.879721,False,31.91
21055,0.81325,False,29.5
21056,0.813664,False,29.51
21057,0.943177,True,34.21
21058,0.936951,False,33.99
21059,0.866764,False,31.44
21060,0.868447,False,31.5
21061,0.855517,False,31.03
21062,0.850195,False,30.84
21063,0.870389,False,31.57
21064,0.978714,True,35.5
21065,0.851303,False,30.88
21066,0.84477,False,30.64
21067,0.859289,False,31.17
21068,0.842695,False,30.57
21069,0.833102,False,30.22
21070,0.822982,False,29.85
21071,0.827627,False,30.02
21072,0.937588,False,34.01
21073,0.844236,False,30.62
21074,0.803841,False,29.16
21075,0.819799,False,29.74
21076,0.826583,False,29.98
21077,0.833124,False,30.22
21078,0.808094,False,29.31
21079,0.794428,False,28.82
21080,0.82444,False,29.9
21081,0.796025,False,28.87
21082,0.909906,False,33.0
21083,0.81693,False,29.63
21084,0.81796,False,29.67
21085,0.778521,False,28.24
21086,0.776632,False,28.17
21087,0.835622,False,30.31
21088,0.786017,False,28.51
21089,0.776501,False,28.17
21090,0.793021,False,28.77
21091,0.794794,False,28.83
21092,0.372317,False,13.51
21093,0.421,False,15.27
21094,0.413878,False,15.01
21095,0.462685,False,16.78
21096,0.485857,False,17.62
21097,0.292529,False,10.61
21098,0.274202,False,9.95
21099,0.370259,False,13.43
21100,0.285745,False,10.36
21101,0.240135,False,8.71
21102,0.225931,False,8.2
21103,0.240734,False,8.73
21104,0.312416,False,11.33
21105,0.224824,False,8.16
21106,0.180978,False,6.56
21107,0.330981,False,12.01
21108,0.164405,False,5.96
21109,0.392018,False,14.22
21110,0.186105,False,6.75
21111,0.18606,False,6.75
21112,0.155653,False,5.65
21113,0.160228,False,5.81
21114,0.228013,False,8.27
21115,0.205618,False,7.46
21116,0.168321,False,6.11
21117,0.29985,False,10.88
21118,0.388315,False,14.09
21119,0.219842,False,7.97
21120,0.218039,False,7.91
21121,0.218677,False,7.93
21122,0.246707,False,8.95
21123,0.254013,False,9.21
21124,0.250181,False,9.07
21125,0.227647,False,8.26
21126,0.299953,False,10.88
21127,0.323291,False,11.73
21128,0.282925,False,10.26
21129,0.250856,False,9.1
21130,0.355533,False,12.9
21131,0.354332,False,12.85
21132,0.361917,False,13.13
21133,0.292646,False,10.62
21134,0.237415,False,8.61
21135,0.434116,False,15.75
21136,0.350018,False,12.7
21137,0.274124,False,9.94
21138,0.315346,False,11.44
21139,0.283769,False,10.29
21140,0.275253,False,9.98
21141,0.429476,False,15.58
21142,0.315824,False,11.46
21143,0.335598,False,12.17
21144,0.330716,False,12.0
21145,0.345436,False,12.53
21146,0.361246,False,13.1
21147,0.385055,False,13.97
21148,0.317582,False,11.52
21149,0.33779,False,12.25
21150,0.334841,False,12.15
21151,0.351506,False,12.75
21152,0.432821,False,15.7
21153,0.381808,False,13.85
21154,0.39605,False,14.37
21155,0.409575,False,14.86
21156,0.365451,False,13.26
21157,0.40626,False,14.74
21158,0.373096,False,13.53
21159,0.501253,False,18.18
21160,0.409639,False,14.86
21161,0.440999,False,16.0
21162,0.524291,False,19.02
21163,0.437713,False,15.88
21164,0.567762,False,20.59
21165,0.526166,False,19.09
21166,0.541816,False,19.65
21167,0.589085,False,21.37
21168,0.532187,False,19.3
21169,0.503952,False,18.28
21170,0.507096,False,18.39
21171,0.489482,False,17.75
21172,0.530857,False,19.26
21173,0.507103,False,18.39
21174,0.486913,False,17.66
21175,0.486355,False,17.64
21176,0.486004,False,17.63
21177,0.447554,False,16.23
21178,0.546898,False,19.84
21179,0.621502,False,22.54
21180,0.477418,False,17.32
21181,0.451501,False,16.38
21182,0.471035,False,17.09
21183,0.455367,False,16.52
21184,0.439133,False,15.93
21185,0.437466,False,15.87
21186,0.438413,False,15.9
21187,0.419936,False,15.23
21188,0.460898,False,16.72
21189,0.447161,False,16.22
21190,0.42861,False,15.55
21191,0.589514,False,21.38
21192,0.427285,False,15.5
21193,0.431931,False,15.67
21194,0.418452,False,15.18
21195,0.417775,False,15.15
21196,0.444439,False,16.12
21197,0.475905,False,17.26
21198,0.507047,False,18.39
21199,0.438352,False,15.9
21200,0.429039,False,15.56
21201,0.44138,False,16.01
21202,0.427872,False,15.52
21203,0.424991,False,15.42
21204,0.625184,False,22.68
21205,0.412627,False,14.97
21206,0.509236,False,18.47
21207,0.526422,False,19.09
21208,0.441469,False,16.01
21209,0.492529,False,17.87
21210,0.412876,False,14.98
21211,0.454988,False,16.5
21212,0.436069,False,15.82
21213,0.937752,False,34.01
21214,0.924965,False,33.55
21215,0.921399,False,33.42
21216,0.954082,True,34.61
21217,1.023954,True,37.14
21218,0.978627,True,35.5
21219,1.00506,True,36.46
21220,1.042095,True,37.8
21221,1.448639,True,52.55
21222,0.87653,False,31.79
21223,0.760247,False,27.58
21224,0.85595,False,31.05
21225,0.673513,False,24.43
21226,0.678881,False,24.62
21227,0.686653,False,24.91
21228,0.602922,False,21.87
21229,0.574577,False,20.84
21230,0.606597,False,22.0
21231,0.585574,False,21.24
21232,0.5815,False,21.09
21233,0.634326,False,23.01
21234,0.58733,False,21.3
21235,0.583619,False,21.17
21236,0.713903,False,25.9
21237,0.641257,False,23.26
21238,0.651817,False,23.64
21239,0.577981,False,20.97
21240,0.568062,False,20.61
21241,0.649903,False,23.57
21242,0.574285,False,20.83
21243,0.588999,False,21.36
21244,0.630937,False,22.89
21245,0.671644,False,24.36
21246,0.582577,False,21.13
21247,0.591507,False,21.46
21248,0.580476,False,21.06
21249,0.601552,False,21.82
21250,0.616268,False,22.35
21251,0.637848,False,23.14
21252,0.612642,False,22.22
21253,0.683659,False,24.8
21254,0.697637,False,25.31
21255,0.673241,False,24.42
21256,0.62954,False,22.84
21257,0.64961,False,23.56
21258,0.657751,False,23.86
21259,0.70358,False,25.52
21260,0.662873,False,24.04
21261,0.656479,False,23.81
21262,0.528243,False,19.16
21263,0.53689,False,19.47
21264,0.639921,False,23.21
21265,0.519936,False,18.86
21266,0.556932,False,20.2
21267,0.506396,False,18.37
21268,0.524924,False,19.04
21269,0.504439,False,18.3
21270,0.540443,False,19.6
21271,0.531977,False,19.3
21272,0.581224,False,21.08
21273,0.512321,False,18.58
21274,0.520299,False,18.87
21275,0.516279,False,18.73
21276,0.732296,False,26.56
21277,0.709233,False,25.73
21278,0.852267,False,30.91
21279,0.741017,False,26.88
21280,0.666664,False,24.18
21281,0.677642,False,24.58
21282,0.648922,False,23.54
21283,0.648934,False,23.54
21284,0.622224,False,22.57
21285,0.647151,False,23.47
21286,0.642309,False,23.3
21287,0.629958,False,22.85
21288,0.667474,False,24.21
21289,0.625471,False,22.69
21290,0.680977,False,24.7
21291,0.613444,False,22.25
21292,0.605752,False,21.97
21293,0.626053,False,22.71
21294,0.629653,False,22.84
21295,0.587693,False,21.32
21296,0.588437,False,21.34
21297,0.593234,False,21.52
21298,0.595041,False,21.58
21299,0.599853,False,21.76
21300,0.579892,False,21.03
21301,0.58102,False,21.08
21302,0.586254,False,21.27
21303,0.654576,False,23.74
21304,1.488081,True,53.98
21305,0.717237,False,26.02
21306,0.696623,False,25.27
21307,0.723904,False,26.26
21308,0.695183,False,25.22
21309,0.698738,False,25.35
21310,0.694091,False,25.18
21311,0.732837,False,26.58
21312,0.69244,False,25.12
21313,0.66847,False,24.25
21314,0.688436,False,24.97
21315,0.692629,False,25.12
21316,0.709953,False,25.75
21317,0.707477,False,25.66
21318,0.696384,False,25.26
21319,0.722026,False,26.19
21320,0.731846,False,26.55
21321,0.792191,False,28.74
21322,0.772487,False,28.02
21323,0.786661,False,28.53
21324,0.784253,False,28.45
21325,0.78963,False,28.64
21326,0.802794,False,29.12
21327,0.804781,False,29.19
21328,0.809773,False,29.37
21329,1.415776,True,51.35
21330,0.938885,True,34.06
21331,0.742964,False,26.95
21332,0.720086,False,26.12
21333,0.628231,False,22.79
21334,0.574536,False,20.84
21335,0.592488,False,21.49
21336,0.626175,False,22.71
21337,0.639103,False,23.18
21338,0.58653,False,21.28
21339,0.586768,False,21.28
21340,0.565321,False,20.51
21341,0.551635,False,20.01
21342,0.566226,False,20.54
21343,0.593982,False,21.55
21344,0.576271,False,20.9
21345,0.597365,False,21.67
21346,0.565626,False,20.52
21347,0.563255,False,20.43
21348,0.570944,False,20.71
21349,0.596336,False,21.63
21350,0.620447,False,22.51
21351,0.57321,False,20.79
21352,0.569342,False,20.65
21353,0.595823,False,21.61
21354,0.577103,False,20.93
21355,0.639166,False,23.18
21356,0.618477,False,22.43
21357,0.590119,False,21.41
21358,0.607535,False,22.04
21359,0.603781,False,21.9
21360,0.662797,False,24.04
21361,0.631554,False,22.91
21362,0.69529,False,25.22
21363,0.789116,False,28.62
21364,0.823156,False,29.86
21365,0.787658,False,28.57
21366,0.647696,False,23.49
21367,0.640202,False,23.22
21368,0.668427,False,24.25
21369,0.598876,False,21.72
21370,0.670792,False,24.33
21371,0.603915,False,21.91
21372,0.589808,False,21.39
21373,0.583862,False,21.18
21374,0.590893,False,21.43
21375,0.567882,False,20.6
21376,0.597908,False,21.69
21377,0.639994,False,23.21
21378,0.580044,False,21.04
21379,0.568073,False,20.61
21380,0.573104,False,20.79
21381,0.710466,False,25.77
21382,0.677567,False,24.58
21383,0.601988,False,21.84
21384,0.593448,False,21.53
21385,0.58345,False,21.16
21386,0.591434,False,21.45
21387,0.621976,False,22.56
21388,0.623801,False,22.63
21389,0.571411,False,20.73
21390,0.636083,False,23.07
21391,0.660111,False,23.94
21392,0.593326,False,21.52
21393,0.592793,False,21.5
21394,0.601891,False,21.83
21395,0.631072,False,22.89
21396,0.644418,False,23.37
21397,0.725817,False,26.33
21398,0.743507,False,26.97
21399,0.624264,False,22.64
21400,0.64835,False,23.52
21401,0.760102,False,27.57
21402,0.645365,False,23.41
21403,0.680398,False,24.68
21404,0.725334,False,26.31
21405,0.685559,False,24.87
21406,0.727974,False,26.41
21407,0.709596,False,25.74
21408,0.718985,False,26.08
21409,0.744679,False,27.01
21410,0.707716,False,25.67
21411,0.729394,False,26.46
21412,1.713783,True,62.16
21413,0.346343,False,12.56
21414,0.366532,False,13.3
21415,0.342185,False,12.41
21416,0.515058,False,18.68
21417,0.508241,False,18.44
21418,0.333193,False,12.09
21419,0.342101,False,12.41
21420,0.31822,False,11.54
21421,0.35642,False,12.93
21422,0.29156,False,10.58
21423,0.285674,False,10.36
21424,0.386284,False,14.01
21425,0.292995,False,10.63
21426,0.3335,False,12.1
21427,0.360813,False,13.09
21428,0.252687,False,9.17
21429,0.327925,False,11.89
21430,0.297922,False,10.81
21431,0.341678,False,12.39
21432,0.233041,False,8.45
21433,0.236858,False,8.59
21434,0.226096,False,8.2
21435,0.284852,False,10.33
21436,0.347191,False,12.59
21437,0.259108,False,9.4
21438,0.213593,False,7.75
21439,0.222103,False,8.06
21440,0.252211,False,9.15
21441,0.228838,False,8.3
21442,0.213603,False,7.75
21443,0.333348,False,12.09
21444,0.221351,False,8.03
21445,0.214147,False,7.77
21446,0.25142,False,9.12
21447,0.232619,False,8.44
21448,0.250381,False,9.08
21449,0.32918,False,11.94
21450,0.258948,False,9.39
21451,0.255289,False,9.26
21452,0.301914,False,10.95
21453,0.271897,False,9.86
21454,0.41144,False,14.92
21455,0.396645,False,14.39
21456,0.293537,False,10.65
21457,0.341369,False,12.38
21458,0.489293,False,17.75
21459,0.314601,False,11.41
21460,0.338523,False,12.28
21461,0.424637,False,15.4
21462,0.487828,False,17.69
21463,0.396267,False,14.37
21464,0.384326,False,13.94
21465,0.425603,False,15.44
21466,0.653638,False,23.71
21467,0.672452,False,24.39
21468,0.638099,False,23.15
21469,0.72513,False,26.3
21470,0.717218,False,26.02
21471,0.717726,False,26.03
21472,0.714046,False,25.9
21473,0.703728,False,25.53
21474,0.732854,False,26.58
21475,0.685233,False,24.86
21476,0.713808,False,25.89
21477,0.670857,False,24.33
21478,0.759754,False,27.56
21479,0.659217,False,23.91
21480,0.762205,False,27.65
21481,0.798549,False,28.97
21482,0.683592,False,24.8
21483,0.796464,False,28.89
21484,0.643869,False,23.35
21485,0.719589,False,26.1
21486,0.751027,False,27.24
21487,0.64739,False,23.48
21488,0.634047,False,23.0
21489,0.68314,False,24.78
21490,0.637405,False,23.12
21491,0.794471,False,28.82
21492,0.652892,False,23.68
21493,0.641333,False,23.26
21494,0.737125,False,26.74
21495,0.652572,False,23.67
21496,0.652354,False,23.66
21497,0.686429,False,24.9
21498,0.707393,False,25.66
21499,0.748571,False,27.15
21500,0.67421,False,24.46
21501,0.62778,False,22.77
21502,0.747121,False,27.1
21503,0.773954,False,28.07
21504,0.662368,False,24.03
21505,0.565069,False,20.5
21506,0.563365,False,20.43
21507,0.596598,False,21.64
21508,0.545903,False,19.8
21509,0.542669,False,19.68
21510,0.646281,False,23.44
21511,0.551489,False,20.0
21512,0.56238,False,20.4
21513,0.613378,False,22.25
21514,0.551181,False,19.99
21515,0.518604,False,18.81
21516,0.57415,False,20.83
21517,0.532784,False,19.33
21518,0.533443,False,19.35
21519,0.504724,False,18.31
21520,0.525113,False,19.05
21521,0.553793,False,20.09
21522,0.596421,False,21.63
21523,0.528012,False,19.15
21524,0.571904,False,20.74
21525,0.480936,False,17.44
21526,0.478611,False,17.36
21527,0.484217,False,17.56
21528,0.566382,False,20.54
21529,0.501051,False,18.17
21530,0.494426,False,17.93
21531,0.510702,False,18.52
21532,0.487032,False,17.67
21533,0.485581,False,17.61
21534,0.564729,False,20.48
21535,0.555046,False,20.13
21536,0.492962,False,17.88
21537,0.534712,False,19.4
21538,0.507321,False,18.4
21539,0.509576,False,18.48
21540,0.503437,False,18.26
21541,0.511267,False,18.55
21542,0.597889,False,21.69
21543,0.609437,False,22.11
21544,0.507093,False,18.39
21545,0.545258,False,19.78
21546,0.581293,False,21.09
21547,0.574104,False,20.82
21548,0.579006,False,21.0
21549,0.576009,False,20.89
21550,0.552812,False,20.05
21551,0.555539,False,20.15
21552,0.61036,False,22.14
21553,0.566232,False,20.54
21554,0.588489,False,21.35
21555,0.615249,False,22.32
21556,0.580784,False,21.07
21557,0.600301,False,21.77
21558,0.638358,False,23.16
21559,0.68113,False,24.71
21560,0.619019,False,22.45
21561,0.589402,False,21.38
21562,0.622738,False,22.59
21563,0.650492,False,23.6
21564,0.607566,False,22.04
21565,0.567013,False,20.57
21566,0.503942,False,18.28
21567,0.496123,False,18.0
21568,0.504195,False,18.29
21569,0.484109,False,17.56
21570,0.488651,False,17.72
21571,0.46345,False,16.81
21572,0.476531,False,17.29
21573,0.463032,False,16.8
21574,0.449917,False,16.32
21575,0.456229,False,16.55
21576,0.532271,False,19.31
21577,0.448124,False,16.25
21578,0.442153,False,16.04
21579,0.449075,False,16.29
21580,0.440696,False,15.99
21581,0.508555,False,18.45
21582,0.442132,False,16.04
21583,0.437614,False,15.87
21584,0.443422,False,16.08
21585,0.491938,False,17.84
21586,0.445105,False,16.15
21587,0.464815,False,16.86
21588,0.4497,False,16.31
21589,0.438394,False,15.9
21590,0.457017,False,16.58
21591,0.459519,False,16.67
21592,0.460987,False,16.72
21593,0.462983,False,16.79
21594,0.462925,False,16.79
21595,0.493929,False,17.92
21596,0.554841,False,20.13
21597,0.486091,False,17.63
21598,0.513785,False,18.64
21599,0.50467,False,18.31
21600,0.510495,False,18.52
21601,0.511617,False,18.56
21602,0.512132,False,18.58
21603,0.512309,False,18.58
21604,0.509545,False,18.48
21605,0.524578,False,19.03
21606,0.541771,False,19.65
21607,0.533096,False,19.34
21608,0.544289,False,19.74
21609,0.538172,False,19.52
21610,0.58695,False,21.29
21611,0.579501,False,21.02
21612,0.620555,False,22.51
21613,0.603874,False,21.9
21614,0.574766,False,20.85
21615,0.561805,False,20.38
21616,0.511774,False,18.56
21617,0.764028,False,27.71
21618,0.651783,False,23.64
21619,0.647867,False,23.5
21620,0.639718,False,23.2
21621,0.645385,False,23.41
21622,0.642816,False,23.32
21623,0.579632,False,21.02
21624,0.63883,False,23.17
21625,0.649391,False,23.56
21626,0.570257,False,20.68
21627,0.550498,False,19.97
21628,0.563078,False,20.42
21629,0.563,False,20.42
21630,0.559297,False,20.29
21631,0.567541,False,20.59
21632,0.596479,False,21.64
21633,0.543986,False,19.73
21634,0.595522,False,21.6
21635,0.560744,False,20.34
21636,0.525429,False,19.06
21637,0.513541,False,18.63
21638,0.525041,False,19.04
21639,0.508182,False,18.43
21640,0.599237,False,21.74
21641,0.526903,False,19.11
21642,0.541986,False,19.66
21643,0.508108,False,18.43
21644,0.674518,False,24.47
21645,0.523791,False,19.0
21646,0.529562,False,19.21
21647,0.539232,False,19.56
21648,0.582,False,21.11
21649,0.526368,False,19.09
21650,0.611302,False,22.17
21651,0.541755,False,19.65
21652,0.654863,False,23.75
21653,0.542961,False,19.69
21654,0.539354,False,19.56
21655,0.53811,False,19.52
21656,0.586701,False,21.28
21657,0.551998,False,20.02
21658,0.593857,False,21.54
21659,0.570326,False,20.69
21660,0.625347,False,22.68
21661,0.642529,False,23.31
21662,0.635076,False,23.04
21663,0.593054,False,21.51
21664,0.688906,False,24.99
21665,0.6621,False,24.02
21666,0.615306,False,22.32
21667,0.623846,False,22.63
21668,0.709611,False,25.74
21669,0.658945,False,23.9
21670,0.661703,False,24.0
21671,0.617223,False,22.39
21672,0.653509,False,23.7
21673,0.6546,False,23.74
21674,0.648375,False,23.52
21675,0.679056,False,24.63
21676,0.733755,False,26.62
21677,0.837025,False,30.36
21678,0.858671,False,31.15
21679,0.838897,False,30.43
21680,0.580174,False,21.04
21681,0.541824,False,19.65
21682,0.762156,False,27.65
21683,0.619036,False,22.45
21684,0.614944,False,22.31
21685,0.606495,False,22.0
21686,0.605408,False,21.96
21687,0.592996,False,21.51
21688,0.609988,False,22.13
21689,0.541479,False,19.64
21690,0.567193,False,20.57
21691,0.639482,False,23.2
21692,0.517506,False,18.77
21693,0.507909,False,18.42
21694,0.531326,False,19.27
21695,0.504622,False,18.3
21696,0.496173,False,18.0
21697,0.569402,False,20.65
21698,0.486054,False,17.63
21699,0.527164,False,19.12
21700,0.469791,False,17.04
21701,0.614154,False,22.28
21702,0.486414,False,17.64
21703,0.466329,False,16.92
21704,0.470789,False,17.08
21705,0.461902,False,16.75
21706,0.488421,False,17.72
21707,0.501328,False,18.18
21708,0.474698,False,17.22
21709,0.47476,False,17.22
21710,0.535321,False,19.42
21711,0.480551,False,17.43
21712,0.456326,False,16.55
21713,0.49375,False,17.91
21714,0.491741,False,17.84
21715,0.517052,False,18.75
21716,0.495287,False,17.97
21717,0.456499,False,16.56
21718,0.515418,False,18.7
21719,0.455778,False,16.53
21720,0.56353,False,20.44
21721,0.469834,False,17.04
21722,0.494881,False,17.95
21723,0.623475,False,22.62
21724,0.457291,False,16.59
21725,0.48781,False,17.69
21726,0.488492,False,17.72
21727,0.515707,False,18.71
21728,0.518916,False,18.82
21729,0.546133,False,19.81
21730,0.491656,False,17.83
21731,0.488666,False,17.73
21732,0.485228,False,17.6
21733,0.616506,False,22.36
21734,0.543836,False,19.73
21735,0.618567,False,22.44
21736,0.482143,False,17.49
21737,0.488535,False,17.72
21738,0.507306,False,18.4
21739,0.482032,False,17.48
21740,0.496048,False,17.99
21741,0.693717,False,25.16
21742,0.694299,False,25.18
21743,0.532065,False,19.3
21744,0.646622,False,23.45
21745,0.619709,False,22.48
21746,0.555433,False,20.15
21747,0.571498,False,20.73
21748,0.518321,False,18.8
21749,0.534883,False,19.4
21750,0.445951,False,16.18
21751,0.511196,False,18.54
21752,0.473812,False,17.19
21753,0.520891,False,18.89
21754,0.527397,False,19.13
21755,0.558075,False,20.24
21756,0.493016,False,17.88
21757,0.500941,False,18.17
21758,0.524237,False,19.02
21759,0.494872,False,17.95
21760,0.512374,False,18.59
21761,0.499519,False,18.12
21762,0.519191,False,18.83
21763,0.571586,False,20.73
21764,0.511074,False,18.54
21765,0.54058,False,19.61
21766,0.485577,False,17.61
21767,0.490695,False,17.8
21768,0.504739,False,18.31
21769,0.492393,False,17.86
21770,0.518094,False,18.79
21771,0.511266,False,18.55
21772,0.542121,False,19.66
21773,0.611791,False,22.19
21774,0.534495,False,19.39
21775,0.557323,False,20.22
21776,0.575795,False,20.89
21777,0.535131,False,19.41
21778,0.551366,False,20.0
21779,0.560398,False,20.33
21780,0.632181,False,22.93
21781,0.553903,False,20.09
21782,0.369993,False,13.42
21783,0.33964,False,12.32
21784,0.455682,False,16.53
21785,0.451582,False,16.38
21786,0.464151,False,16.84
21787,0.361705,False,13.12
21788,0.351686,False,12.76
21789,0.43915,False,15.93
21790,0.308756,False,11.2
21791,0.312694,False,11.34
21792,0.290731,False,10.55
21793,0.331538,False,12.03
21794,0.387942,False,14.07
21795,0.295593,False,10.72
21796,0.275776,False,10.0
21797,0.334957,False,12.15
21798,0.267413,False,9.7
21799,0.235467,False,8.54
21800,0.280834,False,10.19
21801,0.389675,False,14.13
21802,0.264672,False,9.6
21803,0.214863,False,7.79
21804,0.220733,False,8.01
21805,0.211413,False,7.67
21806,0.310729,False,11.27
21807,0.414981,False,15.05
21808,0.391749,False,14.21
21809,0.329626,False,11.96
21810,0.24998,False,9.07
21811,0.266056,False,9.65
21812,0.229631,False,8.33
21813,0.295048,False,10.7
21814,0.291416,False,10.57
21815,0.24416,False,8.86
21816,0.307148,False,11.14
21817,0.267338,False,9.7
21818,0.259521,False,9.41
21819,0.297011,False,10.77
21820,0.259419,False,9.41
21821,0.265653,False,9.64
21822,0.361747,False,13.12
21823,0.38829,False,14.08
21824,0.400374,False,14.52
21825,0.287445,False,10.43
21826,0.359916,False,13.06
21827,0.297266,False,10.78
21828,0.289657,False,10.51
21829,0.342394,False,12.42
21830,0.455196,False,16.51
21831,0.308286,False,11.18
21832,0.32244,False,11.7
21833,0.325723,False,11.81
21834,0.361535,False,13.11
21835,0.416246,False,15.1
21836,0.307058,False,11.14
21837,0.361838,False,13.12
21838,0.320649,False,11.63
21839,0.383521,False,13.91
21840,0.316232,False,11.47
21841,0.328887,False,11.93
21842,0.467763,False,16.97
21843,0.431263,False,15.64
21844,0.495528,False,17.97
21845,0.532056,False,19.3
21846,0.663201,False,24.06
21847,0.443849,False,16.1
21848,0.461643,False,16.75
21849,0.574764,False,20.85
21850,0.511687,False,18.56
21851,0.478543,False,17.36
21852,0.497731,False,18.05
21853,0.475183,False,17.24
21854,0.65571,False,23.78
21855,0.78482,False,28.47
21856,0.807159,False,29.28
21857,0.664258,False,24.09
21858,0.666676,False,24.18
21859,0.663864,False,24.08
21860,0.669822,False,24.3
21861,0.720569,False,26.14
21862,0.719743,False,26.11
21863,0.6693,False,24.28
21864,0.651167,False,23.62
21865,0.69663,False,25.27
21866,0.642379,False,23.3
21867,0.726255,False,26.34
21868,0.679373,False,24.64
21869,0.635748,False,23.06
21870,0.646957,False,23.47
21871,0.638539,False,23.16
21872,0.640991,False,23.25
21873,0.911621,False,33.07
21874,0.901122,False,32.69
21875,0.899187,False,32.62
21876,1.018131,True,36.93
21877,1.074057,True,38.96
21878,1.05528,True,38.28
21879,1.48615,True,53.91
21880,1.119051,True,40.59
21881,1.070092,True,38.82
21882,1.085608,True,39.38
21883,1.080682,True,39.2
21884,1.125143,True,40.81
21885,1.223776,True,44.39
21886,1.74529,True,63.31
21887,0.843214,False,30.59
21888,0.839049,False,30.43
21889,0.940913,True,34.13
21890,0.751614,False,27.26
21891,0.767371,False,27.83
21892,0.743612,False,26.97
21893,0.724223,False,26.27
21894,0.71649,False,25.99
21895,0.760086,False,27.57
21896,0.732922,False,26.59
21897,0.696115,False,25.25
21898,0.715032,False,25.94
21899,0.69958,False,25.38
21900,0.719554,False,26.1
21901,0.694606,False,25.2
21902,0.652212,False,23.66
21903,0.663726,False,24.08
21904,0.66575,False,24.15
21905,0.663281,False,24.06
21906,0.657357,False,23.84
21907,0.639769,False,23.21
21908,0.632549,False,22.94
21909,0.621903,False,22.56
21910,1.548241,True,56.16
21911,0.711328,False,25.8
21912,0.620306,False,22.5
21913,0.590931,False,21.43
21914,0.630126,False,22.86
21915,0.583156,False,21.15
21916,0.586905,False,21.29
21917,0.596619,False,21.64
21918,0.575876,False,20.89
21919,0.603637,False,21.9
21920,0.599301,False,21.74
21921,0.572747,False,20.78
21922,0.584042,False,21.18
21923,0.612047,False,22.2
21924,0.615358,False,22.32
21925,0.599655,False,21.75
21926,0.612389,False,22.21
21927,0.593503,False,21.53
21928,0.601578,False,21.82
21929,0.604475,False,21.93
21930,0.623162,False,22.6
21931,0.66788,False,24.23
21932,0.671876,False,24.37
21933,0.634738,False,23.02
21934,0.659511,False,23.92
21935,0.64289,False,23.32
21936,0.654866,False,23.75
21937,0.745833,False,27.05
21938,0.675253,False,24.49
21939,0.683208,False,24.78
21940,0.728783,False,26.44
21941,0.73074,False,26.51
21942,0.740861,False,26.87
21943,0.732981,False,26.59
21944,1.498937,True,54.37
21945,0.674824,False,24.48
21946,0.585059,False,21.22
21947,0.606621,False,22.0
21948,0.527677,False,19.14
21949,0.498303,False,18.07
21950,0.50589,False,18.35
21951,0.510519,False,18.52
21952,0.500141,False,18.14
21953,0.628535,False,22.8
21954,0.507286,False,18.4
21955,0.565285,False,20.5
21956,0.521519,False,18.92
21957,0.508625,False,18.45
21958,0.522379,False,18.95
21959,0.51718,False,18.76
21960,0.545269,False,19.78
21961,0.546655,False,19.83
21962,0.543515,False,19.71
21963,0.511497,False,18.55
21964,0.537427,False,19.49
21965,0.541709,False,19.65
21966,0.556824,False,20.2
21967,0.540104,False,19.59
21968,0.587991,False,21.33
21969,0.540569,False,19.61
21970,0.665888,False,24.15
21971,0.771214,False,27.97
21972,0.673267,False,24.42
21973,0.554795,False,20.12
21974,0.568849,False,20.63
21975,0.555311,False,20.14
21976,0.620424,False,22.5
21977,0.561704,False,20.37
21978,0.651966,False,23.65
21979,0.551233,False,19.99
21980,0.623758,False,22.63
21981,0.630538,False,22.87
21982,0.578659,False,20.99
21983,0.55009,False,19.95
21984,0.560856,False,20.34
21985,0.597971,False,21.69
21986,0.541829,False,19.65
21987,0.54962,False,19.94
21988,0.550601,False,19.97
21989,0.574344,False,20.83
21990,0.541051,False,19.63
21991,0.626276,False,22.72
21992,0.567934,False,20.6
21993,0.559375,False,20.29
21994,0.594155,False,21.55
21995,0.573709,False,20.81
21996,0.630603,False,22.87
21997,0.555333,False,20.14
21998,0.574796,False,20.85
21999,0.57341,False,20.8
22000,0.546058,False,19.81
22001,0.657461,False,23.85
22002,0.571223,False,20.72
22003,0.574645,False,20.84
22004,0.579562,False,21.02
22005,0.574889,False,20.85
22006,0.558807,False,20.27
22007,0.615998,False,22.34
22008,0.55874,False,20.27
22009,0.576191,False,20.9
22010,0.543505,False,19.71
22011,0.5971,False,21.66
22012,0.548942,False,19.91
22013,0.550577,False,19.97
22014,0.511456,False,18.55
22015,0.554061,False,20.1
22016,0.559438,False,20.29
22017,0.537604,False,19.5
22018,0.540676,False,19.61
22019,0.521518,False,18.92
22020,0.559477,False,20.29
22021,0.529026,False,19.19
22022,0.554475,False,20.11
22023,0.490285,False,17.78
22024,0.486925,False,17.66
22025,0.480423,False,17.43
22026,0.510165,False,18.51
22027,0.497238,False,18.04
22028,0.476792,False,17.29
22029,0.456867,False,16.57
22030,0.461794,False,16.75
22031,0.455317,False,16.52
22032,0.444395,False,16.12
22033,0.459156,False,16.65
22034,0.433683,False,15.73
22035,0.497516,False,18.05
22036,0.428783,False,15.55
22037,0.428422,False,15.54
22038,0.46168,False,16.75
22039,0.538561,False,19.54
22040,0.416278,False,15.1
22041,0.402909,False,14.61
22042,0.400017,False,14.51
22043,0.4115,False,14.93
22044,0.431993,False,15.67
22045,0.381249,False,13.83
22046,0.421027,False,15.27
22047,0.473856,False,17.19
22048,0.47204,False,17.12
22049,0.380677,False,13.81
22050,0.431708,False,15.66
22051,0.366923,False,13.31
22052,0.354709,False,12.87
22053,0.398805,False,14.47
22054,0.370251,False,13.43
22055,0.332244,False,12.05
22056,0.331797,False,12.04
22057,0.352487,False,12.79
22058,0.355701,False,12.9
22059,0.323714,False,11.74
22060,0.325852,False,11.82
22061,0.350846,False,12.73
22062,0.347284,False,12.6
22063,0.350503,False,12.71
22064,0.35626,False,12.92
22065,0.371696,False,13.48
22066,0.353945,False,12.84
22067,0.354583,False,12.86
22068,0.403292,False,14.63
22069,0.377044,False,13.68
22070,0.430835,False,15.63
22071,0.350919,False,12.73
22072,0.405678,False,14.72
22073,0.386289,False,14.01
22074,0.385619,False,13.99
22075,0.416212,False,15.1
22076,0.457707,False,16.6
22077,0.456265,False,16.55
22078,0.531823,False,19.29
22079,0.420595,False,15.26
22080,0.438102,False,15.89
22081,0.442424,False,16.05
22082,0.476504,False,17.28
22083,0.461668,False,16.75
22084,1.298572,True,47.1
22085,0.805252,False,29.21
22086,0.790379,False,28.67
22087,0.807672,False,29.3
22088,0.83094,False,30.14
22089,0.778881,False,28.25
22090,0.772745,False,28.03
22091,0.76439,False,27.73
22092,0.793547,False,28.78
22093,0.811607,False,29.44
22094,0.746752,False,27.09
22095,0.737736,False,26.76
22096,0.751698,False,27.27
22097,0.770786,False,27.96
22098,0.722876,False,26.22
22099,0.713212,False,25.87
22100,0.701038,False,25.43
22101,0.716775,False,26.0
22102,0.692514,False,25.12
22103,0.684735,False,24.84
22104,0.696848,False,25.28
22105,0.674957,False,24.48
22106,0.686126,False,24.89
22107,0.658637,False,23.89
22108,0.699411,False,25.37
22109,0.677933,False,24.59
22110,0.660329,False,23.95
22111,0.676254,False,24.53
22112,0.63579,False,23.06
22113,0.660583,False,23.96
22114,0.629727,False,22.84
22115,0.629619,False,22.84
22116,0.626368,False,22.72
22117,0.637604,False,23.13
22118,0.666508,False,24.18
22119,0.612845,False,22.23
22120,0.665272,False,24.13
22121,0.607392,False,22.03
22122,0.617016,False,22.38
22123,0.63451,False,23.02
22124,0.604317,False,21.92
22125,0.610541,False,22.15
22126,0.635954,False,23.07
22127,0.624364,False,22.65
22128,0.662381,False,24.03
22129,0.618885,False,22.45
22130,0.610827,False,22.16
22131,0.677643,False,24.58
22132,0.611651,False,22.19
22133,0.591134,False,21.44
22134,0.612153,False,22.2
22135,0.577581,False,20.95
22136,0.259244,False,9.4
22137,0.362855,False,13.16
22138,0.250682,False,9.09
22139,0.431591,False,15.66
22140,0.487327,False,17.68
22141,0.398661,False,14.46
22142,0.326072,False,11.83
22143,0.325219,False,11.8
22144,0.310177,False,11.25
22145,0.310958,False,11.28
22146,0.342175,False,12.41
22147,0.307073,False,11.14
22148,0.281964,False,10.23
22149,0.293425,False,10.64
22150,0.534538,False,19.39
22151,0.543186,False,19.7
22152,0.610333,False,22.14
22153,0.525018,False,19.04
22154,0.579467,False,21.02
22155,0.541804,False,19.65
22156,0.481354,False,17.46
22157,0.56026,False,20.32
22158,0.478726,False,17.36
22159,0.507528,False,18.41
22160,0.489166,False,17.74
22161,0.443934,False,16.1
22162,0.568294,False,20.61
22163,0.526979,False,19.12
22164,0.474859,False,17.22
22165,0.51098,False,18.53
22166,0.425719,False,15.44
22167,0.493285,False,17.89
22168,0.409365,False,14.85
22169,0.420608,False,15.26
22170,0.528886,False,19.18
22171,0.403979,False,14.65
22172,0.449287,False,16.3
22173,0.460589,False,16.71
22174,0.544566,False,19.75
22175,0.512549,False,18.59
22176,0.508155,False,18.43
22177,0.426086,False,15.46
22178,0.396724,False,14.39
22179,0.382498,False,13.87
22180,0.402101,False,14.59
22181,0.447431,False,16.23
22182,0.388208,False,14.08
22183,0.395896,False,14.36
22184,0.482213,False,17.49
22185,0.390282,False,14.16
22186,0.367243,False,13.32
22187,0.424923,False,15.41
22188,0.447168,False,16.22
22189,0.414506,False,15.04
22190,0.364582,False,13.22
22191,0.441645,False,16.02
22192,0.37256,False,13.51
22193,1.131993,True,41.06
22194,0.368612,False,13.37
22195,0.458973,False,16.65
22196,0.439174,False,15.93
22197,0.370092,False,13.42
22198,0.426221,False,15.46
22199,0.411922,False,14.94
22200,0.389518,False,14.13
22201,0.379653,False,13.77
22202,0.392767,False,14.25
22203,0.422076,False,15.31
22204,0.449226,False,16.29
22205,0.755606,False,27.41
22206,0.752711,False,27.3
22207,0.769853,False,27.92
22208,0.649742,False,23.57
22209,0.658158,False,23.87
22210,0.620286,False,22.5
22211,0.630995,False,22.89
22212,0.622042,False,22.56
22213,0.63763,False,23.13
22214,0.618337,False,22.43
22215,0.649756,False,23.57
22216,0.673735,False,24.44
22217,0.683241,False,24.78
22218,0.632344,False,22.94
22219,0.652288,False,23.66
22220,0.663193,False,24.06
22221,0.644896,False,23.39
22222,0.64182,False,23.28
22223,0.705713,False,25.6
22224,0.661996,False,24.01
22225,0.742889,False,26.95
22226,0.679658,False,24.65
22227,0.678721,False,24.62
22228,0.690629,False,25.05
22229,0.696682,False,25.27
22230,0.70773,False,25.67
22231,0.713781,False,25.89
22232,0.725973,False,26.33
22233,0.768624,False,27.88
22234,0.740237,False,26.85
22235,0.747453,False,27.11
22236,0.818062,False,29.67
22237,0.797023,False,28.91
22238,0.78531,False,28.49
22239,0.819094,False,29.71
22240,0.59069,False,21.43
22241,0.59325,False,21.52
22242,0.625162,False,22.68
22243,0.531979,False,19.3
22244,0.52807,False,19.15
22245,0.671489,False,24.36
22246,0.502188,False,18.22
22247,0.566712,False,20.56
22248,0.487181,False,17.67
22249,0.481861,False,17.48
22250,0.485968,False,17.63
22251,0.528222,False,19.16
22252,0.526619,False,19.1
22253,0.537323,False,19.49
22254,0.55582,False,20.16
22255,0.486875,False,17.66
22256,0.504069,False,18.28
22257,0.477508,False,17.32
22258,0.483484,False,17.54
22259,0.520799,False,18.89
22260,0.536942,False,19.48
22261,0.584406,False,21.2
22262,0.51577,False,18.71
22263,0.491635,False,17.83
22264,0.842458,False,30.56
22265,0.938337,True,34.04
22266,0.948123,True,34.39
22267,0.79643,False,28.89
22268,0.784009,False,28.44
22269,0.788447,False,28.6
22270,0.780352,False,28.31
22271,0.768069,False,27.86
22272,0.770933,False,27.96
22273,0.770914,False,27.96
22274,0.764567,False,27.73
22275,0.76205,False,27.64
22276,0.752318,False,27.29
22277,0.748458,False,27.15
22278,0.768935,False,27.89
22279,0.768036,False,27.86
22280,0.800226,False,29.03
22281,0.761453,False,27.62
22282,0.730432,False,26.49
22283,0.73098,False,26.51
22284,0.760713,False,27.59
22285,0.738804,False,26.8
22286,0.72751,False,26.39
22287,0.782326,False,28.38
22288,0.736297,False,26.71
22289,0.721665,False,26.18
22290,0.738015,False,26.77
22291,0.733199,False,26.6
22292,0.73432,False,26.64
22293,0.822102,False,29.82
22294,0.766308,False,27.8
22295,0.738481,False,26.79
22296,0.728193,False,26.41
22297,0.735454,False,26.68
22298,0.723225,False,26.23
22299,0.760263,False,27.58
22300,0.771129,False,27.97
22301,0.726727,False,26.36
22302,0.740327,False,26.85
22303,1.443541,True,52.36
22304,0.815274,False,29.57
22305,0.803921,False,29.16
22306,0.915719,False,33.22
22307,0.718398,False,26.06
22308,0.675667,False,24.51
22309,0.665959,False,24.16
22310,0.671251,False,24.35
22311,0.683979,False,24.81
22312,0.646635,False,23.46
22313,0.670361,False,24.32
22314,0.670799,False,24.33
22315,0.653145,False,23.69
22316,0.660685,False,23.96
22317,0.654387,False,23.74
22318,0.638977,False,23.18
22319,0.649805,False,23.57
22320,0.63905,False,23.18
22321,0.64515,False,23.4
22322,0.666552,False,24.18
22323,0.634566,False,23.02
22324,0.599944,False,21.76
22325,0.663655,False,24.07
22326,0.603485,False,21.89
22327,0.607712,False,22.04
22328,0.626942,False,22.74
22329,0.639917,False,23.21
22330,0.589302,False,21.38
22331,0.647471,False,23.49
22332,0.612092,False,22.2
22333,0.590167,False,21.41
22334,0.612725,False,22.23
22335,0.613765,False,22.26
22336,0.617184,False,22.39
22337,0.579298,False,21.01
22338,0.581845,False,21.11
22339,0.58483,False,21.21
22340,0.611641,False,22.19
22341,0.657151,False,23.84
22342,0.600018,False,21.76
22343,0.648748,False,23.53
22344,0.659676,False,23.93
22345,0.661381,False,23.99
22346,0.62257,False,22.58
22347,0.669198,False,24.27
22348,0.731515,False,26.53
22349,0.705127,False,25.58
22350,0.652771,False,23.68
22351,0.649347,False,23.55
22352,0.747298,False,27.11
22353,0.796129,False,28.88
22354,0.711182,False,25.8
22355,0.7185,False,26.06
22356,0.765902,False,27.78
22357,0.721853,False,26.18
22358,0.698299,False,25.33
22359,0.768107,False,27.86
22360,0.73951,False,26.82
22361,0.71998,False,26.12
22362,0.733796,False,26.62
22363,0.735083,False,26.66
